Date,ticker,Close
2022-12-30,ADRO,1361.3519287109375
2023-01-02,ADRO,1358.05322265625
2023-01-03,ADRO,1331.572998046875
2023-01-04,ADRO,1248.349853515625
2023-01-05,ADRO,1172.6922607421875
2023-01-06,ADRO,1187.8236083984375
2023-01-09,ADRO,1146.212158203125
2023-01-10,ADRO,1187.8236083984375
2023-01-11,ADRO,1202.9552001953125
2023-01-12,ADRO,1168.909423828125
2023-01-13,ADRO,1187.8236083984375
2023-01-16,ADRO,1172.6922607421875
2023-01-17,ADRO,1187.8236083984375
2023-01-18,ADRO,1199.17236328125
2023-01-19,ADRO,1221.86962890625
2023-01-20,ADRO,1225.652587890625
2023-01-24,ADRO,1210.52099609375
2023-01-25,ADRO,1184.0408935546875
2023-01-26,ADRO,1138.646484375
2023-01-27,ADRO,1157.5606689453125
2023-01-30,ADRO,1138.646484375
2023-01-31,ADRO,1119.7320556640625
2023-02-01,ADRO,1115.94921875
2023-02-02,ADRO,1085.68603515625
2023-02-03,ADRO,1044.0743408203125
2023-02-06,ADRO,1051.6402587890625
2023-02-07,ADRO,1093.251953125
2023-02-08,ADRO,1104.6004638671875
2023-02-09,ADRO,1074.33740234375
2023-02-10,ADRO,1036.5086669921875
2023-02-13,ADRO,1051.6402587890625
2023-02-14,ADRO,1070.5546875
2023-02-15,ADRO,1115.94921875
2023-02-16,ADRO,1104.6004638671875
2023-02-17,ADRO,1089.4688720703125
2023-02-20,ADRO,1097.03466796875
2023-02-21,ADRO,1066.7716064453125
2023-02-22,ADRO,1078.1202392578125
2023-02-23,ADRO,1097.03466796875
2023-02-24,ADRO,1093.251953125
2023-02-27,ADRO,1115.94921875
2023-02-28,ADRO,1131.0806884765625
2023-03-01,ADRO,1131.0806884765625
2023-03-02,ADRO,1131.0806884765625
2023-03-03,ADRO,1142.42919921875
2023-03-06,ADRO,1100.8175048828125
2023-03-07,ADRO,1081.9031982421875
2023-03-08,ADRO,1104.6004638671875
2023-03-09,ADRO,1097.03466796875
2023-03-10,ADRO,1081.9031982421875
2023-03-13,ADRO,1097.03466796875
2023-03-14,ADRO,1047.8575439453125
2023-03-15,ADRO,1040.2916259765625
2023-03-16,ADRO,998.6799926757812
2023-03-17,ADRO,1051.6402587890625
2023-03-20,ADRO,1028.9429931640625
2023-03-21,ADRO,1032.7257080078125
2023-03-24,ADRO,1013.811279296875
2023-03-27,ADRO,1013.811279296875
2023-03-28,ADRO,1047.8575439453125
2023-03-29,ADRO,1089.4688720703125
2023-03-30,ADRO,1085.68603515625
2023-03-31,ADRO,1097.03466796875
2023-04-03,ADRO,1112.166259765625
2023-04-04,ADRO,1153.7779541015625
2023-04-05,ADRO,1157.5606689453125
2023-04-06,ADRO,1142.42919921875
2023-04-10,ADRO,1131.0806884765625
2023-04-11,ADRO,1153.7779541015625
2023-04-12,ADRO,1119.7320556640625
2023-04-13,ADRO,1119.7320556640625
2023-04-14,ADRO,1104.6004638671875
2023-04-17,ADRO,1081.9031982421875
2023-04-18,ADRO,1134.8636474609375
2023-04-26,ADRO,1172.6922607421875
2023-04-27,ADRO,1165.12646484375
2023-04-28,ADRO,1184.0408935546875
2023-05-02,ADRO,1127.2978515625
2023-05-03,ADRO,1112.166259765625
2023-05-04,ADRO,1104.6004638671875
2023-05-05,ADRO,1055.4229736328125
2023-05-08,ADRO,1085.68603515625
2023-05-09,ADRO,1093.251953125
2023-05-10,ADRO,1112.166259765625
2023-05-11,ADRO,1059.205810546875
2023-05-12,ADRO,1044.0743408203125
2023-05-15,ADRO,1006.2456665039062
2023-05-16,ADRO,1010.0285034179688
2023-05-17,ADRO,960.8510131835938
2023-05-19,ADRO,911.6737670898438
2023-05-22,ADRO,930.588134765625
2023-05-23,ADRO,960.268310546875
2023-05-24,ADRO,943.4949951171875
2023-05-25,ADRO,888.9820556640625
2023-05-26,ADRO,876.4020385742188
2023-05-29,ADRO,868.0153198242188
2023-05-30,ADRO,884.7886962890625
2023-05-31,ADRO,855.4354858398438
2023-06-05,ADRO,880.5953979492188
2023-06-06,ADRO,930.9151000976562
2023-06-07,ADRO,909.9486083984375
2023-06-08,ADRO,922.528564453125
2023-06-09,ADRO,918.335205078125
2023-06-12,ADRO,926.7218017578125
2023-06-13,ADRO,926.7218017578125
2023-06-14,ADRO,943.4949951171875
2023-06-15,ADRO,964.4615478515625
2023-06-16,ADRO,972.84814453125
2023-06-19,ADRO,947.6882934570312
2023-06-20,ADRO,951.8817749023438
2023-06-21,ADRO,947.6882934570312
2023-06-22,ADRO,947.6882934570312
2023-06-23,ADRO,935.1084594726562
2023-06-26,ADRO,926.7218017578125
2023-06-27,ADRO,935.1084594726562
2023-07-03,ADRO,977.04150390625
2023-07-04,ADRO,981.2348022460938
2023-07-05,ADRO,1014.7813720703125
2023-07-06,ADRO,1027.3614501953125
2023-07-07,ADRO,998.0081176757812
2023-07-10,ADRO,1014.7813720703125
2023-07-11,ADRO,1018.9747314453125
2023-07-12,ADRO,993.8148803710938
2023-07-13,ADRO,972.84814453125
2023-07-14,ADRO,989.6215209960938
2023-07-17,ADRO,998.0081176757812
2023-07-18,ADRO,977.04150390625
2023-07-20,ADRO,993.8148803710938
2023-07-21,ADRO,1014.7813720703125
2023-07-24,ADRO,1035.747802734375
2023-07-25,ADRO,1018.9747314453125
2023-07-26,ADRO,1048.327880859375
2023-07-27,ADRO,1027.3614501953125
2023-07-28,ADRO,1035.747802734375
2023-07-31,ADRO,1010.5880126953125
2023-08-01,ADRO,1002.2013549804688
2023-08-02,ADRO,993.8148803710938
2023-08-03,ADRO,989.6215209960938
2023-08-04,ADRO,1006.3946533203125
2023-08-07,ADRO,998.0081176757812
2023-08-08,ADRO,993.8148803710938
2023-08-09,ADRO,1006.3946533203125
2023-08-10,ADRO,1010.5880126953125
2023-08-11,ADRO,985.4281616210938
2023-08-14,ADRO,1002.2013549804688
2023-08-15,ADRO,1052.5211181640625
2023-08-16,ADRO,1056.714599609375
2023-08-18,ADRO,1065.10107421875
2023-08-21,ADRO,1098.6475830078125
2023-08-22,ADRO,1132.1939697265625
2023-08-23,ADRO,1132.1939697265625
2023-08-24,ADRO,1119.6141357421875
2023-08-25,ADRO,1086.067626953125
2023-08-28,ADRO,1123.807373046875
2023-08-29,ADRO,1123.807373046875
2023-08-30,ADRO,1128.000732421875
2023-08-31,ADRO,1119.6141357421875
2023-09-01,ADRO,1123.807373046875
2023-09-04,ADRO,1148.9674072265625
2023-09-05,ADRO,1148.9674072265625
2023-09-06,ADRO,1203.4803466796875
2023-09-07,ADRO,1207.6737060546875
2023-09-08,ADRO,1211.866943359375
2023-09-11,ADRO,1174.127197265625
2023-09-12,ADRO,1178.3204345703125
2023-09-13,ADRO,1199.287109375
2023-09-14,ADRO,1220.253662109375
2023-09-15,ADRO,1190.900390625
2023-09-18,ADRO,1190.900390625
2023-09-19,ADRO,1216.0604248046875
2023-09-20,ADRO,1241.22021484375
2023-09-21,ADRO,1237.02685546875
2023-09-22,ADRO,1237.02685546875
2023-09-25,ADRO,1237.02685546875
2023-09-26,ADRO,1161.5472412109375
2023-09-27,ADRO,1203.4803466796875
2023-09-29,ADRO,1195.0936279296875
2023-10-02,ADRO,1178.3204345703125
2023-10-03,ADRO,1128.000732421875
2023-10-04,ADRO,1115.4208984375
2023-10-05,ADRO,1094.454345703125
2023-10-06,ADRO,1111.2276611328125
2023-10-09,ADRO,1161.5472412109375
2023-10-10,ADRO,1165.740478515625
2023-10-11,ADRO,1157.3538818359375
2023-10-12,ADRO,1128.000732421875
2023-10-13,ADRO,1136.3873291015625
2023-10-16,ADRO,1165.740478515625
2023-10-17,ADRO,1161.5472412109375
2023-10-18,ADRO,1190.900390625
2023-10-19,ADRO,1182.513916015625
2023-10-20,ADRO,1174.127197265625
2023-10-23,ADRO,1115.4208984375
2023-10-24,ADRO,1115.4208984375
2023-10-25,ADRO,1119.6141357421875
2023-10-26,ADRO,1111.2276611328125
2023-10-27,ADRO,1107.0341796875
2023-10-30,ADRO,1065.10107421875
2023-10-31,ADRO,1073.4876708984375
2023-11-01,ADRO,1010.5880126953125
2023-11-02,ADRO,1002.2013549804688
2023-11-03,ADRO,1044.134521484375
2023-11-06,ADRO,1060.9078369140625
2023-11-07,ADRO,1035.747802734375
2023-11-08,ADRO,1023.1680297851562
2023-11-09,ADRO,1027.3614501953125
2023-11-10,ADRO,1039.941162109375
2023-11-13,ADRO,1039.941162109375
2023-11-14,ADRO,1039.941162109375
2023-11-15,ADRO,1052.5211181640625
2023-11-16,ADRO,1060.9078369140625
2023-11-17,ADRO,1065.10107421875
2023-11-20,ADRO,1069.2943115234375
2023-11-21,ADRO,1094.454345703125
2023-11-22,ADRO,1086.067626953125
2023-11-23,ADRO,1069.2943115234375
2023-11-24,ADRO,1065.10107421875
2023-11-27,ADRO,1069.2943115234375
2023-11-28,ADRO,1081.8743896484375
2023-11-29,ADRO,1081.8743896484375
2023-11-30,ADRO,1098.6475830078125
2023-12-01,ADRO,1073.4876708984375
2023-12-04,ADRO,1073.4876708984375
2023-12-05,ADRO,1052.5211181640625
2023-12-06,ADRO,1060.9078369140625
2023-12-07,ADRO,1060.9078369140625
2023-12-08,ADRO,1073.4876708984375
2023-12-11,ADRO,1073.4876708984375
2023-12-12,ADRO,1069.2943115234375
2023-12-13,ADRO,1027.3614501953125
2023-12-14,ADRO,1044.134521484375
2023-12-15,ADRO,1056.714599609375
2023-12-18,ADRO,1052.5211181640625
2023-12-19,ADRO,1090.260986328125
2023-12-20,ADRO,1081.8743896484375
2023-12-21,ADRO,1090.260986328125
2023-12-22,ADRO,1086.067626953125
2023-12-27,ADRO,1086.067626953125
2023-12-28,ADRO,1081.8743896484375
2023-12-29,ADRO,1081.8651123046875
2024-01-02,ADRO,1131.867431640625
2024-01-03,ADRO,1095.502197265625
2024-01-04,ADRO,1118.23046875
2024-01-05,ADRO,1109.13916015625
2024-01-08,ADRO,1109.13916015625
2024-01-09,ADRO,1104.593505859375
2024-01-10,ADRO,1118.23046875
2024-01-11,ADRO,1113.684814453125
2024-01-12,ADRO,1127.32177734375
2024-01-15,ADRO,1140.9586181640625
2024-01-16,ADRO,1136.4130859375
2024-01-17,ADRO,1131.867431640625
2024-01-18,ADRO,1118.23046875
2024-01-19,ADRO,1104.593505859375
2024-01-22,ADRO,1090.95654296875
2024-01-23,ADRO,1068.228271484375
2024-01-24,ADRO,1063.6826171875
2024-01-25,ADRO,1072.77392578125
2024-01-26,ADRO,1081.8651123046875
2024-01-29,ADRO,1090.95654296875
2024-01-30,ADRO,1086.410888671875
2024-01-31,ADRO,1090.95654296875
2024-02-01,ADRO,1100.0478515625
2024-02-02,ADRO,1100.0478515625
2024-02-05,ADRO,1104.593505859375
2024-02-06,ADRO,1118.23046875
2024-02-07,ADRO,1118.23046875
2024-02-12,ADRO,1122.7760009765625
2024-02-13,ADRO,1127.32177734375
2024-02-15,ADRO,1140.9586181640625
2024-02-16,ADRO,1145.50439453125
2024-02-19,ADRO,1104.593505859375
2024-02-20,ADRO,1104.593505859375
2024-02-21,ADRO,1100.0478515625
2024-02-22,ADRO,1109.13916015625
2024-02-23,ADRO,1100.0478515625
2024-02-26,ADRO,1077.319580078125
2024-02-27,ADRO,1081.8651123046875
2024-02-28,ADRO,1090.95654296875
2024-02-29,ADRO,1100.0478515625
2024-03-01,ADRO,1131.867431640625
2024-03-04,ADRO,1154.595703125
2024-03-05,ADRO,1195.5064697265625
2024-03-06,ADRO,1213.689208984375
2024-03-07,ADRO,1227.3260498046875
2024-03-08,ADRO,1213.689208984375
2024-03-13,ADRO,1181.86962890625
2024-03-14,ADRO,1213.689208984375
2024-03-15,ADRO,1209.1434326171875
2024-03-18,ADRO,1195.5064697265625
2024-03-19,ADRO,1195.5064697265625
2024-03-20,ADRO,1204.597900390625
2024-03-21,ADRO,1204.597900390625
2024-03-22,ADRO,1204.597900390625
2024-03-25,ADRO,1213.689208984375
2024-03-26,ADRO,1245.5087890625
2024-03-27,ADRO,1236.417236328125
2024-03-28,ADRO,1227.3260498046875
2024-04-01,ADRO,1200.0521240234375
2024-04-02,ADRO,1222.780517578125
2024-04-03,ADRO,1218.2347412109375
2024-04-04,ADRO,1222.780517578125
2024-04-05,ADRO,1227.3260498046875
2024-04-16,ADRO,1277.3282470703125
2024-04-17,ADRO,1250.054443359375
2024-04-18,ADRO,1240.963134765625
2024-04-19,ADRO,1254.599853515625
2024-04-22,ADRO,1250.054443359375
2024-04-23,ADRO,1250.054443359375
2024-04-24,ADRO,1218.2347412109375
2024-04-25,ADRO,1190.9609375
2024-04-26,ADRO,1181.86962890625
2024-04-29,ADRO,1213.689208984375
2024-04-30,ADRO,1231.8717041015625
2024-05-02,ADRO,1240.963134765625
2024-05-03,ADRO,1240.963134765625
2024-05-06,ADRO,1295.5107421875
2024-05-07,ADRO,1277.3282470703125
2024-05-08,ADRO,1304.6021728515625
2024-05-13,ADRO,1340.9674072265625
2024-05-14,ADRO,1309.14794921875
2024-05-15,ADRO,1286.419677734375
2024-05-16,ADRO,1309.14794921875
2024-05-17,ADRO,1309.14794921875
2024-05-20,ADRO,1322.7847900390625
2024-05-21,ADRO,1309.14794921875
2024-05-22,ADRO,1327.3304443359375
2024-05-27,ADRO,1304.6021728515625
2024-05-28,ADRO,1318.9736328125
2024-05-29,ADRO,1314.0704345703125
2024-05-30,ADRO,1343.4898681640625
2024-05-31,ADRO,1358.19970703125
2024-06-03,ADRO,1436.651611328125
2024-06-04,ADRO,1431.748291015625
2024-06-05,ADRO,1407.23193359375
2024-06-06,ADRO,1397.425537109375
2024-06-07,ADRO,1392.5223388671875
2024-06-10,ADRO,1348.39306640625
2024-06-11,ADRO,1333.6832275390625
2024-06-12,ADRO,1368.006103515625
2024-06-13,ADRO,1363.1029052734375
2024-06-14,ADRO,1363.1029052734375
2024-06-19,ADRO,1304.2637939453125
2024-06-20,ADRO,1338.58642578125
2024-06-21,ADRO,1338.58642578125
2024-06-24,ADRO,1333.6832275390625
2024-06-25,ADRO,1328.7801513671875
2024-06-26,ADRO,1348.39306640625
2024-06-27,ADRO,1348.39306640625
2024-06-28,ADRO,1368.006103515625
2024-07-01,ADRO,1372.9093017578125
2024-07-02,ADRO,1392.5223388671875
2024-07-03,ADRO,1417.03857421875
2024-07-04,ADRO,1402.3287353515625
2024-07-05,ADRO,1426.84521484375
2024-07-08,ADRO,1421.9417724609375
2024-07-09,ADRO,1421.9417724609375
2024-07-10,ADRO,1421.9417724609375
2024-07-11,ADRO,1402.3287353515625
2024-07-12,ADRO,1387.619140625
2024-07-15,ADRO,1407.23193359375
2024-07-16,ADRO,1407.23193359375
2024-07-17,ADRO,1421.9417724609375
2024-07-18,ADRO,1485.68408203125
2024-07-19,ADRO,1520.0067138671875
2024-07-22,ADRO,1564.135986328125
2024-07-23,ADRO,1534.7164306640625
2024-07-24,ADRO,1554.32958984375
2024-07-25,ADRO,1534.7164306640625
2024-07-26,ADRO,1559.2327880859375
2024-07-29,ADRO,1559.2327880859375
2024-07-30,ADRO,1583.7490234375
2024-07-31,ADRO,1578.8458251953125
2024-08-01,ADRO,1593.5555419921875
2024-08-02,ADRO,1627.878173828125
2024-08-05,ADRO,1515.103515625
2024-08-06,ADRO,1559.2327880859375
2024-08-07,ADRO,1583.7490234375
2024-08-08,ADRO,1564.135986328125
2024-08-09,ADRO,1559.2327880859375
2024-08-12,ADRO,1588.6522216796875
2024-08-13,ADRO,1583.7490234375
2024-08-14,ADRO,1578.8458251953125
2024-08-15,ADRO,1573.9425048828125
2024-08-16,ADRO,1608.2652587890625
2024-08-19,ADRO,1608.2652587890625
2024-08-20,ADRO,1603.362060546875
2024-08-21,ADRO,1598.458740234375
2024-08-22,ADRO,1647.4913330078125
2024-08-23,ADRO,1701.4268798828125
2024-08-26,ADRO,1711.2335205078125
2024-08-27,ADRO,1725.9432373046875
2024-08-28,ADRO,1730.846435546875
2024-08-29,ADRO,1725.9432373046875
2024-08-30,ADRO,1745.55615234375
2024-09-02,ADRO,1770.072509765625
2024-09-03,ADRO,1765.169189453125
2024-09-04,ADRO,1745.55615234375
2024-09-05,ADRO,1740.6529541015625
2024-09-06,ADRO,1701.4268798828125
2024-09-09,ADRO,1711.2335205078125
2024-09-10,ADRO,1711.2335205078125
2024-09-11,ADRO,1725.9432373046875
2024-09-12,ADRO,1887.75048828125
2024-09-13,ADRO,1799.491943359375
2024-09-17,ADRO,1843.62109375
2024-09-18,ADRO,1789.685302734375
2024-09-19,ADRO,1794.588623046875
2024-09-20,ADRO,1809.29833984375
2024-09-23,ADRO,1814.20166015625
2024-09-24,ADRO,1833.814453125
2024-09-25,ADRO,1809.29833984375
2024-09-26,ADRO,1853.4276123046875
2024-09-27,ADRO,1917.169921875
2024-09-30,ADRO,1868.1373291015625
2024-10-01,ADRO,1922.0731201171875
2024-10-02,ADRO,1897.5565185546875
2024-10-03,ADRO,1877.9437255859375
2024-10-04,ADRO,1868.1373291015625
2024-10-07,ADRO,1907.3631591796875
2024-10-08,ADRO,1863.2340087890625
2024-10-09,ADRO,1873.0406494140625
2024-10-10,ADRO,1873.0406494140625
2024-10-11,ADRO,1897.5565185546875
2024-10-14,ADRO,1897.5565185546875
2024-10-15,ADRO,1902.460205078125
2024-10-16,ADRO,1887.75048828125
2024-10-17,ADRO,1912.266357421875
2024-10-18,ADRO,1853.4276123046875
2024-10-21,ADRO,1833.814453125
2024-10-22,ADRO,1828.9114990234375
2024-10-23,ADRO,1809.29833984375
2024-10-24,ADRO,1804.39501953125
2024-10-25,ADRO,1794.588623046875
2024-10-28,ADRO,1804.39501953125
2024-10-29,ADRO,1779.8790283203125
2024-10-30,ADRO,1784.7822265625
2024-10-31,ADRO,1774.9755859375
2024-11-01,ADRO,1858.3309326171875
2024-11-04,ADRO,1926.976318359375
2024-11-05,ADRO,1980.912109375
2024-11-06,ADRO,1966.2021484375
2024-11-07,ADRO,1922.0731201171875
2024-11-08,ADRO,1877.9437255859375
2024-11-11,ADRO,1833.814453125
2024-11-12,ADRO,1873.0406494140625
2024-11-13,ADRO,1922.0731201171875
2024-11-14,ADRO,1877.9437255859375
2024-11-15,ADRO,1922.0731201171875
2024-11-18,ADRO,1814.20166015625
2024-11-19,ADRO,1819.1048583984375
2024-11-20,ADRO,1809.29833984375
2024-11-21,ADRO,1804.39501953125
2024-11-22,ADRO,1838.7177734375
2024-11-25,ADRO,1848.5244140625
2024-11-26,ADRO,1799.491943359375
2024-11-28,ADRO,2148.349609375
2024-11-29,ADRO,1619.0460205078125
2024-12-02,ADRO,1798.0751953125
2024-12-03,ADRO,1836.99462890625
2024-12-04,ADRO,1836.99462890625
2024-12-05,ADRO,1821.4267578125
2024-12-06,ADRO,1790.2911376953125
2024-12-09,ADRO,2086.07861328125
2024-12-10,ADRO,2124.998291015625
2024-12-11,ADRO,2031.591552734375
2024-12-12,ADRO,1969.320556640625
2024-12-13,ADRO,2008.239990234375
2024-12-16,ADRO,2023.8076171875
2024-12-17,ADRO,1953.752685546875
2024-12-18,ADRO,2016.023681640625
2024-12-19,ADRO,1977.1044921875
2024-12-20,ADRO,1984.88818359375
2024-12-23,ADRO,1977.1044921875
2024-12-24,ADRO,1953.752685546875
2024-12-27,ADRO,1977.1044921875
2024-12-30,ADRO,1974.2445068359375
2025-01-02,ADRO,2055.489013671875
2025-01-03,ADRO,1998.617919921875
2025-01-06,ADRO,1933.622314453125
2025-01-07,ADRO,2006.7425537109375
2025-01-08,ADRO,1949.871337890625
2025-01-09,ADRO,1901.124267578125
2025-01-10,ADRO,1884.8753662109375
2025-01-13,ADRO,1909.2489013671875
2025-01-14,ADRO,1917.373291015625
2025-01-15,ADRO,1949.871337890625
2025-01-16,ADRO,1957.9954833984375
2025-01-17,ADRO,1949.871337890625
2025-01-20,ADRO,1909.2489013671875
2025-01-21,ADRO,1876.7509765625
2025-01-22,ADRO,1884.8753662109375
2025-01-23,ADRO,1901.124267578125
2025-01-24,ADRO,1868.6263427734375
2025-01-30,ADRO,1868.6263427734375
2025-01-31,ADRO,1893.0
2025-02-03,ADRO,1876.7509765625
2025-02-04,ADRO,1893.0
2025-02-05,ADRO,1917.373291015625
2025-02-06,ADRO,1860.5020751953125
2025-02-07,ADRO,1844.2530517578125
2025-02-10,ADRO,1795.50634765625
2025-02-11,ADRO,1746.759521484375
2025-02-12,ADRO,1819.8797607421875
2025-02-13,ADRO,1795.50634765625
2025-02-14,ADRO,1819.8797607421875
2025-02-17,ADRO,1852.377685546875
2025-02-18,ADRO,1836.128662109375
2025-02-19,ADRO,1828.004150390625
2025-02-20,ADRO,1787.3818359375
2025-02-21,ADRO,1771.1329345703125
2025-02-24,ADRO,1779.2574462890625
2025-02-25,ADRO,1706.1373291015625
2025-02-26,ADRO,1714.26171875
2025-02-27,ADRO,1681.763916015625
2025-02-28,ADRO,1681.763916015625
2025-03-03,ADRO,1665.5150146484375
2025-03-04,ADRO,1551.7724609375
2025-03-05,ADRO,1543.6480712890625
2025-03-06,ADRO,1665.5150146484375
2025-03-07,ADRO,1624.8927001953125
2025-03-10,ADRO,1555.8345947265625
2025-03-11,ADRO,1503.0257568359375
2025-03-12,ADRO,1503.0257568359375
2025-03-13,ADRO,1515.2122802734375
2025-03-14,ADRO,1470.52783203125
2025-03-17,ADRO,1474.590087890625
2025-03-18,ADRO,1458.3411865234375
2025-03-19,ADRO,1462.4034423828125
2025-03-20,ADRO,1462.4034423828125
2025-03-21,ADRO,1462.4034423828125
2025-03-24,ADRO,1421.781005859375
2025-03-25,ADRO,1417.7188720703125
2025-03-26,ADRO,1494.9012451171875
2025-03-27,ADRO,1498.96337890625
2025-04-08,ADRO,1336.47412109375
2025-04-09,ADRO,1340.536376953125
2025-04-10,ADRO,1381.15869140625
2025-04-11,ADRO,1393.345458984375
2025-04-14,ADRO,1433.9678955078125
2025-04-15,ADRO,1462.4034423828125
2025-04-16,ADRO,1462.4034423828125
2025-04-17,ADRO,1462.4034423828125
2025-04-21,ADRO,1466.4656982421875
2025-04-22,ADRO,1527.3990478515625
2025-04-23,ADRO,1503.0257568359375
2025-04-24,ADRO,1523.3367919921875
2025-04-25,ADRO,1527.3990478515625
2025-04-28,ADRO,1543.6480712890625
2025-04-29,ADRO,1543.6480712890625
2025-04-30,ADRO,1543.6480712890625
2025-05-02,ADRO,1531.4613037109375
2025-05-05,ADRO,1511.150146484375
2025-05-06,ADRO,1523.3367919921875
2025-05-07,ADRO,1543.6480712890625
2025-05-08,ADRO,1539.5858154296875
2025-05-09,ADRO,1507.087890625
2025-05-14,ADRO,1555.8345947265625
2025-05-15,ADRO,1555.8345947265625
2025-05-16,ADRO,1746.759521484375
2025-05-19,ADRO,1884.8753662109375
2025-05-20,ADRO,1795.50634765625
2025-05-21,ADRO,1754.884033203125
2025-05-22,ADRO,1746.759521484375
2025-05-23,ADRO,1706.1373291015625
2025-05-26,ADRO,1698.0128173828125
2025-05-27,ADRO,1860.5020751953125
2025-05-28,ADRO,1787.3818359375
2025-06-02,ADRO,1730.5106201171875
2025-06-03,ADRO,1706.1373291015625
2025-06-04,ADRO,1706.1373291015625
2025-06-05,ADRO,1722.38623046875
2025-06-10,ADRO,1714.26171875
2025-06-11,ADRO,1722.38623046875
2025-06-12,ADRO,1722.38623046875
2025-06-13,ADRO,1759.1474609375
2025-06-16,ADRO,1763.556396484375
2025-06-17,ADRO,1763.556396484375
2025-06-18,ADRO,1754.7386474609375
2025-06-19,ADRO,1697.4229736328125
2025-06-20,ADRO,1640.107421875
2025-06-23,ADRO,1587.2008056640625
2025-06-24,ADRO,1600.4273681640625
2025-06-25,ADRO,1573.9739990234375
2025-06-26,ADRO,1578.3829345703125
2025-06-30,ADRO,1613.6541748046875
2025-07-01,ADRO,1613.6541748046875
2025-07-02,ADRO,1565.15625
2025-07-03,ADRO,1551.9296875
2025-07-04,ADRO,1547.520751953125
2025-07-07,ADRO,1534.2940673828125
2025-07-08,ADRO,1538.7030029296875
2025-07-09,ADRO,1534.2940673828125
2025-07-10,ADRO,1622.471923828125
2025-07-11,ADRO,1648.92529296875
2025-07-14,ADRO,1609.2451171875
2025-07-15,ADRO,1600.4273681640625
2025-07-16,ADRO,1622.471923828125
2025-07-17,ADRO,1613.6541748046875
2025-07-18,ADRO,1618.06298828125
2025-07-21,ADRO,1662.15185546875
2025-07-22,ADRO,1732.6942138671875
2025-07-23,ADRO,1781.19189453125
2025-07-24,ADRO,1741.511962890625
2025-07-25,ADRO,1688.605224609375
2025-07-28,ADRO,1697.4229736328125
2025-07-29,ADRO,1693.01416015625
2025-07-30,ADRO,1675.378662109375
2025-07-31,ADRO,1631.2896728515625
2025-08-01,ADRO,1644.516357421875
2025-08-04,ADRO,1675.378662109375
2025-08-05,ADRO,1644.516357421875
2025-08-06,ADRO,1640.107421875
2025-08-07,ADRO,1648.92529296875
2025-08-08,ADRO,1578.3829345703125
2025-08-11,ADRO,1596.0185546875
2025-08-12,ADRO,1640.107421875
2025-08-13,ADRO,1613.6541748046875
2025-08-14,ADRO,1622.471923828125
2025-08-15,ADRO,1596.0185546875
2025-08-19,ADRO,1587.2008056640625
2025-08-20,ADRO,1596.0185546875
2025-08-21,ADRO,1569.565185546875
2025-08-22,ADRO,1565.15625
2025-08-25,ADRO,1534.2940673828125
2025-08-26,ADRO,1529.88525390625
2025-08-27,ADRO,1591.609619140625
2025-08-28,ADRO,1560.7474365234375
2025-08-29,ADRO,1547.520751953125
2025-09-01,ADRO,1516.658447265625
2025-09-02,ADRO,1516.658447265625
2025-09-03,ADRO,1525.476318359375
2025-09-04,ADRO,1551.9296875
2025-09-08,ADRO,1516.658447265625
2025-09-09,ADRO,1485.7962646484375
2025-09-10,ADRO,1485.7962646484375
2025-09-11,ADRO,1481.3873291015625
2025-09-12,ADRO,1472.569580078125
2025-09-15,ADRO,1481.3873291015625
2025-09-16,ADRO,1454.9339599609375
2025-09-17,ADRO,1476.978515625
2025-09-18,ADRO,1446.1162109375
2025-09-19,ADRO,1468.1607666015625
2025-09-22,ADRO,1463.7518310546875
2025-09-23,ADRO,1551.9296875
2025-09-24,ADRO,1525.476318359375
2025-09-25,ADRO,1521.0675048828125
2025-09-26,ADRO,1499.02294921875
2025-09-29,ADRO,1521.0675048828125
2025-09-30,ADRO,1490.2052001953125
2025-10-01,ADRO,1472.569580078125
2025-10-02,ADRO,1472.569580078125
2025-10-03,ADRO,1463.7518310546875
2025-10-06,ADRO,1459.3428955078125
2025-10-07,ADRO,1454.9339599609375
2025-10-08,ADRO,1631.2896728515625
2025-10-09,ADRO,1525.476318359375
2025-10-10,ADRO,1543.11181640625
2025-10-13,ADRO,1521.0675048828125
2025-10-14,ADRO,1503.431884765625
2025-10-15,ADRO,1481.3873291015625
2025-10-16,ADRO,1476.978515625
2025-10-17,ADRO,1454.9339599609375
2025-10-20,ADRO,1494.6141357421875
2025-10-21,ADRO,1591.609619140625
2025-10-22,ADRO,1565.15625
2025-10-23,ADRO,1578.3829345703125
2025-10-24,ADRO,1551.9296875
2025-10-27,ADRO,1573.9739990234375
2025-10-28,ADRO,1573.9739990234375
2025-10-29,ADRO,1706.2408447265625
2025-10-30,ADRO,1745.9208984375
2025-10-31,ADRO,1662.15185546875
2025-11-03,ADRO,1710.6497802734375
2025-11-04,ADRO,1679.7874755859375
2025-11-05,ADRO,1666.560791015625
2025-11-06,ADRO,1693.01416015625
2025-11-07,ADRO,1715.05859375
2025-11-10,ADRO,1728.2852783203125
2025-11-11,ADRO,1719.467529296875
2025-11-12,ADRO,1732.6942138671875
2025-11-13,ADRO,1701.83203125
2025-11-14,ADRO,1657.7430419921875
2025-11-17,ADRO,1684.1964111328125
2025-11-18,ADRO,1657.7430419921875
2025-11-19,ADRO,1693.01416015625
2025-11-20,ADRO,1679.7874755859375
2025-11-21,ADRO,1648.92529296875
2025-11-24,ADRO,1653.3341064453125
2025-11-25,ADRO,1635.698486328125
2025-11-26,ADRO,1626.8807373046875
2025-11-27,ADRO,1596.0185546875
2025-11-28,ADRO,1596.0185546875
2025-12-01,ADRO,1604.8363037109375
2025-12-02,ADRO,1622.471923828125
2025-12-03,ADRO,1631.2896728515625
2025-12-04,ADRO,1596.0185546875
2025-12-05,ADRO,1600.4273681640625
2025-12-08,ADRO,1675.378662109375
2025-12-09,ADRO,1618.06298828125
2025-12-10,ADRO,1613.6541748046875
2025-12-11,ADRO,1569.565185546875
2025-12-12,ADRO,1569.565185546875
2025-12-15,ADRO,1609.2451171875
2025-12-16,ADRO,1591.609619140625
2025-12-17,ADRO,1600.4273681640625
2025-12-18,ADRO,1675.378662109375
2025-12-19,ADRO,1675.378662109375
2025-12-22,ADRO,1670.9697265625
2025-12-23,ADRO,1679.7874755859375
2025-12-24,ADRO,1666.560791015625
2025-12-29,ADRO,1715.05859375
2025-12-30,ADRO,1724.7208251953125
2026-01-02,ADRO,1734.2496337890625
2026-01-05,ADRO,1753.307373046875
2026-01-06,ADRO,1777.1295166015625
2026-01-07,ADRO,1915.2977294921875
2026-01-08,ADRO,1934.3553466796875
2026-01-09,ADRO,2001.057373046875
2026-01-12,ADRO,2048.701416015625
2026-01-13,ADRO,2182.10546875
2026-01-14,ADRO,2124.932373046875
2026-01-15,ADRO,2124.932373046875
2026-01-19,ADRO,2067.75927734375
2026-01-20,ADRO,2134.461181640625
2026-01-21,ADRO,2153.518798828125
2026-01-22,ADRO,2239.2783203125
2026-01-23,ADRO,2286.922607421875
2026-01-26,ADRO,2277.393798828125
2022-12-30,AMRT,2566.71533203125
2023-01-02,AMRT,2653.88671875
2023-01-03,AMRT,2682.944091796875
2023-01-04,AMRT,2653.88671875
2023-01-05,AMRT,2721.686767578125
2023-01-06,AMRT,2712.001220703125
2023-01-09,AMRT,2653.88671875
2023-01-10,AMRT,2634.515380859375
2023-01-11,AMRT,2586.086669921875
2023-01-12,AMRT,2624.82958984375
2023-01-13,AMRT,2673.25830078125
2023-01-16,AMRT,2595.7724609375
2023-01-17,AMRT,2634.515380859375
2023-01-18,AMRT,2644.201171875
2023-01-19,AMRT,2663.572509765625
2023-01-20,AMRT,2673.25830078125
2023-01-24,AMRT,2586.086669921875
2023-01-25,AMRT,2576.40087890625
2023-01-26,AMRT,2663.572509765625
2023-01-27,AMRT,2702.3154296875
2023-01-30,AMRT,2760.429443359375
2023-01-31,AMRT,2741.058349609375
2023-02-01,AMRT,2876.658447265625
2023-02-02,AMRT,2857.287109375
2023-02-03,AMRT,2896.030029296875
2023-02-06,AMRT,2828.22998046875
2023-02-07,AMRT,2847.601318359375
2023-02-08,AMRT,2857.287109375
2023-02-09,AMRT,2857.287109375
2023-02-10,AMRT,2857.287109375
2023-02-13,AMRT,2876.658447265625
2023-02-14,AMRT,2915.4013671875
2023-02-15,AMRT,2973.515625
2023-02-16,AMRT,2886.34423828125
2023-02-17,AMRT,2886.34423828125
2023-02-20,AMRT,2944.45849609375
2023-02-21,AMRT,2963.829833984375
2023-02-22,AMRT,2934.77294921875
2023-02-23,AMRT,2886.34423828125
2023-02-24,AMRT,2818.544189453125
2023-02-27,AMRT,2857.287109375
2023-02-28,AMRT,2808.8583984375
2023-03-01,AMRT,2799.172607421875
2023-03-02,AMRT,2866.972900390625
2023-03-03,AMRT,2682.944091796875
2023-03-06,AMRT,2731.37255859375
2023-03-07,AMRT,2721.686767578125
2023-03-08,AMRT,2779.801025390625
2023-03-09,AMRT,2741.058349609375
2023-03-10,AMRT,2721.686767578125
2023-03-13,AMRT,2779.801025390625
2023-03-14,AMRT,2750.743896484375
2023-03-15,AMRT,2760.429443359375
2023-03-16,AMRT,2712.001220703125
2023-03-17,AMRT,2770.115234375
2023-03-20,AMRT,2760.429443359375
2023-03-21,AMRT,2808.8583984375
2023-03-24,AMRT,2837.91552734375
2023-03-27,AMRT,2808.8583984375
2023-03-28,AMRT,2886.34423828125
2023-03-29,AMRT,2857.287109375
2023-03-30,AMRT,2779.801025390625
2023-03-31,AMRT,2789.487060546875
2023-04-03,AMRT,2828.22998046875
2023-04-04,AMRT,2779.801025390625
2023-04-05,AMRT,2712.001220703125
2023-04-06,AMRT,2615.143798828125
2023-04-10,AMRT,2721.686767578125
2023-04-11,AMRT,2721.686767578125
2023-04-12,AMRT,2712.001220703125
2023-04-13,AMRT,2653.88671875
2023-04-14,AMRT,2663.572509765625
2023-04-17,AMRT,2634.515380859375
2023-04-18,AMRT,2634.515380859375
2023-04-26,AMRT,2818.544189453125
2023-04-27,AMRT,2750.743896484375
2023-04-28,AMRT,2808.8583984375
2023-05-02,AMRT,2818.544189453125
2023-05-03,AMRT,2905.715576171875
2023-05-04,AMRT,2925.087158203125
2023-05-05,AMRT,2876.658447265625
2023-05-08,AMRT,2866.972900390625
2023-05-09,AMRT,2857.287109375
2023-05-10,AMRT,2828.22998046875
2023-05-11,AMRT,2789.487060546875
2023-05-12,AMRT,2847.601318359375
2023-05-15,AMRT,2847.601318359375
2023-05-16,AMRT,2847.601318359375
2023-05-17,AMRT,2837.91552734375
2023-05-19,AMRT,2808.8583984375
2023-05-22,AMRT,2789.487060546875
2023-05-23,AMRT,2770.115234375
2023-05-24,AMRT,2721.686767578125
2023-05-25,AMRT,2634.515380859375
2023-05-26,AMRT,2653.88671875
2023-05-29,AMRT,2677.39697265625
2023-05-30,AMRT,2608.996337890625
2023-05-31,AMRT,2579.681884765625
2023-06-05,AMRT,2657.854248046875
2023-06-06,AMRT,2618.76806640625
2023-06-07,AMRT,2618.76806640625
2023-06-08,AMRT,2677.39697265625
2023-06-09,AMRT,2638.31103515625
2023-06-12,AMRT,2667.625732421875
2023-06-13,AMRT,2677.39697265625
2023-06-14,AMRT,2638.31103515625
2023-06-15,AMRT,2589.45361328125
2023-06-16,AMRT,2521.052734375
2023-06-19,AMRT,2540.595947265625
2023-06-20,AMRT,2521.052734375
2023-06-21,AMRT,2530.82421875
2023-06-22,AMRT,2530.82421875
2023-06-23,AMRT,2550.367431640625
2023-06-26,AMRT,2540.595947265625
2023-06-27,AMRT,2521.052734375
2023-07-03,AMRT,2530.82421875
2023-07-04,AMRT,2540.595947265625
2023-07-05,AMRT,2560.138671875
2023-07-06,AMRT,2677.39697265625
2023-07-07,AMRT,2618.76806640625
2023-07-10,AMRT,2648.08251953125
2023-07-11,AMRT,2706.7119140625
2023-07-12,AMRT,2716.483154296875
2023-07-13,AMRT,2716.483154296875
2023-07-14,AMRT,2706.7119140625
2023-07-17,AMRT,2706.7119140625
2023-07-18,AMRT,2687.168701171875
2023-07-20,AMRT,2736.0263671875
2023-07-21,AMRT,2804.427001953125
2023-07-24,AMRT,2775.112548828125
2023-07-25,AMRT,2745.797607421875
2023-07-26,AMRT,2765.3408203125
2023-07-27,AMRT,2687.168701171875
2023-07-28,AMRT,2667.625732421875
2023-07-31,AMRT,2638.31103515625
2023-08-01,AMRT,2794.6552734375
2023-08-02,AMRT,2814.198486328125
2023-08-03,AMRT,2814.198486328125
2023-08-04,AMRT,2755.5693359375
2023-08-07,AMRT,2716.483154296875
2023-08-08,AMRT,2716.483154296875
2023-08-09,AMRT,2784.8837890625
2023-08-10,AMRT,2716.483154296875
2023-08-11,AMRT,2765.3408203125
2023-08-14,AMRT,2823.969970703125
2023-08-15,AMRT,2843.512939453125
2023-08-16,AMRT,2872.82763671875
2023-08-18,AMRT,2833.741455078125
2023-08-21,AMRT,2921.685302734375
2023-08-22,AMRT,2843.512939453125
2023-08-23,AMRT,2863.055908203125
2023-08-24,AMRT,2823.969970703125
2023-08-25,AMRT,2823.969970703125
2023-08-28,AMRT,2804.427001953125
2023-08-29,AMRT,2833.741455078125
2023-08-30,AMRT,2833.741455078125
2023-08-31,AMRT,2833.741455078125
2023-09-01,AMRT,2814.198486328125
2023-09-04,AMRT,2784.8837890625
2023-09-05,AMRT,2775.112548828125
2023-09-06,AMRT,2745.797607421875
2023-09-07,AMRT,2833.741455078125
2023-09-08,AMRT,2804.427001953125
2023-09-11,AMRT,2882.59912109375
2023-09-12,AMRT,2911.91357421875
2023-09-13,AMRT,2892.370849609375
2023-09-14,AMRT,2775.112548828125
2023-09-15,AMRT,2833.741455078125
2023-09-18,AMRT,2833.741455078125
2023-09-19,AMRT,2833.741455078125
2023-09-20,AMRT,2833.741455078125
2023-09-21,AMRT,2814.198486328125
2023-09-22,AMRT,2833.741455078125
2023-09-25,AMRT,2843.512939453125
2023-09-26,AMRT,2892.370849609375
2023-09-27,AMRT,2863.055908203125
2023-09-29,AMRT,2892.370849609375
2023-10-02,AMRT,2882.59912109375
2023-10-03,AMRT,2882.59912109375
2023-10-04,AMRT,2804.427001953125
2023-10-05,AMRT,2833.741455078125
2023-10-06,AMRT,2667.625732421875
2023-10-09,AMRT,2755.5693359375
2023-10-10,AMRT,2833.741455078125
2023-10-11,AMRT,2814.198486328125
2023-10-12,AMRT,2784.8837890625
2023-10-13,AMRT,2745.797607421875
2023-10-16,AMRT,2736.0263671875
2023-10-17,AMRT,2726.254638671875
2023-10-18,AMRT,2745.797607421875
2023-10-19,AMRT,2745.797607421875
2023-10-20,AMRT,2736.0263671875
2023-10-23,AMRT,2696.940185546875
2023-10-24,AMRT,2755.5693359375
2023-10-25,AMRT,2853.28466796875
2023-10-26,AMRT,2784.8837890625
2023-10-27,AMRT,2755.5693359375
2023-10-30,AMRT,2823.969970703125
2023-10-31,AMRT,2823.969970703125
2023-11-01,AMRT,2784.8837890625
2023-11-02,AMRT,2784.8837890625
2023-11-03,AMRT,2833.741455078125
2023-11-06,AMRT,2745.797607421875
2023-11-07,AMRT,2823.969970703125
2023-11-08,AMRT,2833.741455078125
2023-11-09,AMRT,2833.741455078125
2023-11-10,AMRT,2833.741455078125
2023-11-13,AMRT,2843.512939453125
2023-11-14,AMRT,2814.198486328125
2023-11-15,AMRT,2833.741455078125
2023-11-16,AMRT,2833.741455078125
2023-11-17,AMRT,2823.969970703125
2023-11-20,AMRT,2833.741455078125
2023-11-21,AMRT,2833.741455078125
2023-11-22,AMRT,2814.198486328125
2023-11-23,AMRT,2823.969970703125
2023-11-24,AMRT,2804.427001953125
2023-11-27,AMRT,2794.6552734375
2023-11-28,AMRT,2804.427001953125
2023-11-29,AMRT,2745.797607421875
2023-11-30,AMRT,2804.427001953125
2023-12-01,AMRT,2833.741455078125
2023-12-04,AMRT,2804.427001953125
2023-12-05,AMRT,2804.427001953125
2023-12-06,AMRT,2823.969970703125
2023-12-07,AMRT,2833.741455078125
2023-12-08,AMRT,2784.8837890625
2023-12-11,AMRT,2736.0263671875
2023-12-12,AMRT,2784.8837890625
2023-12-13,AMRT,2814.198486328125
2023-12-14,AMRT,2833.741455078125
2023-12-15,AMRT,2736.0263671875
2023-12-18,AMRT,2667.625732421875
2023-12-19,AMRT,2755.5693359375
2023-12-20,AMRT,2755.5693359375
2023-12-21,AMRT,2814.198486328125
2023-12-22,AMRT,2804.427001953125
2023-12-27,AMRT,2804.427001953125
2023-12-28,AMRT,2843.512939453125
2023-12-29,AMRT,2863.055908203125
2024-01-02,AMRT,2823.969970703125
2024-01-03,AMRT,2755.5693359375
2024-01-04,AMRT,2804.427001953125
2024-01-05,AMRT,2726.254638671875
2024-01-08,AMRT,2736.0263671875
2024-01-09,AMRT,2677.39697265625
2024-01-10,AMRT,2687.168701171875
2024-01-11,AMRT,2648.08251953125
2024-01-12,AMRT,2579.681884765625
2024-01-15,AMRT,2569.910400390625
2024-01-16,AMRT,2608.996337890625
2024-01-17,AMRT,2589.45361328125
2024-01-18,AMRT,2589.45361328125
2024-01-19,AMRT,2579.681884765625
2024-01-22,AMRT,2618.76806640625
2024-01-23,AMRT,2657.854248046875
2024-01-24,AMRT,2608.996337890625
2024-01-25,AMRT,2608.996337890625
2024-01-26,AMRT,2569.910400390625
2024-01-29,AMRT,2628.53955078125
2024-01-30,AMRT,2589.45361328125
2024-01-31,AMRT,2589.45361328125
2024-02-01,AMRT,2589.45361328125
2024-02-02,AMRT,2589.45361328125
2024-02-05,AMRT,2540.595947265625
2024-02-06,AMRT,2540.595947265625
2024-02-07,AMRT,2569.910400390625
2024-02-12,AMRT,2521.052734375
2024-02-13,AMRT,2550.367431640625
2024-02-15,AMRT,2638.31103515625
2024-02-16,AMRT,2706.7119140625
2024-02-19,AMRT,2687.168701171875
2024-02-20,AMRT,2726.254638671875
2024-02-21,AMRT,2706.7119140625
2024-02-22,AMRT,2687.168701171875
2024-02-23,AMRT,2618.76806640625
2024-02-26,AMRT,2628.53955078125
2024-02-27,AMRT,2599.224853515625
2024-02-28,AMRT,2638.31103515625
2024-02-29,AMRT,2687.168701171875
2024-03-01,AMRT,2657.854248046875
2024-03-04,AMRT,2687.168701171875
2024-03-05,AMRT,2657.854248046875
2024-03-06,AMRT,2687.168701171875
2024-03-07,AMRT,2696.940185546875
2024-03-08,AMRT,2726.254638671875
2024-03-13,AMRT,2755.5693359375
2024-03-14,AMRT,2833.741455078125
2024-03-15,AMRT,2814.198486328125
2024-03-18,AMRT,2804.427001953125
2024-03-19,AMRT,2823.969970703125
2024-03-20,AMRT,2833.741455078125
2024-03-21,AMRT,2833.741455078125
2024-03-22,AMRT,2833.741455078125
2024-03-25,AMRT,2833.741455078125
2024-03-26,AMRT,2833.741455078125
2024-03-27,AMRT,2833.741455078125
2024-03-28,AMRT,2843.512939453125
2024-04-01,AMRT,2843.512939453125
2024-04-02,AMRT,2843.512939453125
2024-04-03,AMRT,2823.969970703125
2024-04-04,AMRT,2833.741455078125
2024-04-05,AMRT,2814.198486328125
2024-04-16,AMRT,2638.31103515625
2024-04-17,AMRT,2726.254638671875
2024-04-18,AMRT,2726.254638671875
2024-04-19,AMRT,2736.0263671875
2024-04-22,AMRT,2814.198486328125
2024-04-23,AMRT,2872.82763671875
2024-04-24,AMRT,2833.741455078125
2024-04-25,AMRT,2863.055908203125
2024-04-26,AMRT,2775.112548828125
2024-04-29,AMRT,2872.82763671875
2024-04-30,AMRT,2863.055908203125
2024-05-02,AMRT,2804.427001953125
2024-05-03,AMRT,2833.741455078125
2024-05-06,AMRT,2833.741455078125
2024-05-07,AMRT,2814.198486328125
2024-05-08,AMRT,2814.198486328125
2024-05-13,AMRT,2765.3408203125
2024-05-14,AMRT,2736.0263671875
2024-05-15,AMRT,2726.254638671875
2024-05-16,AMRT,2784.8837890625
2024-05-17,AMRT,2736.0263671875
2024-05-20,AMRT,2736.0263671875
2024-05-21,AMRT,2696.940185546875
2024-05-22,AMRT,2765.3408203125
2024-05-27,AMRT,2736.0263671875
2024-05-28,AMRT,2814.198486328125
2024-05-29,AMRT,2763.546630859375
2024-05-30,AMRT,2724.0673828125
2024-05-31,AMRT,2615.49951171875
2024-06-03,AMRT,2763.546630859375
2024-06-04,AMRT,2753.6767578125
2024-06-05,AMRT,2684.588134765625
2024-06-06,AMRT,2743.806884765625
2024-06-07,AMRT,2724.0673828125
2024-06-10,AMRT,2763.546630859375
2024-06-11,AMRT,2704.32763671875
2024-06-12,AMRT,2694.4580078125
2024-06-13,AMRT,2684.588134765625
2024-06-14,AMRT,2684.588134765625
2024-06-19,AMRT,2674.71826171875
2024-06-20,AMRT,2684.588134765625
2024-06-21,AMRT,2664.848388671875
2024-06-24,AMRT,2704.32763671875
2024-06-25,AMRT,2684.588134765625
2024-06-26,AMRT,2694.4580078125
2024-06-27,AMRT,2664.848388671875
2024-06-28,AMRT,2714.197509765625
2024-07-01,AMRT,2694.4580078125
2024-07-02,AMRT,2714.197509765625
2024-07-03,AMRT,2724.0673828125
2024-07-04,AMRT,2724.0673828125
2024-07-05,AMRT,2743.806884765625
2024-07-08,AMRT,2793.156005859375
2024-07-09,AMRT,2822.765380859375
2024-07-10,AMRT,2862.24462890625
2024-07-11,AMRT,2901.723876953125
2024-07-12,AMRT,2891.85400390625
2024-07-15,AMRT,2881.984375
2024-07-16,AMRT,2832.63525390625
2024-07-17,AMRT,2822.765380859375
2024-07-18,AMRT,2842.505126953125
2024-07-19,AMRT,2842.505126953125
2024-07-22,AMRT,2842.505126953125
2024-07-23,AMRT,2832.63525390625
2024-07-24,AMRT,2812.8955078125
2024-07-25,AMRT,2822.765380859375
2024-07-26,AMRT,2812.8955078125
2024-07-29,AMRT,2803.02587890625
2024-07-30,AMRT,2803.02587890625
2024-07-31,AMRT,2803.02587890625
2024-08-01,AMRT,2783.2861328125
2024-08-02,AMRT,2674.71826171875
2024-08-05,AMRT,2664.848388671875
2024-08-06,AMRT,2704.32763671875
2024-08-07,AMRT,2743.806884765625
2024-08-08,AMRT,2724.0673828125
2024-08-09,AMRT,2793.156005859375
2024-08-12,AMRT,2763.546630859375
2024-08-13,AMRT,2793.156005859375
2024-08-14,AMRT,2812.8955078125
2024-08-15,AMRT,2812.8955078125
2024-08-16,AMRT,2812.8955078125
2024-08-19,AMRT,2822.765380859375
2024-08-20,AMRT,2832.63525390625
2024-08-21,AMRT,2872.114501953125
2024-08-22,AMRT,2852.374755859375
2024-08-23,AMRT,2812.8955078125
2024-08-26,AMRT,2773.416259765625
2024-08-27,AMRT,2822.765380859375
2024-08-28,AMRT,2832.63525390625
2024-08-29,AMRT,2812.8955078125
2024-08-30,AMRT,2862.24462890625
2024-09-02,AMRT,2852.374755859375
2024-09-03,AMRT,2832.63525390625
2024-09-04,AMRT,2862.24462890625
2024-09-05,AMRT,2852.374755859375
2024-09-06,AMRT,2881.984375
2024-09-09,AMRT,2911.59375
2024-09-10,AMRT,3000.421875
2024-09-11,AMRT,3079.38037109375
2024-09-12,AMRT,3178.07861328125
2024-09-13,AMRT,3108.989990234375
2024-09-17,AMRT,3108.989990234375
2024-09-18,AMRT,3118.859619140625
2024-09-19,AMRT,3079.38037109375
2024-09-20,AMRT,3079.38037109375
2024-09-23,AMRT,3178.07861328125
2024-09-24,AMRT,3286.646484375
2024-09-25,AMRT,3207.68798828125
2024-09-26,AMRT,3237.29736328125
2024-09-27,AMRT,3158.3388671875
2024-09-30,AMRT,3118.859619140625
2024-10-01,AMRT,3148.46923828125
2024-10-02,AMRT,3089.250244140625
2024-10-03,AMRT,3108.989990234375
2024-10-04,AMRT,3108.989990234375
2024-10-07,AMRT,3118.859619140625
2024-10-08,AMRT,3099.1201171875
2024-10-09,AMRT,3099.1201171875
2024-10-10,AMRT,3099.1201171875
2024-10-11,AMRT,3128.7294921875
2024-10-14,AMRT,3158.3388671875
2024-10-15,AMRT,3237.29736328125
2024-10-16,AMRT,3237.29736328125
2024-10-17,AMRT,3286.646484375
2024-10-18,AMRT,3316.255859375
2024-10-21,AMRT,3326.125732421875
2024-10-22,AMRT,3395.21435546875
2024-10-23,AMRT,3513.652099609375
2024-10-24,AMRT,3503.7822265625
2024-10-25,AMRT,3434.693603515625
2024-10-28,AMRT,3523.52197265625
2024-10-29,AMRT,3454.43310546875
2024-10-30,AMRT,3405.084228515625
2024-10-31,AMRT,3276.776611328125
2024-11-01,AMRT,3197.818115234375
2024-11-04,AMRT,3247.167236328125
2024-11-05,AMRT,3247.167236328125
2024-11-06,AMRT,3089.250244140625
2024-11-07,AMRT,3089.250244140625
2024-11-08,AMRT,3089.250244140625
2024-11-11,AMRT,3069.5107421875
2024-11-12,AMRT,3108.989990234375
2024-11-13,AMRT,2911.59375
2024-11-14,AMRT,2911.59375
2024-11-15,AMRT,2842.505126953125
2024-11-18,AMRT,2881.984375
2024-11-19,AMRT,2921.463623046875
2024-11-20,AMRT,2872.114501953125
2024-11-21,AMRT,2852.374755859375
2024-11-22,AMRT,2852.374755859375
2024-11-25,AMRT,2941.203125
2024-11-26,AMRT,2862.24462890625
2024-11-28,AMRT,2832.63525390625
2024-11-29,AMRT,2812.8955078125
2024-12-02,AMRT,2832.63525390625
2024-12-03,AMRT,2862.24462890625
2024-12-04,AMRT,2980.682373046875
2024-12-05,AMRT,2951.072998046875
2024-12-06,AMRT,3030.031494140625
2024-12-09,AMRT,2901.723876953125
2024-12-10,AMRT,3010.291748046875
2024-12-11,AMRT,2931.333251953125
2024-12-12,AMRT,2901.723876953125
2024-12-13,AMRT,2921.463623046875
2024-12-16,AMRT,2931.333251953125
2024-12-17,AMRT,2812.8955078125
2024-12-18,AMRT,2773.416259765625
2024-12-19,AMRT,2773.416259765625
2024-12-20,AMRT,2743.806884765625
2024-12-23,AMRT,2901.723876953125
2024-12-24,AMRT,2743.806884765625
2024-12-27,AMRT,2763.546630859375
2024-12-30,AMRT,2812.8955078125
2025-01-02,AMRT,2783.2861328125
2025-01-03,AMRT,2812.8955078125
2025-01-06,AMRT,2822.765380859375
2025-01-07,AMRT,2812.8955078125
2025-01-08,AMRT,2842.505126953125
2025-01-09,AMRT,2763.546630859375
2025-01-10,AMRT,2783.2861328125
2025-01-13,AMRT,2793.156005859375
2025-01-14,AMRT,2793.156005859375
2025-01-15,AMRT,2812.8955078125
2025-01-16,AMRT,2733.937255859375
2025-01-17,AMRT,2803.02587890625
2025-01-20,AMRT,2743.806884765625
2025-01-21,AMRT,2684.588134765625
2025-01-22,AMRT,2862.24462890625
2025-01-23,AMRT,2773.416259765625
2025-01-24,AMRT,2704.32763671875
2025-01-30,AMRT,2724.0673828125
2025-01-31,AMRT,2832.63525390625
2025-02-03,AMRT,2842.505126953125
2025-02-04,AMRT,2852.374755859375
2025-02-05,AMRT,2891.85400390625
2025-02-06,AMRT,2921.463623046875
2025-02-07,AMRT,2872.114501953125
2025-02-10,AMRT,2941.203125
2025-02-11,AMRT,2980.682373046875
2025-02-12,AMRT,2980.682373046875
2025-02-13,AMRT,2832.63525390625
2025-02-14,AMRT,2793.156005859375
2025-02-17,AMRT,2724.0673828125
2025-02-18,AMRT,2664.848388671875
2025-02-19,AMRT,2447.712646484375
2025-02-20,AMRT,2506.931640625
2025-02-21,AMRT,2477.322021484375
2025-02-24,AMRT,2487.19189453125
2025-02-25,AMRT,2378.6240234375
2025-02-26,AMRT,2210.837158203125
2025-02-27,AMRT,2161.48828125
2025-02-28,AMRT,2171.35791015625
2025-03-03,AMRT,2329.27490234375
2025-03-04,AMRT,2358.88427734375
2025-03-05,AMRT,2358.88427734375
2025-03-06,AMRT,2339.144775390625
2025-03-07,AMRT,2388.493896484375
2025-03-10,AMRT,2408.2333984375
2025-03-11,AMRT,2289.795654296875
2025-03-12,AMRT,2368.754150390625
2025-03-13,AMRT,2368.754150390625
2025-03-14,AMRT,2329.27490234375
2025-03-17,AMRT,2398.363525390625
2025-03-18,AMRT,2210.837158203125
2025-03-19,AMRT,2141.74853515625
2025-03-20,AMRT,2102.269287109375
2025-03-21,AMRT,1914.742919921875
2025-03-24,AMRT,1796.3052978515625
2025-03-25,AMRT,1845.654296875
2025-03-26,AMRT,1983.8316650390625
2025-03-27,AMRT,2023.3109130859375
2025-04-08,AMRT,2003.5712890625
2025-04-09,AMRT,2043.050537109375
2025-04-10,AMRT,2260.186279296875
2025-04-11,AMRT,2181.227783203125
2025-04-14,AMRT,2141.74853515625
2025-04-15,AMRT,2052.92041015625
2025-04-16,AMRT,1929.5477294921875
2025-04-17,AMRT,1934.4825439453125
2025-04-21,AMRT,1909.80810546875
2025-04-22,AMRT,1885.133544921875
2025-04-23,AMRT,1973.9617919921875
2025-04-24,AMRT,2003.5712890625
2025-04-25,AMRT,2062.7900390625
2025-04-28,AMRT,2013.4410400390625
2025-04-29,AMRT,2062.7900390625
2025-04-30,AMRT,2131.878662109375
2025-05-02,AMRT,2092.399658203125
2025-05-05,AMRT,2151.618408203125
2025-05-06,AMRT,2250.31640625
2025-05-07,AMRT,2279.926025390625
2025-05-08,AMRT,2319.405029296875
2025-05-09,AMRT,2329.27490234375
2025-05-14,AMRT,2447.712646484375
2025-05-15,AMRT,2378.6240234375
2025-05-16,AMRT,2467.452392578125
2025-05-19,AMRT,2467.452392578125
2025-05-20,AMRT,2467.452392578125
2025-05-21,AMRT,2576.020263671875
2025-05-22,AMRT,2566.150390625
2025-05-23,AMRT,2566.150390625
2025-05-26,AMRT,2566.150390625
2025-05-27,AMRT,2516.80126953125
2025-05-28,AMRT,2398.363525390625
2025-06-02,AMRT,2497.061767578125
2025-06-03,AMRT,2585.889892578125
2025-06-04,AMRT,2550.0
2025-06-05,AMRT,2540.0
2025-06-10,AMRT,2520.0
2025-06-11,AMRT,2480.0
2025-06-12,AMRT,2480.0
2025-06-13,AMRT,2440.0
2025-06-16,AMRT,2400.0
2025-06-17,AMRT,2310.0
2025-06-18,AMRT,2330.0
2025-06-19,AMRT,2290.0
2025-06-20,AMRT,2280.0
2025-06-23,AMRT,2230.0
2025-06-24,AMRT,2260.0
2025-06-25,AMRT,2280.0
2025-06-26,AMRT,2320.0
2025-06-30,AMRT,2390.0
2025-07-01,AMRT,2380.0
2025-07-02,AMRT,2410.0
2025-07-03,AMRT,2380.0
2025-07-04,AMRT,2330.0
2025-07-07,AMRT,2400.0
2025-07-08,AMRT,2370.0
2025-07-09,AMRT,2370.0
2025-07-10,AMRT,2270.0
2025-07-11,AMRT,2300.0
2025-07-14,AMRT,2290.0
2025-07-15,AMRT,2220.0
2025-07-16,AMRT,2150.0
2025-07-17,AMRT,2260.0
2025-07-18,AMRT,2250.0
2025-07-21,AMRT,2230.0
2025-07-22,AMRT,2210.0
2025-07-23,AMRT,2250.0
2025-07-24,AMRT,2190.0
2025-07-25,AMRT,2200.0
2025-07-28,AMRT,2210.0
2025-07-29,AMRT,2280.0
2025-07-30,AMRT,2180.0
2025-07-31,AMRT,2320.0
2025-08-01,AMRT,2320.0
2025-08-04,AMRT,2290.0
2025-08-05,AMRT,2420.0
2025-08-06,AMRT,2320.0
2025-08-07,AMRT,2380.0
2025-08-08,AMRT,2350.0
2025-08-11,AMRT,2380.0
2025-08-12,AMRT,2390.0
2025-08-13,AMRT,2350.0
2025-08-14,AMRT,2310.0
2025-08-15,AMRT,2260.0
2025-08-19,AMRT,2210.0
2025-08-20,AMRT,2360.0
2025-08-21,AMRT,2410.0
2025-08-22,AMRT,2300.0
2025-08-25,AMRT,2280.0
2025-08-26,AMRT,2280.0
2025-08-27,AMRT,2250.0
2025-08-28,AMRT,2230.0
2025-08-29,AMRT,2200.0
2025-09-01,AMRT,2160.0
2025-09-02,AMRT,2110.0
2025-09-03,AMRT,2140.0
2025-09-04,AMRT,2080.0
2025-09-08,AMRT,2080.0
2025-09-09,AMRT,2050.0
2025-09-10,AMRT,2130.0
2025-09-11,AMRT,2170.0
2025-09-12,AMRT,2150.0
2025-09-15,AMRT,2130.0
2025-09-16,AMRT,2110.0
2025-09-17,AMRT,2160.0
2025-09-18,AMRT,2040.0
2025-09-19,AMRT,2000.0
2025-09-22,AMRT,1905.0
2025-09-23,AMRT,1925.0
2025-09-24,AMRT,1905.0
2025-09-25,AMRT,1860.0
2025-09-26,AMRT,1875.0
2025-09-29,AMRT,1880.0
2025-09-30,AMRT,1930.0
2025-10-01,AMRT,1850.0
2025-10-02,AMRT,1940.0
2025-10-03,AMRT,1955.0
2025-10-06,AMRT,1960.0
2025-10-07,AMRT,1900.0
2025-10-08,AMRT,1930.0
2025-10-09,AMRT,1920.0
2025-10-10,AMRT,1940.0
2025-10-13,AMRT,2090.0
2025-10-14,AMRT,2140.0
2025-10-15,AMRT,2220.0
2025-10-16,AMRT,2220.0
2025-10-17,AMRT,2130.0
2025-10-20,AMRT,2250.0
2025-10-21,AMRT,2210.0
2025-10-22,AMRT,2190.0
2025-10-23,AMRT,2210.0
2025-10-24,AMRT,2180.0
2025-10-27,AMRT,2130.0
2025-10-28,AMRT,2080.0
2025-10-29,AMRT,2010.0
2025-10-30,AMRT,2040.0
2025-10-31,AMRT,2010.0
2025-11-03,AMRT,1925.0
2025-11-04,AMRT,1900.0
2025-11-05,AMRT,1935.0
2025-11-06,AMRT,1900.0
2025-11-07,AMRT,1910.0
2025-11-10,AMRT,1885.0
2025-11-11,AMRT,1855.0
2025-11-12,AMRT,1910.0
2025-11-13,AMRT,1895.0
2025-11-14,AMRT,1865.0
2025-11-17,AMRT,1855.0
2025-11-18,AMRT,1860.0
2025-11-19,AMRT,1885.0
2025-11-20,AMRT,1840.0
2025-11-21,AMRT,1830.0
2025-11-24,AMRT,1870.0
2025-11-25,AMRT,1850.0
2025-11-26,AMRT,1835.0
2025-11-27,AMRT,1810.0
2025-11-28,AMRT,1800.0
2025-12-01,AMRT,1785.0
2025-12-02,AMRT,1805.0
2025-12-03,AMRT,1840.0
2025-12-04,AMRT,1850.0
2025-12-05,AMRT,1845.0
2025-12-08,AMRT,1935.0
2025-12-09,AMRT,1930.0
2025-12-10,AMRT,1925.0
2025-12-11,AMRT,1910.0
2025-12-12,AMRT,1900.0
2025-12-15,AMRT,1900.0
2025-12-16,AMRT,1905.0
2025-12-17,AMRT,1910.0
2025-12-18,AMRT,1915.0
2025-12-19,AMRT,1920.0
2025-12-22,AMRT,1965.0
2025-12-23,AMRT,1955.0
2025-12-24,AMRT,1960.0
2025-12-29,AMRT,1955.0
2025-12-30,AMRT,1975.0
2026-01-02,AMRT,1985.0
2026-01-05,AMRT,2000.0
2026-01-06,AMRT,1995.0
2026-01-07,AMRT,1995.0
2026-01-08,AMRT,1975.0
2026-01-09,AMRT,1955.0
2026-01-12,AMRT,1940.0
2026-01-13,AMRT,1975.0
2026-01-14,AMRT,1990.0
2026-01-15,AMRT,1980.0
2026-01-19,AMRT,1940.0
2026-01-20,AMRT,1930.0
2026-01-21,AMRT,1940.0
2026-01-22,AMRT,1950.0
2026-01-23,AMRT,1935.0
2026-01-26,AMRT,1925.0
2022-12-30,ANTM,1675.5294189453125
2023-01-02,ANTM,1671.3089599609375
2023-01-03,ANTM,1688.1907958984375
2023-01-04,ANTM,1730.3956298828125
2023-01-05,ANTM,1658.6475830078125
2023-01-06,ANTM,1675.5294189453125
2023-01-09,ANTM,1738.8365478515625
2023-01-10,ANTM,1721.95458984375
2023-01-11,ANTM,1747.277587890625
2023-01-12,ANTM,1797.92333984375
2023-01-13,ANTM,1814.80517578125
2023-01-16,ANTM,1840.1279296875
2023-01-17,ANTM,1916.0965576171875
2023-01-18,ANTM,1907.6556396484375
2023-01-19,ANTM,1916.0965576171875
2023-01-20,ANTM,1958.3013916015625
2023-01-24,ANTM,1958.3013916015625
2023-01-25,ANTM,1932.978515625
2023-01-26,ANTM,1958.3013916015625
2023-01-27,ANTM,1941.41943359375
2023-01-30,ANTM,1932.978515625
2023-01-31,ANTM,1949.860595703125
2023-02-01,ANTM,2000.5059814453125
2023-02-02,ANTM,1983.624267578125
2023-02-03,ANTM,1966.7423095703125
2023-02-06,ANTM,1916.0965576171875
2023-02-07,ANTM,1899.21484375
2023-02-08,ANTM,1890.773681640625
2023-02-09,ANTM,1873.8919677734375
2023-02-10,ANTM,1873.8919677734375
2023-02-13,ANTM,1890.773681640625
2023-02-14,ANTM,1865.4508056640625
2023-02-15,ANTM,1857.0098876953125
2023-02-16,ANTM,1781.0413818359375
2023-02-17,ANTM,1764.1593017578125
2023-02-20,ANTM,1755.718505859375
2023-02-21,ANTM,1755.718505859375
2023-02-22,ANTM,1730.3956298828125
2023-02-23,ANTM,1713.513671875
2023-02-24,ANTM,1688.1907958984375
2023-02-27,ANTM,1696.6317138671875
2023-02-28,ANTM,1679.7498779296875
2023-03-01,ANTM,1688.1907958984375
2023-03-02,ANTM,1696.6317138671875
2023-03-03,ANTM,1683.970458984375
2023-03-06,ANTM,1654.427001953125
2023-03-07,ANTM,1637.5450439453125
2023-03-08,ANTM,1591.119873046875
2023-03-09,ANTM,1582.678955078125
2023-03-10,ANTM,1586.8992919921875
2023-03-13,ANTM,1561.5765380859375
2023-03-14,ANTM,1532.033203125
2023-03-15,ANTM,1565.7969970703125
2023-03-16,ANTM,1515.1512451171875
2023-03-17,ANTM,1599.560791015625
2023-03-20,ANTM,1603.7813720703125
2023-03-21,ANTM,1591.119873046875
2023-03-24,ANTM,1599.560791015625
2023-03-27,ANTM,1654.427001953125
2023-03-28,ANTM,1683.970458984375
2023-03-29,ANTM,1755.718505859375
2023-03-30,ANTM,1764.1593017578125
2023-03-31,ANTM,1764.1593017578125
2023-04-03,ANTM,1764.1593017578125
2023-04-04,ANTM,1730.3956298828125
2023-04-05,ANTM,1772.6004638671875
2023-04-06,ANTM,1772.6004638671875
2023-04-10,ANTM,1705.07275390625
2023-04-11,ANTM,1781.0413818359375
2023-04-12,ANTM,1781.0413818359375
2023-04-13,ANTM,1797.92333984375
2023-04-14,ANTM,1781.0413818359375
2023-04-17,ANTM,1789.482177734375
2023-04-18,ANTM,1772.6004638671875
2023-04-26,ANTM,1781.0413818359375
2023-04-27,ANTM,1755.718505859375
2023-04-28,ANTM,1772.6004638671875
2023-05-02,ANTM,1738.8365478515625
2023-05-03,ANTM,1789.482177734375
2023-05-04,ANTM,1797.92333984375
2023-05-05,ANTM,1721.95458984375
2023-05-08,ANTM,1747.277587890625
2023-05-09,ANTM,1781.0413818359375
2023-05-10,ANTM,1772.6004638671875
2023-05-11,ANTM,1721.95458984375
2023-05-12,ANTM,1688.1907958984375
2023-05-15,ANTM,1679.7498779296875
2023-05-16,ANTM,1662.867919921875
2023-05-17,ANTM,1633.32470703125
2023-05-19,ANTM,1650.20654296875
2023-05-22,ANTM,1637.5450439453125
2023-05-23,ANTM,1641.7655029296875
2023-05-24,ANTM,1645.986083984375
2023-05-25,ANTM,1641.7655029296875
2023-05-26,ANTM,1620.6632080078125
2023-05-29,ANTM,1633.32470703125
2023-05-30,ANTM,1637.5450439453125
2023-05-31,ANTM,1599.560791015625
2023-06-05,ANTM,1667.08837890625
2023-06-06,ANTM,1696.6317138671875
2023-06-07,ANTM,1705.07275390625
2023-06-08,ANTM,1675.5294189453125
2023-06-09,ANTM,1667.08837890625
2023-06-12,ANTM,1683.970458984375
2023-06-13,ANTM,1696.6317138671875
2023-06-14,ANTM,1713.513671875
2023-06-15,ANTM,1721.95458984375
2023-06-16,ANTM,1738.8365478515625
2023-06-19,ANTM,1713.513671875
2023-06-20,ANTM,1705.07275390625
2023-06-21,ANTM,1696.6317138671875
2023-06-22,ANTM,1696.6317138671875
2023-06-23,ANTM,1696.6317138671875
2023-06-26,ANTM,1713.77099609375
2023-06-27,ANTM,1713.77099609375
2023-07-03,ANTM,1726.953857421875
2023-07-04,ANTM,1731.3480224609375
2023-07-05,ANTM,1744.5308837890625
2023-07-06,ANTM,1775.2908935546875
2023-07-07,ANTM,1735.7423095703125
2023-07-10,ANTM,1740.13671875
2023-07-11,ANTM,1757.7137451171875
2023-07-12,ANTM,1748.9251708984375
2023-07-13,ANTM,1748.9251708984375
2023-07-14,ANTM,1757.7137451171875
2023-07-17,ANTM,1748.9251708984375
2023-07-18,ANTM,1748.9251708984375
2023-07-20,ANTM,1748.9251708984375
2023-07-21,ANTM,1735.7423095703125
2023-07-24,ANTM,1735.7423095703125
2023-07-25,ANTM,1735.7423095703125
2023-07-26,ANTM,1744.5308837890625
2023-07-27,ANTM,1731.3480224609375
2023-07-28,ANTM,1722.5594482421875
2023-07-31,ANTM,1744.5308837890625
2023-08-01,ANTM,1792.8680419921875
2023-08-02,ANTM,1766.5023193359375
2023-08-03,ANTM,1766.5023193359375
2023-08-04,ANTM,1775.2908935546875
2023-08-07,ANTM,1792.8680419921875
2023-08-08,ANTM,1766.5023193359375
2023-08-09,ANTM,1766.5023193359375
2023-08-10,ANTM,1748.9251708984375
2023-08-11,ANTM,1748.9251708984375
2023-08-14,ANTM,1757.7137451171875
2023-08-15,ANTM,1748.9251708984375
2023-08-16,ANTM,1722.5594482421875
2023-08-18,ANTM,1713.77099609375
2023-08-21,ANTM,1713.77099609375
2023-08-22,ANTM,1709.3765869140625
2023-08-23,ANTM,1718.1651611328125
2023-08-24,ANTM,1753.319580078125
2023-08-25,ANTM,1748.9251708984375
2023-08-28,ANTM,1753.319580078125
2023-08-29,ANTM,1753.319580078125
2023-08-30,ANTM,1753.319580078125
2023-08-31,ANTM,1748.9251708984375
2023-09-01,ANTM,1718.1651611328125
2023-09-04,ANTM,1713.77099609375
2023-09-05,ANTM,1713.77099609375
2023-09-06,ANTM,1709.3765869140625
2023-09-07,ANTM,1718.1651611328125
2023-09-08,ANTM,1709.3765869140625
2023-09-11,ANTM,1718.1651611328125
2023-09-12,ANTM,1709.3765869140625
2023-09-13,ANTM,1683.010986328125
2023-09-14,ANTM,1669.828125
2023-09-15,ANTM,1669.828125
2023-09-18,ANTM,1621.490966796875
2023-09-19,ANTM,1617.0966796875
2023-09-20,ANTM,1634.673828125
2023-09-21,ANTM,1612.702392578125
2023-09-22,ANTM,1625.88525390625
2023-09-25,ANTM,1625.88525390625
2023-09-26,ANTM,1617.0966796875
2023-09-27,ANTM,1599.51953125
2023-09-29,ANTM,1595.125244140625
2023-10-02,ANTM,1586.336669921875
2023-10-03,ANTM,1551.182373046875
2023-10-04,ANTM,1529.2110595703125
2023-10-05,ANTM,1498.4510498046875
2023-10-06,ANTM,1507.239501953125
2023-10-09,ANTM,1590.73095703125
2023-10-10,ANTM,1595.125244140625
2023-10-11,ANTM,1595.125244140625
2023-10-12,ANTM,1559.970947265625
2023-10-13,ANTM,1542.3939208984375
2023-10-16,ANTM,1586.336669921875
2023-10-17,ANTM,1590.73095703125
2023-10-18,ANTM,1625.88525390625
2023-10-19,ANTM,1595.125244140625
2023-10-20,ANTM,1603.913818359375
2023-10-23,ANTM,1537.99951171875
2023-10-24,ANTM,1551.182373046875
2023-10-25,ANTM,1520.42236328125
2023-10-26,ANTM,1520.42236328125
2023-10-27,ANTM,1516.0281982421875
2023-10-30,ANTM,1516.0281982421875
2023-10-31,ANTM,1498.4510498046875
2023-11-01,ANTM,1450.1138916015625
2023-11-02,ANTM,1450.1138916015625
2023-11-03,ANTM,1454.508056640625
2023-11-06,ANTM,1494.056640625
2023-11-07,ANTM,1485.2681884765625
2023-11-08,ANTM,1458.9024658203125
2023-11-09,ANTM,1454.508056640625
2023-11-10,ANTM,1428.1424560546875
2023-11-13,ANTM,1423.7481689453125
2023-11-14,ANTM,1423.7481689453125
2023-11-15,ANTM,1441.3253173828125
2023-11-16,ANTM,1450.1138916015625
2023-11-17,ANTM,1436.9310302734375
2023-11-20,ANTM,1414.9595947265625
2023-11-21,ANTM,1423.7481689453125
2023-11-22,ANTM,1410.5653076171875
2023-11-23,ANTM,1406.1710205078125
2023-11-24,ANTM,1410.5653076171875
2023-11-27,ANTM,1423.7481689453125
2023-11-28,ANTM,1454.508056640625
2023-11-29,ANTM,1494.056640625
2023-11-30,ANTM,1529.2110595703125
2023-12-01,ANTM,1498.4510498046875
2023-12-04,ANTM,1537.99951171875
2023-12-05,ANTM,1533.605224609375
2023-12-06,ANTM,1494.056640625
2023-12-07,ANTM,1436.9310302734375
2023-12-08,ANTM,1480.873779296875
2023-12-11,ANTM,1454.508056640625
2023-12-12,ANTM,1428.1424560546875
2023-12-13,ANTM,1401.7767333984375
2023-12-14,ANTM,1441.3253173828125
2023-12-15,ANTM,1467.69091796875
2023-12-18,ANTM,1463.2967529296875
2023-12-19,ANTM,1441.3253173828125
2023-12-20,ANTM,1436.9310302734375
2023-12-21,ANTM,1436.9310302734375
2023-12-22,ANTM,1463.2967529296875
2023-12-27,ANTM,1524.816650390625
2023-12-28,ANTM,1507.239501953125
2023-12-29,ANTM,1498.4510498046875
2024-01-02,ANTM,1524.816650390625
2024-01-03,ANTM,1494.056640625
2024-01-04,ANTM,1480.873779296875
2024-01-05,ANTM,1472.0853271484375
2024-01-08,ANTM,1450.1138916015625
2024-01-09,ANTM,1445.7196044921875
2024-01-10,ANTM,1454.508056640625
2024-01-11,ANTM,1436.9310302734375
2024-01-12,ANTM,1428.1424560546875
2024-01-15,ANTM,1410.5653076171875
2024-01-16,ANTM,1410.5653076171875
2024-01-17,ANTM,1410.5653076171875
2024-01-18,ANTM,1423.7481689453125
2024-01-19,ANTM,1445.7196044921875
2024-01-22,ANTM,1445.7196044921875
2024-01-23,ANTM,1414.9595947265625
2024-01-24,ANTM,1349.0452880859375
2024-01-25,ANTM,1366.6224365234375
2024-01-26,ANTM,1384.19970703125
2024-01-29,ANTM,1375.4110107421875
2024-01-30,ANTM,1375.4110107421875
2024-01-31,ANTM,1362.2281494140625
2024-02-01,ANTM,1349.0452880859375
2024-02-02,ANTM,1340.2567138671875
2024-02-05,ANTM,1265.553955078125
2024-02-06,ANTM,1252.37109375
2024-02-07,ANTM,1239.188232421875
2024-02-12,ANTM,1287.525390625
2024-02-13,ANTM,1357.833984375
2024-02-15,ANTM,1353.4395751953125
2024-02-16,ANTM,1344.651123046875
2024-02-19,ANTM,1331.46826171875
2024-02-20,ANTM,1322.6795654296875
2024-02-21,ANTM,1291.919677734375
2024-02-22,ANTM,1318.285400390625
2024-02-23,ANTM,1362.2281494140625
2024-02-26,ANTM,1331.46826171875
2024-02-27,ANTM,1300.708251953125
2024-02-28,ANTM,1309.4967041015625
2024-02-29,ANTM,1283.1309814453125
2024-03-01,ANTM,1300.708251953125
2024-03-04,ANTM,1283.1309814453125
2024-03-05,ANTM,1283.1309814453125
2024-03-06,ANTM,1340.2567138671875
2024-03-07,ANTM,1384.19970703125
2024-03-08,ANTM,1375.4110107421875
2024-03-13,ANTM,1423.7481689453125
2024-03-14,ANTM,1445.7196044921875
2024-03-15,ANTM,1419.3538818359375
2024-03-18,ANTM,1454.508056640625
2024-03-19,ANTM,1458.9024658203125
2024-03-20,ANTM,1458.9024658203125
2024-03-21,ANTM,1494.056640625
2024-03-22,ANTM,1467.69091796875
2024-03-25,ANTM,1458.9024658203125
2024-03-26,ANTM,1463.2967529296875
2024-03-27,ANTM,1436.9310302734375
2024-03-28,ANTM,1406.1710205078125
2024-04-01,ANTM,1388.5938720703125
2024-04-02,ANTM,1441.3253173828125
2024-04-03,ANTM,1445.7196044921875
2024-04-04,ANTM,1458.9024658203125
2024-04-05,ANTM,1467.69091796875
2024-04-16,ANTM,1590.73095703125
2024-04-17,ANTM,1577.548095703125
2024-04-18,ANTM,1516.0281982421875
2024-04-19,ANTM,1546.7880859375
2024-04-22,ANTM,1555.5767822265625
2024-04-23,ANTM,1529.2110595703125
2024-04-24,ANTM,1476.4796142578125
2024-04-25,ANTM,1397.3824462890625
2024-04-26,ANTM,1401.7767333984375
2024-04-29,ANTM,1419.3538818359375
2024-04-30,ANTM,1441.3253173828125
2024-05-02,ANTM,1327.0738525390625
2024-05-03,ANTM,1309.4967041015625
2024-05-06,ANTM,1331.46826171875
2024-05-07,ANTM,1322.6795654296875
2024-05-08,ANTM,1349.0452880859375
2024-05-13,ANTM,1340.2567138671875
2024-05-14,ANTM,1340.2567138671875
2024-05-15,ANTM,1375.4110107421875
2024-05-16,ANTM,1375.4110107421875
2024-05-17,ANTM,1423.7481689453125
2024-05-20,ANTM,1454.508056640625
2024-05-21,ANTM,1490.773681640625
2024-05-22,ANTM,1452.6707763671875
2024-05-27,ANTM,1424.09375
2024-05-28,ANTM,1443.1451416015625
2024-05-29,ANTM,1452.6707763671875
2024-05-30,ANTM,1419.330810546875
2024-05-31,ANTM,1395.5166015625
2024-06-03,ANTM,1400.2794189453125
2024-06-04,ANTM,1371.7022705078125
2024-06-05,ANTM,1276.4451904296875
2024-06-06,ANTM,1252.630859375
2024-06-07,ANTM,1238.34228515625
2024-06-10,ANTM,1181.1881103515625
2024-06-11,ANTM,1195.4766845703125
2024-06-12,ANTM,1209.7652587890625
2024-06-13,ANTM,1195.4766845703125
2024-06-14,ANTM,1152.6109619140625
2024-06-19,ANTM,1157.373779296875
2024-06-20,ANTM,1157.373779296875
2024-06-21,ANTM,1171.662353515625
2024-06-24,ANTM,1190.7137451171875
2024-06-25,ANTM,1166.8995361328125
2024-06-26,ANTM,1157.373779296875
2024-06-27,ANTM,1171.662353515625
2024-06-28,ANTM,1190.7137451171875
2024-07-01,ANTM,1243.105224609375
2024-07-02,ANTM,1233.5794677734375
2024-07-03,ANTM,1252.630859375
2024-07-04,ANTM,1262.1566162109375
2024-07-05,ANTM,1247.8680419921875
2024-07-08,ANTM,1300.259521484375
2024-07-09,ANTM,1281.2080078125
2024-07-10,ANTM,1281.2080078125
2024-07-11,ANTM,1295.49658203125
2024-07-12,ANTM,1295.49658203125
2024-07-15,ANTM,1285.970947265625
2024-07-16,ANTM,1276.4451904296875
2024-07-17,ANTM,1314.5479736328125
2024-07-18,ANTM,1309.78515625
2024-07-19,ANTM,1285.970947265625
2024-07-22,ANTM,1276.4451904296875
2024-07-23,ANTM,1252.630859375
2024-07-24,ANTM,1247.8680419921875
2024-07-25,ANTM,1219.2908935546875
2024-07-26,ANTM,1233.5794677734375
2024-07-29,ANTM,1247.8680419921875
2024-07-30,ANTM,1238.34228515625
2024-07-31,ANTM,1252.630859375
2024-08-01,ANTM,1281.2080078125
2024-08-02,ANTM,1281.2080078125
2024-08-05,ANTM,1224.0538330078125
2024-08-06,ANTM,1233.5794677734375
2024-08-07,ANTM,1233.5794677734375
2024-08-08,ANTM,1209.7652587890625
2024-08-09,ANTM,1224.0538330078125
2024-08-12,ANTM,1247.8680419921875
2024-08-13,ANTM,1247.8680419921875
2024-08-14,ANTM,1243.105224609375
2024-08-15,ANTM,1319.3109130859375
2024-08-16,ANTM,1390.753662109375
2024-08-19,ANTM,1400.2794189453125
2024-08-20,ANTM,1405.042236328125
2024-08-21,ANTM,1400.2794189453125
2024-08-22,ANTM,1371.7022705078125
2024-08-23,ANTM,1381.22802734375
2024-08-26,ANTM,1409.80517578125
2024-08-27,ANTM,1400.2794189453125
2024-08-28,ANTM,1381.22802734375
2024-08-29,ANTM,1343.1251220703125
2024-08-30,ANTM,1324.07373046875
2024-09-02,ANTM,1328.8365478515625
2024-09-03,ANTM,1305.0223388671875
2024-09-04,ANTM,1281.2080078125
2024-09-05,ANTM,1281.2080078125
2024-09-06,ANTM,1271.682373046875
2024-09-09,ANTM,1257.393798828125
2024-09-10,ANTM,1257.393798828125
2024-09-11,ANTM,1252.630859375
2024-09-12,ANTM,1281.2080078125
2024-09-13,ANTM,1271.682373046875
2024-09-17,ANTM,1314.5479736328125
2024-09-18,ANTM,1300.259521484375
2024-09-19,ANTM,1309.78515625
2024-09-20,ANTM,1305.0223388671875
2024-09-23,ANTM,1328.8365478515625
2024-09-24,ANTM,1343.1251220703125
2024-09-25,ANTM,1371.7022705078125
2024-09-26,ANTM,1357.4136962890625
2024-09-27,ANTM,1400.2794189453125
2024-09-30,ANTM,1409.80517578125
2024-10-01,ANTM,1428.8565673828125
2024-10-02,ANTM,1462.196533203125
2024-10-03,ANTM,1462.196533203125
2024-10-04,ANTM,1452.6707763671875
2024-10-07,ANTM,1471.7222900390625
2024-10-08,ANTM,1452.6707763671875
2024-10-09,ANTM,1443.1451416015625
2024-10-10,ANTM,1462.196533203125
2024-10-11,ANTM,1490.773681640625
2024-10-14,ANTM,1552.6907958984375
2024-10-15,ANTM,1524.1136474609375
2024-10-16,ANTM,1495.5364990234375
2024-10-17,ANTM,1543.1650390625
2024-10-18,ANTM,1547.927978515625
2024-10-21,ANTM,1609.8450927734375
2024-10-22,ANTM,1590.7935791015625
2024-10-23,ANTM,1571.7421875
2024-10-24,ANTM,1543.1650390625
2024-10-25,ANTM,1509.8250732421875
2024-10-28,ANTM,1533.639404296875
2024-10-29,ANTM,1538.4022216796875
2024-10-30,ANTM,1552.6907958984375
2024-10-31,ANTM,1524.1136474609375
2024-11-01,ANTM,1447.907958984375
2024-11-04,ANTM,1452.6707763671875
2024-11-05,ANTM,1500.2994384765625
2024-11-06,ANTM,1466.9593505859375
2024-11-07,ANTM,1500.2994384765625
2024-11-08,ANTM,1509.8250732421875
2024-11-11,ANTM,1457.4337158203125
2024-11-12,ANTM,1490.773681640625
2024-11-13,ANTM,1428.8565673828125
2024-11-14,ANTM,1409.80517578125
2024-11-15,ANTM,1333.5994873046875
2024-11-18,ANTM,1328.8365478515625
2024-11-19,ANTM,1405.042236328125
2024-11-20,ANTM,1400.2794189453125
2024-11-21,ANTM,1419.330810546875
2024-11-22,ANTM,1381.22802734375
2024-11-25,ANTM,1414.5679931640625
2024-11-26,ANTM,1381.22802734375
2024-11-28,ANTM,1352.65087890625
2024-11-29,ANTM,1362.1766357421875
2024-12-02,ANTM,1343.1251220703125
2024-12-03,ANTM,1381.22802734375
2024-12-04,ANTM,1395.5166015625
2024-12-05,ANTM,1419.330810546875
2024-12-06,ANTM,1414.5679931640625
2024-12-09,ANTM,1419.330810546875
2024-12-10,ANTM,1547.927978515625
2024-12-11,ANTM,1524.1136474609375
2024-12-12,ANTM,1538.4022216796875
2024-12-13,ANTM,1509.8250732421875
2024-12-16,ANTM,1486.0108642578125
2024-12-17,ANTM,1438.3822021484375
2024-12-18,ANTM,1443.1451416015625
2024-12-19,ANTM,1400.2794189453125
2024-12-20,ANTM,1352.65087890625
2024-12-23,ANTM,1385.9908447265625
2024-12-24,ANTM,1366.939453125
2024-12-27,ANTM,1452.6707763671875
2024-12-30,ANTM,1452.6707763671875
2025-01-02,ANTM,1471.7222900390625
2025-01-03,ANTM,1447.907958984375
2025-01-06,ANTM,1395.5166015625
2025-01-07,ANTM,1366.939453125
2025-01-08,ANTM,1362.1766357421875
2025-01-09,ANTM,1352.65087890625
2025-01-10,ANTM,1395.5166015625
2025-01-13,ANTM,1409.80517578125
2025-01-14,ANTM,1447.907958984375
2025-01-15,ANTM,1457.4337158203125
2025-01-16,ANTM,1447.907958984375
2025-01-17,ANTM,1447.907958984375
2025-01-20,ANTM,1438.3822021484375
2025-01-21,ANTM,1438.3822021484375
2025-01-22,ANTM,1447.907958984375
2025-01-23,ANTM,1419.330810546875
2025-01-24,ANTM,1419.330810546875
2025-01-30,ANTM,1328.8365478515625
2025-01-31,ANTM,1324.07373046875
2025-02-03,ANTM,1314.5479736328125
2025-02-04,ANTM,1333.5994873046875
2025-02-05,ANTM,1381.22802734375
2025-02-06,ANTM,1333.5994873046875
2025-02-07,ANTM,1362.1766357421875
2025-02-10,ANTM,1319.3109130859375
2025-02-11,ANTM,1333.5994873046875
2025-02-12,ANTM,1328.8365478515625
2025-02-13,ANTM,1400.2794189453125
2025-02-14,ANTM,1457.4337158203125
2025-02-17,ANTM,1481.2479248046875
2025-02-18,ANTM,1476.485107421875
2025-02-19,ANTM,1500.2994384765625
2025-02-20,ANTM,1605.0821533203125
2025-02-21,ANTM,1543.1650390625
2025-02-24,ANTM,1562.216552734375
2025-02-25,ANTM,1557.45361328125
2025-02-26,ANTM,1552.6907958984375
2025-02-27,ANTM,1547.927978515625
2025-02-28,ANTM,1509.8250732421875
2025-03-03,ANTM,1509.8250732421875
2025-03-04,ANTM,1466.9593505859375
2025-03-05,ANTM,1543.1650390625
2025-03-06,ANTM,1547.927978515625
2025-03-07,ANTM,1552.6907958984375
2025-03-10,ANTM,1419.330810546875
2025-03-11,ANTM,1447.907958984375
2025-03-12,ANTM,1471.7222900390625
2025-03-13,ANTM,1462.196533203125
2025-03-14,ANTM,1514.587890625
2025-03-17,ANTM,1576.5050048828125
2025-03-18,ANTM,1557.45361328125
2025-03-19,ANTM,1581.2679443359375
2025-03-20,ANTM,1566.9793701171875
2025-03-21,ANTM,1509.8250732421875
2025-03-24,ANTM,1514.587890625
2025-03-25,ANTM,1524.1136474609375
2025-03-26,ANTM,1571.7421875
2025-03-27,ANTM,1557.45361328125
2025-04-08,ANTM,1333.5994873046875
2025-04-09,ANTM,1405.042236328125
2025-04-10,ANTM,1552.6907958984375
2025-04-11,ANTM,1609.8450927734375
2025-04-14,ANTM,1743.2049560546875
2025-04-15,ANTM,1771.7821044921875
2025-04-16,ANTM,1833.69921875
2025-04-17,ANTM,1852.7506103515625
2025-04-21,ANTM,1990.8734130859375
2025-04-22,ANTM,2086.130615234375
2025-04-23,ANTM,1971.822021484375
2025-04-24,ANTM,2048.02783203125
2025-04-25,ANTM,2038.501953125
2025-04-28,ANTM,2028.976318359375
2025-04-29,ANTM,2076.604736328125
2025-04-30,ANTM,2067.0791015625
2025-05-02,ANTM,2181.3876953125
2025-05-05,ANTM,2209.96484375
2025-05-06,ANTM,2419.530517578125
2025-05-07,ANTM,2619.5703125
2025-05-08,ANTM,2486.21044921875
2025-05-09,ANTM,2552.890380859375
2025-05-14,ANTM,2429.05615234375
2025-05-15,ANTM,2429.05615234375
2025-05-16,ANTM,2514.78759765625
2025-05-19,ANTM,2590.9931640625
2025-05-20,ANTM,2600.51904296875
2025-05-21,ANTM,2771.981689453125
2025-05-22,ANTM,2819.6103515625
2025-05-23,ANTM,2981.54736328125
2025-05-26,ANTM,2962.495849609375
2025-05-27,ANTM,2886.290283203125
2025-05-28,ANTM,2962.495849609375
2025-06-02,ANTM,3162.535888671875
2025-06-03,ANTM,3200.638671875
2025-06-04,ANTM,3381.627197265625
2025-06-05,ANTM,3286.3701171875
2025-06-10,ANTM,3105.381591796875
2025-06-11,ANTM,3124.43310546875
2025-06-12,ANTM,3019.650146484375
2025-06-13,ANTM,3143.484375
2025-06-16,ANTM,3124.43310546875
2025-06-17,ANTM,3305.42138671875
2025-06-18,ANTM,3381.627197265625
2025-06-19,ANTM,3172.0615234375
2025-06-20,ANTM,3048.227294921875
2025-06-23,ANTM,3190.0
2025-06-24,ANTM,3090.0
2025-06-25,ANTM,2930.0
2025-06-26,ANTM,2940.0
2025-06-30,ANTM,3040.0
2025-07-01,ANTM,3070.0
2025-07-02,ANTM,2990.0
2025-07-03,ANTM,3120.0
2025-07-04,ANTM,3000.0
2025-07-07,ANTM,2910.0
2025-07-08,ANTM,2930.0
2025-07-09,ANTM,2920.0
2025-07-10,ANTM,2990.0
2025-07-11,ANTM,2990.0
2025-07-14,ANTM,3030.0
2025-07-15,ANTM,3000.0
2025-07-16,ANTM,2990.0
2025-07-17,ANTM,3010.0
2025-07-18,ANTM,2970.0
2025-07-21,ANTM,3190.0
2025-07-22,ANTM,2960.0
2025-07-23,ANTM,3040.0
2025-07-24,ANTM,3030.0
2025-07-25,ANTM,2970.0
2025-07-28,ANTM,2970.0
2025-07-29,ANTM,3000.0
2025-07-30,ANTM,2990.0
2025-07-31,ANTM,2850.0
2025-08-01,ANTM,2880.0
2025-08-04,ANTM,2910.0
2025-08-05,ANTM,2940.0
2025-08-06,ANTM,3080.0
2025-08-07,ANTM,3150.0
2025-08-08,ANTM,3090.0
2025-08-11,ANTM,2940.0
2025-08-12,ANTM,2900.0
2025-08-13,ANTM,2910.0
2025-08-14,ANTM,2890.0
2025-08-15,ANTM,2900.0
2025-08-19,ANTM,2810.0
2025-08-20,ANTM,2840.0
2025-08-21,ANTM,2830.0
2025-08-22,ANTM,2820.0
2025-08-25,ANTM,2870.0
2025-08-26,ANTM,2880.0
2025-08-27,ANTM,2960.0
2025-08-28,ANTM,2980.0
2025-08-29,ANTM,3040.0
2025-09-01,ANTM,3200.0
2025-09-02,ANTM,3470.0
2025-09-03,ANTM,3480.0
2025-09-04,ANTM,3390.0
2025-09-08,ANTM,3610.0
2025-09-09,ANTM,3660.0
2025-09-10,ANTM,3510.0
2025-09-11,ANTM,3390.0
2025-09-12,ANTM,3490.0
2025-09-15,ANTM,3490.0
2025-09-16,ANTM,3600.0
2025-09-17,ANTM,3460.0
2025-09-18,ANTM,3420.0
2025-09-19,ANTM,3450.0
2025-09-22,ANTM,3580.0
2025-09-23,ANTM,3670.0
2025-09-24,ANTM,3470.0
2025-09-25,ANTM,3170.0
2025-09-26,ANTM,3210.0
2025-09-29,ANTM,3300.0
2025-09-30,ANTM,3160.0
2025-10-01,ANTM,3210.0
2025-10-02,ANTM,3110.0
2025-10-03,ANTM,3200.0
2025-10-06,ANTM,3190.0
2025-10-07,ANTM,3140.0
2025-10-08,ANTM,3330.0
2025-10-09,ANTM,3220.0
2025-10-10,ANTM,3310.0
2025-10-13,ANTM,3370.0
2025-10-14,ANTM,3350.0
2025-10-15,ANTM,3400.0
2025-10-16,ANTM,3430.0
2025-10-17,ANTM,3450.0
2025-10-20,ANTM,3270.0
2025-10-21,ANTM,3290.0
2025-10-22,ANTM,3170.0
2025-10-23,ANTM,3190.0
2025-10-24,ANTM,3130.0
2025-10-27,ANTM,3150.0
2025-10-28,ANTM,3100.0
2025-10-29,ANTM,3200.0
2025-10-30,ANTM,3120.0
2025-10-31,ANTM,3100.0
2025-11-03,ANTM,3110.0
2025-11-04,ANTM,2960.0
2025-11-05,ANTM,2980.0
2025-11-06,ANTM,2930.0
2025-11-07,ANTM,2900.0
2025-11-10,ANTM,2910.0
2025-11-11,ANTM,2880.0
2025-11-12,ANTM,2880.0
2025-11-13,ANTM,2890.0
2025-11-14,ANTM,3040.0
2025-11-17,ANTM,3060.0
2025-11-18,ANTM,3010.0
2025-11-19,ANTM,3000.0
2025-11-20,ANTM,2980.0
2025-11-21,ANTM,2910.0
2025-11-24,ANTM,2930.0
2025-11-25,ANTM,3000.0
2025-11-26,ANTM,3030.0
2025-11-27,ANTM,3000.0
2025-11-28,ANTM,2910.0
2025-12-01,ANTM,2990.0
2025-12-02,ANTM,2980.0
2025-12-03,ANTM,2920.0
2025-12-04,ANTM,2900.0
2025-12-05,ANTM,2910.0
2025-12-08,ANTM,2970.0
2025-12-09,ANTM,2920.0
2025-12-10,ANTM,2930.0
2025-12-11,ANTM,2890.0
2025-12-12,ANTM,3050.0
2025-12-15,ANTM,3030.0
2025-12-16,ANTM,2970.0
2025-12-17,ANTM,3020.0
2025-12-18,ANTM,3110.0
2025-12-19,ANTM,3070.0
2025-12-22,ANTM,3190.0
2025-12-23,ANTM,3190.0
2025-12-24,ANTM,3220.0
2025-12-29,ANTM,3300.0
2025-12-30,ANTM,3150.0
2026-01-02,ANTM,3210.0
2026-01-05,ANTM,3390.0
2026-01-06,ANTM,3450.0
2026-01-07,ANTM,3850.0
2026-01-08,ANTM,3490.0
2026-01-09,ANTM,3630.0
2026-01-12,ANTM,3830.0
2026-01-13,ANTM,3880.0
2026-01-14,ANTM,4090.0
2026-01-15,ANTM,4050.0
2026-01-19,ANTM,4000.0
2026-01-20,ANTM,4120.0
2026-01-21,ANTM,4270.0
2026-01-22,ANTM,4220.0
2026-01-23,ANTM,4290.0
2026-01-26,ANTM,4760.0
2022-12-30,ARTO,3720.0
2023-01-02,ARTO,3630.0
2023-01-03,ARTO,3540.0
2023-01-04,ARTO,3510.0
2023-01-05,ARTO,3270.0
2023-01-06,ARTO,3060.0
2023-01-09,ARTO,2980.0
2023-01-10,ARTO,2970.0
2023-01-11,ARTO,2780.0
2023-01-12,ARTO,3200.0
2023-01-13,ARTO,3050.0
2023-01-16,ARTO,3090.0
2023-01-17,ARTO,3050.0
2023-01-18,ARTO,3120.0
2023-01-19,ARTO,3210.0
2023-01-20,ARTO,3210.0
2023-01-24,ARTO,3190.0
2023-01-25,ARTO,3450.0
2023-01-26,ARTO,3580.0
2023-01-27,ARTO,3330.0
2023-01-30,ARTO,3220.0
2023-01-31,ARTO,3210.0
2023-02-01,ARTO,3190.0
2023-02-02,ARTO,3600.0
2023-02-03,ARTO,3640.0
2023-02-06,ARTO,3630.0
2023-02-07,ARTO,3470.0
2023-02-08,ARTO,3430.0
2023-02-09,ARTO,3300.0
2023-02-10,ARTO,3070.0
2023-02-13,ARTO,2870.0
2023-02-14,ARTO,2820.0
2023-02-15,ARTO,2870.0
2023-02-16,ARTO,3030.0
2023-02-17,ARTO,2980.0
2023-02-20,ARTO,2960.0
2023-02-21,ARTO,2960.0
2023-02-22,ARTO,2760.0
2023-02-23,ARTO,2600.0
2023-02-24,ARTO,2530.0
2023-02-27,ARTO,2470.0
2023-02-28,ARTO,2510.0
2023-03-01,ARTO,2690.0
2023-03-02,ARTO,2850.0
2023-03-03,ARTO,2750.0
2023-03-06,ARTO,2770.0
2023-03-07,ARTO,2600.0
2023-03-08,ARTO,2560.0
2023-03-09,ARTO,2710.0
2023-03-10,ARTO,2620.0
2023-03-13,ARTO,2560.0
2023-03-14,ARTO,2390.0
2023-03-15,ARTO,2260.0
2023-03-16,ARTO,2160.0
2023-03-17,ARTO,2240.0
2023-03-20,ARTO,2140.0
2023-03-21,ARTO,2350.0
2023-03-24,ARTO,2380.0
2023-03-27,ARTO,2280.0
2023-03-28,ARTO,2230.0
2023-03-29,ARTO,2430.0
2023-03-30,ARTO,2490.0
2023-03-31,ARTO,2420.0
2023-04-03,ARTO,2490.0
2023-04-04,ARTO,2390.0
2023-04-05,ARTO,2390.0
2023-04-06,ARTO,2330.0
2023-04-10,ARTO,2240.0
2023-04-11,ARTO,2350.0
2023-04-12,ARTO,2290.0
2023-04-13,ARTO,2240.0
2023-04-14,ARTO,2200.0
2023-04-17,ARTO,2140.0
2023-04-18,ARTO,2090.0
2023-04-26,ARTO,2000.0
2023-04-27,ARTO,1995.0
2023-04-28,ARTO,2070.0
2023-05-02,ARTO,2130.0
2023-05-03,ARTO,2170.0
2023-05-04,ARTO,2140.0
2023-05-05,ARTO,2180.0
2023-05-08,ARTO,2240.0
2023-05-09,ARTO,2310.0
2023-05-10,ARTO,2340.0
2023-05-11,ARTO,2320.0
2023-05-12,ARTO,2490.0
2023-05-15,ARTO,2450.0
2023-05-16,ARTO,2420.0
2023-05-17,ARTO,2380.0
2023-05-19,ARTO,2410.0
2023-05-22,ARTO,2530.0
2023-05-23,ARTO,2620.0
2023-05-24,ARTO,2550.0
2023-05-25,ARTO,2510.0
2023-05-26,ARTO,2340.0
2023-05-29,ARTO,2300.0
2023-05-30,ARTO,2420.0
2023-05-31,ARTO,2380.0
2023-06-05,ARTO,2500.0
2023-06-06,ARTO,2570.0
2023-06-07,ARTO,2630.0
2023-06-08,ARTO,2940.0
2023-06-09,ARTO,3190.0
2023-06-12,ARTO,3150.0
2023-06-13,ARTO,3080.0
2023-06-14,ARTO,3100.0
2023-06-15,ARTO,2920.0
2023-06-16,ARTO,2920.0
2023-06-19,ARTO,2980.0
2023-06-20,ARTO,2910.0
2023-06-21,ARTO,3220.0
2023-06-22,ARTO,3230.0
2023-06-23,ARTO,3070.0
2023-06-26,ARTO,3220.0
2023-06-27,ARTO,3180.0
2023-07-03,ARTO,3240.0
2023-07-04,ARTO,3460.0
2023-07-05,ARTO,3350.0
2023-07-06,ARTO,3300.0
2023-07-07,ARTO,3230.0
2023-07-10,ARTO,3150.0
2023-07-11,ARTO,3160.0
2023-07-12,ARTO,3160.0
2023-07-13,ARTO,3210.0
2023-07-14,ARTO,3200.0
2023-07-17,ARTO,3200.0
2023-07-18,ARTO,3020.0
2023-07-20,ARTO,3020.0
2023-07-21,ARTO,3040.0
2023-07-24,ARTO,2960.0
2023-07-25,ARTO,2990.0
2023-07-26,ARTO,2980.0
2023-07-27,ARTO,3010.0
2023-07-28,ARTO,3010.0
2023-07-31,ARTO,2910.0
2023-08-01,ARTO,2940.0
2023-08-02,ARTO,2650.0
2023-08-03,ARTO,2670.0
2023-08-04,ARTO,2650.0
2023-08-07,ARTO,2600.0
2023-08-08,ARTO,2730.0
2023-08-09,ARTO,2600.0
2023-08-10,ARTO,2560.0
2023-08-11,ARTO,2600.0
2023-08-14,ARTO,2620.0
2023-08-15,ARTO,2580.0
2023-08-16,ARTO,2640.0
2023-08-18,ARTO,2590.0
2023-08-21,ARTO,2510.0
2023-08-22,ARTO,2520.0
2023-08-23,ARTO,2500.0
2023-08-24,ARTO,2500.0
2023-08-25,ARTO,2420.0
2023-08-28,ARTO,2410.0
2023-08-29,ARTO,2390.0
2023-08-30,ARTO,2290.0
2023-08-31,ARTO,2330.0
2023-09-01,ARTO,2300.0
2023-09-04,ARTO,2220.0
2023-09-05,ARTO,2170.0
2023-09-06,ARTO,2170.0
2023-09-07,ARTO,2290.0
2023-09-08,ARTO,2300.0
2023-09-11,ARTO,2420.0
2023-09-12,ARTO,2340.0
2023-09-13,ARTO,2360.0
2023-09-14,ARTO,2330.0
2023-09-15,ARTO,2250.0
2023-09-18,ARTO,2220.0
2023-09-19,ARTO,2290.0
2023-09-20,ARTO,2270.0
2023-09-21,ARTO,2220.0
2023-09-22,ARTO,2230.0
2023-09-25,ARTO,2210.0
2023-09-26,ARTO,2120.0
2023-09-27,ARTO,2030.0
2023-09-29,ARTO,2020.0
2023-10-02,ARTO,2040.0
2023-10-03,ARTO,2040.0
2023-10-04,ARTO,2020.0
2023-10-05,ARTO,2010.0
2023-10-06,ARTO,1995.0
2023-10-09,ARTO,1985.0
2023-10-10,ARTO,1930.0
2023-10-11,ARTO,1870.0
2023-10-12,ARTO,1770.0
2023-10-13,ARTO,1620.0
2023-10-16,ARTO,1830.0
2023-10-17,ARTO,1840.0
2023-10-18,ARTO,1720.0
2023-10-19,ARTO,1700.0
2023-10-20,ARTO,1710.0
2023-10-23,ARTO,1695.0
2023-10-24,ARTO,1720.0
2023-10-25,ARTO,1660.0
2023-10-26,ARTO,1605.0
2023-10-27,ARTO,1610.0
2023-10-30,ARTO,1565.0
2023-10-31,ARTO,1575.0
2023-11-01,ARTO,1535.0
2023-11-02,ARTO,1610.0
2023-11-03,ARTO,1800.0
2023-11-06,ARTO,1945.0
2023-11-07,ARTO,1960.0
2023-11-08,ARTO,1910.0
2023-11-09,ARTO,2070.0
2023-11-10,ARTO,2060.0
2023-11-13,ARTO,1950.0
2023-11-14,ARTO,2050.0
2023-11-15,ARTO,2300.0
2023-11-16,ARTO,2300.0
2023-11-17,ARTO,2290.0
2023-11-20,ARTO,2340.0
2023-11-21,ARTO,2330.0
2023-11-22,ARTO,2290.0
2023-11-23,ARTO,2860.0
2023-11-24,ARTO,3090.0
2023-11-27,ARTO,3120.0
2023-11-28,ARTO,3050.0
2023-11-29,ARTO,3200.0
2023-11-30,ARTO,3200.0
2023-12-01,ARTO,3490.0
2023-12-04,ARTO,3090.0
2023-12-05,ARTO,3180.0
2023-12-06,ARTO,3030.0
2023-12-07,ARTO,3000.0
2023-12-08,ARTO,3180.0
2023-12-11,ARTO,3110.0
2023-12-12,ARTO,3600.0
2023-12-13,ARTO,3200.0
2023-12-14,ARTO,3300.0
2023-12-15,ARTO,3210.0
2023-12-18,ARTO,2950.0
2023-12-19,ARTO,3010.0
2023-12-20,ARTO,2970.0
2023-12-21,ARTO,2970.0
2023-12-22,ARTO,2930.0
2023-12-27,ARTO,2970.0
2023-12-28,ARTO,2940.0
2023-12-29,ARTO,2900.0
2024-01-02,ARTO,2930.0
2024-01-03,ARTO,3160.0
2024-01-04,ARTO,3130.0
2024-01-05,ARTO,3090.0
2024-01-08,ARTO,3030.0
2024-01-09,ARTO,3170.0
2024-01-10,ARTO,3250.0
2024-01-11,ARTO,3390.0
2024-01-12,ARTO,3400.0
2024-01-15,ARTO,3440.0
2024-01-16,ARTO,3460.0
2024-01-17,ARTO,3370.0
2024-01-18,ARTO,3380.0
2024-01-19,ARTO,3500.0
2024-01-22,ARTO,3650.0
2024-01-23,ARTO,3570.0
2024-01-24,ARTO,3530.0
2024-01-25,ARTO,3560.0
2024-01-26,ARTO,3400.0
2024-01-29,ARTO,3140.0
2024-01-30,ARTO,3230.0
2024-01-31,ARTO,3210.0
2024-02-01,ARTO,3170.0
2024-02-02,ARTO,3070.0
2024-02-05,ARTO,3050.0
2024-02-06,ARTO,3040.0
2024-02-07,ARTO,3050.0
2024-02-12,ARTO,3150.0
2024-02-13,ARTO,3100.0
2024-02-15,ARTO,3110.0
2024-02-16,ARTO,2960.0
2024-02-19,ARTO,2740.0
2024-02-20,ARTO,2690.0
2024-02-21,ARTO,2600.0
2024-02-22,ARTO,2590.0
2024-02-23,ARTO,2540.0
2024-02-26,ARTO,2550.0
2024-02-27,ARTO,2550.0
2024-02-28,ARTO,2530.0
2024-02-29,ARTO,2710.0
2024-03-01,ARTO,2690.0
2024-03-04,ARTO,2620.0
2024-03-05,ARTO,2670.0
2024-03-06,ARTO,2910.0
2024-03-07,ARTO,2850.0
2024-03-08,ARTO,2780.0
2024-03-13,ARTO,2710.0
2024-03-14,ARTO,2740.0
2024-03-15,ARTO,2700.0
2024-03-18,ARTO,2720.0
2024-03-19,ARTO,2670.0
2024-03-20,ARTO,2570.0
2024-03-21,ARTO,2680.0
2024-03-22,ARTO,2700.0
2024-03-25,ARTO,2780.0
2024-03-26,ARTO,2800.0
2024-03-27,ARTO,2730.0
2024-03-28,ARTO,2670.0
2024-04-01,ARTO,2590.0
2024-04-02,ARTO,2670.0
2024-04-03,ARTO,2630.0
2024-04-04,ARTO,2580.0
2024-04-05,ARTO,2530.0
2024-04-16,ARTO,2300.0
2024-04-17,ARTO,2120.0
2024-04-18,ARTO,2160.0
2024-04-19,ARTO,2130.0
2024-04-22,ARTO,2180.0
2024-04-23,ARTO,2190.0
2024-04-24,ARTO,2170.0
2024-04-25,ARTO,2140.0
2024-04-26,ARTO,2040.0
2024-04-29,ARTO,2100.0
2024-04-30,ARTO,2150.0
2024-05-02,ARTO,2060.0
2024-05-03,ARTO,2110.0
2024-05-06,ARTO,2220.0
2024-05-07,ARTO,2260.0
2024-05-08,ARTO,2240.0
2024-05-13,ARTO,2250.0
2024-05-14,ARTO,2310.0
2024-05-15,ARTO,2280.0
2024-05-16,ARTO,2280.0
2024-05-17,ARTO,2290.0
2024-05-20,ARTO,2400.0
2024-05-21,ARTO,2350.0
2024-05-22,ARTO,2390.0
2024-05-27,ARTO,2400.0
2024-05-28,ARTO,2390.0
2024-05-29,ARTO,2280.0
2024-05-30,ARTO,2270.0
2024-05-31,ARTO,2410.0
2024-06-03,ARTO,2390.0
2024-06-04,ARTO,2310.0
2024-06-05,ARTO,2270.0
2024-06-06,ARTO,2300.0
2024-06-07,ARTO,2330.0
2024-06-10,ARTO,2140.0
2024-06-11,ARTO,2140.0
2024-06-12,ARTO,2140.0
2024-06-13,ARTO,2140.0
2024-06-14,ARTO,2030.0
2024-06-19,ARTO,1900.0
2024-06-20,ARTO,1965.0
2024-06-21,ARTO,2100.0
2024-06-24,ARTO,2230.0
2024-06-25,ARTO,2140.0
2024-06-26,ARTO,2200.0
2024-06-27,ARTO,2200.0
2024-06-28,ARTO,2410.0
2024-07-01,ARTO,2380.0
2024-07-02,ARTO,2380.0
2024-07-03,ARTO,2390.0
2024-07-04,ARTO,2310.0
2024-07-05,ARTO,2230.0
2024-07-08,ARTO,2350.0
2024-07-09,ARTO,2360.0
2024-07-10,ARTO,2280.0
2024-07-11,ARTO,2280.0
2024-07-12,ARTO,2320.0
2024-07-15,ARTO,2260.0
2024-07-16,ARTO,2250.0
2024-07-17,ARTO,2360.0
2024-07-18,ARTO,2400.0
2024-07-19,ARTO,2310.0
2024-07-22,ARTO,2390.0
2024-07-23,ARTO,2530.0
2024-07-24,ARTO,2450.0
2024-07-25,ARTO,2430.0
2024-07-26,ARTO,2570.0
2024-07-29,ARTO,2490.0
2024-07-30,ARTO,2670.0
2024-07-31,ARTO,2700.0
2024-08-01,ARTO,2710.0
2024-08-02,ARTO,2710.0
2024-08-05,ARTO,2690.0
2024-08-06,ARTO,2690.0
2024-08-07,ARTO,2680.0
2024-08-08,ARTO,2820.0
2024-08-09,ARTO,2840.0
2024-08-12,ARTO,2770.0
2024-08-13,ARTO,2770.0
2024-08-14,ARTO,2790.0
2024-08-15,ARTO,2800.0
2024-08-16,ARTO,2750.0
2024-08-19,ARTO,2730.0
2024-08-20,ARTO,2960.0
2024-08-21,ARTO,2900.0
2024-08-22,ARTO,2870.0
2024-08-23,ARTO,2870.0
2024-08-26,ARTO,2890.0
2024-08-27,ARTO,2860.0
2024-08-28,ARTO,2890.0
2024-08-29,ARTO,2870.0
2024-08-30,ARTO,2870.0
2024-09-02,ARTO,2960.0
2024-09-03,ARTO,2810.0
2024-09-04,ARTO,2770.0
2024-09-05,ARTO,2770.0
2024-09-06,ARTO,2780.0
2024-09-09,ARTO,2780.0
2024-09-10,ARTO,2840.0
2024-09-11,ARTO,2780.0
2024-09-12,ARTO,2820.0
2024-09-13,ARTO,2810.0
2024-09-17,ARTO,2990.0
2024-09-18,ARTO,3090.0
2024-09-19,ARTO,3140.0
2024-09-20,ARTO,3030.0
2024-09-23,ARTO,3180.0
2024-09-24,ARTO,3150.0
2024-09-25,ARTO,3080.0
2024-09-26,ARTO,3150.0
2024-09-27,ARTO,3160.0
2024-09-30,ARTO,3050.0
2024-10-01,ARTO,3040.0
2024-10-02,ARTO,2940.0
2024-10-03,ARTO,2950.0
2024-10-04,ARTO,2830.0
2024-10-07,ARTO,2860.0
2024-10-08,ARTO,2870.0
2024-10-09,ARTO,2830.0
2024-10-10,ARTO,2800.0
2024-10-11,ARTO,2860.0
2024-10-14,ARTO,2920.0
2024-10-15,ARTO,2900.0
2024-10-16,ARTO,2820.0
2024-10-17,ARTO,2860.0
2024-10-18,ARTO,2860.0
2024-10-21,ARTO,2960.0
2024-10-22,ARTO,2930.0
2024-10-23,ARTO,2960.0
2024-10-24,ARTO,2920.0
2024-10-25,ARTO,2860.0
2024-10-28,ARTO,2900.0
2024-10-29,ARTO,2890.0
2024-10-30,ARTO,2850.0
2024-10-31,ARTO,2840.0
2024-11-01,ARTO,2800.0
2024-11-04,ARTO,2720.0
2024-11-05,ARTO,2740.0
2024-11-06,ARTO,2560.0
2024-11-07,ARTO,2570.0
2024-11-08,ARTO,2600.0
2024-11-11,ARTO,2500.0
2024-11-12,ARTO,2460.0
2024-11-13,ARTO,2560.0
2024-11-14,ARTO,2550.0
2024-11-15,ARTO,2490.0
2024-11-18,ARTO,2460.0
2024-11-19,ARTO,2550.0
2024-11-20,ARTO,2660.0
2024-11-21,ARTO,2660.0
2024-11-22,ARTO,2730.0
2024-11-25,ARTO,2740.0
2024-11-26,ARTO,2640.0
2024-11-28,ARTO,2670.0
2024-11-29,ARTO,2640.0
2024-12-02,ARTO,2500.0
2024-12-03,ARTO,2580.0
2024-12-04,ARTO,2580.0
2024-12-05,ARTO,2550.0
2024-12-06,ARTO,2700.0
2024-12-09,ARTO,2680.0
2024-12-10,ARTO,2690.0
2024-12-11,ARTO,2670.0
2024-12-12,ARTO,2600.0
2024-12-13,ARTO,2630.0
2024-12-16,ARTO,2600.0
2024-12-17,ARTO,2590.0
2024-12-18,ARTO,2590.0
2024-12-19,ARTO,2350.0
2024-12-20,ARTO,2240.0
2024-12-23,ARTO,2400.0
2024-12-24,ARTO,2390.0
2024-12-27,ARTO,2360.0
2024-12-30,ARTO,2430.0
2025-01-02,ARTO,2430.0
2025-01-03,ARTO,2500.0
2025-01-06,ARTO,2550.0
2025-01-07,ARTO,2580.0
2025-01-08,ARTO,2600.0
2025-01-09,ARTO,2540.0
2025-01-10,ARTO,2550.0
2025-01-13,ARTO,2440.0
2025-01-14,ARTO,2440.0
2025-01-15,ARTO,2540.0
2025-01-16,ARTO,2540.0
2025-01-17,ARTO,2550.0
2025-01-20,ARTO,2580.0
2025-01-21,ARTO,2580.0
2025-01-22,ARTO,2510.0
2025-01-23,ARTO,2450.0
2025-01-24,ARTO,2350.0
2025-01-30,ARTO,2250.0
2025-01-31,ARTO,2250.0
2025-02-03,ARTO,2200.0
2025-02-04,ARTO,2250.0
2025-02-05,ARTO,2230.0
2025-02-06,ARTO,2200.0
2025-02-07,ARTO,2120.0
2025-02-10,ARTO,2020.0
2025-02-11,ARTO,1835.0
2025-02-12,ARTO,1870.0
2025-02-13,ARTO,1830.0
2025-02-14,ARTO,1920.0
2025-02-17,ARTO,1995.0
2025-02-18,ARTO,1975.0
2025-02-19,ARTO,1985.0
2025-02-20,ARTO,2000.0
2025-02-21,ARTO,2020.0
2025-02-24,ARTO,1955.0
2025-02-25,ARTO,1930.0
2025-02-26,ARTO,1910.0
2025-02-27,ARTO,1895.0
2025-02-28,ARTO,1755.0
2025-03-03,ARTO,1875.0
2025-03-04,ARTO,1840.0
2025-03-05,ARTO,1890.0
2025-03-06,ARTO,1880.0
2025-03-07,ARTO,1920.0
2025-03-10,ARTO,1930.0
2025-03-11,ARTO,1800.0
2025-03-12,ARTO,1780.0
2025-03-13,ARTO,1705.0
2025-03-14,ARTO,1635.0
2025-03-17,ARTO,1630.0
2025-03-18,ARTO,1550.0
2025-03-19,ARTO,1500.0
2025-03-20,ARTO,1475.0
2025-03-21,ARTO,1450.0
2025-03-24,ARTO,1420.0
2025-03-25,ARTO,1505.0
2025-03-26,ARTO,1520.0
2025-03-27,ARTO,1465.0
2025-04-08,ARTO,1280.0
2025-04-09,ARTO,1280.0
2025-04-10,ARTO,1395.0
2025-04-11,ARTO,1460.0
2025-04-14,ARTO,1530.0
2025-04-15,ARTO,1540.0
2025-04-16,ARTO,1540.0
2025-04-17,ARTO,1565.0
2025-04-21,ARTO,1675.0
2025-04-22,ARTO,1735.0
2025-04-23,ARTO,1860.0
2025-04-24,ARTO,1780.0
2025-04-25,ARTO,1920.0
2025-04-28,ARTO,1940.0
2025-04-29,ARTO,1900.0
2025-04-30,ARTO,1850.0
2025-05-02,ARTO,1895.0
2025-05-05,ARTO,1925.0
2025-05-06,ARTO,1940.0
2025-05-07,ARTO,1915.0
2025-05-08,ARTO,1880.0
2025-05-09,ARTO,1905.0
2025-05-14,ARTO,1960.0
2025-05-15,ARTO,1930.0
2025-05-16,ARTO,1950.0
2025-05-19,ARTO,2060.0
2025-05-20,ARTO,2060.0
2025-05-21,ARTO,2020.0
2025-05-22,ARTO,2020.0
2025-05-23,ARTO,2020.0
2025-05-26,ARTO,1880.0
2025-05-27,ARTO,1850.0
2025-05-28,ARTO,1830.0
2025-06-02,ARTO,1835.0
2025-06-03,ARTO,1740.0
2025-06-04,ARTO,1655.0
2025-06-05,ARTO,1665.0
2025-06-10,ARTO,1775.0
2025-06-11,ARTO,1820.0
2025-06-12,ARTO,1780.0
2025-06-13,ARTO,1740.0
2025-06-16,ARTO,1700.0
2025-06-17,ARTO,1730.0
2025-06-18,ARTO,1735.0
2025-06-19,ARTO,1700.0
2025-06-20,ARTO,1685.0
2025-06-23,ARTO,1585.0
2025-06-24,ARTO,1635.0
2025-06-25,ARTO,1680.0
2025-06-26,ARTO,1690.0
2025-06-30,ARTO,1775.0
2025-07-01,ARTO,1810.0
2025-07-02,ARTO,1715.0
2025-07-03,ARTO,1745.0
2025-07-04,ARTO,1720.0
2025-07-07,ARTO,1740.0
2025-07-08,ARTO,1695.0
2025-07-09,ARTO,1670.0
2025-07-10,ARTO,1715.0
2025-07-11,ARTO,1810.0
2025-07-14,ARTO,1765.0
2025-07-15,ARTO,1790.0
2025-07-16,ARTO,1780.0
2025-07-17,ARTO,1760.0
2025-07-18,ARTO,1725.0
2025-07-21,ARTO,1775.0
2025-07-22,ARTO,1745.0
2025-07-23,ARTO,1765.0
2025-07-24,ARTO,1870.0
2025-07-25,ARTO,1870.0
2025-07-28,ARTO,1870.0
2025-07-29,ARTO,1890.0
2025-07-30,ARTO,1905.0
2025-07-31,ARTO,1870.0
2025-08-01,ARTO,1850.0
2025-08-04,ARTO,1840.0
2025-08-05,ARTO,1885.0
2025-08-06,ARTO,1890.0
2025-08-07,ARTO,1890.0
2025-08-08,ARTO,1860.0
2025-08-11,ARTO,2000.0
2025-08-12,ARTO,2200.0
2025-08-13,ARTO,2160.0
2025-08-14,ARTO,2210.0
2025-08-15,ARTO,2180.0
2025-08-19,ARTO,2170.0
2025-08-20,ARTO,2270.0
2025-08-21,ARTO,2210.0
2025-08-22,ARTO,2210.0
2025-08-25,ARTO,2290.0
2025-08-26,ARTO,2270.0
2025-08-27,ARTO,2260.0
2025-08-28,ARTO,2350.0
2025-08-29,ARTO,2270.0
2025-09-01,ARTO,2170.0
2025-09-02,ARTO,2200.0
2025-09-03,ARTO,2190.0
2025-09-04,ARTO,2170.0
2025-09-08,ARTO,2000.0
2025-09-09,ARTO,1970.0
2025-09-10,ARTO,2110.0
2025-09-11,ARTO,2130.0
2025-09-12,ARTO,2120.0
2025-09-15,ARTO,2140.0
2025-09-16,ARTO,2160.0
2025-09-17,ARTO,2280.0
2025-09-18,ARTO,2210.0
2025-09-19,ARTO,2240.0
2025-09-22,ARTO,2140.0
2025-09-23,ARTO,2140.0
2025-09-24,ARTO,2100.0
2025-09-25,ARTO,2080.0
2025-09-26,ARTO,2150.0
2025-09-29,ARTO,2210.0
2025-09-30,ARTO,2130.0
2025-10-01,ARTO,2150.0
2025-10-02,ARTO,2200.0
2025-10-03,ARTO,2180.0
2025-10-06,ARTO,2130.0
2025-10-07,ARTO,2090.0
2025-10-08,ARTO,2080.0
2025-10-09,ARTO,2160.0
2025-10-10,ARTO,2100.0
2025-10-13,ARTO,2110.0
2025-10-14,ARTO,2010.0
2025-10-15,ARTO,2060.0
2025-10-16,ARTO,2050.0
2025-10-17,ARTO,1950.0
2025-10-20,ARTO,2020.0
2025-10-21,ARTO,2020.0
2025-10-22,ARTO,2020.0
2025-10-23,ARTO,2080.0
2025-10-24,ARTO,2060.0
2025-10-27,ARTO,2160.0
2025-10-28,ARTO,2300.0
2025-10-29,ARTO,2360.0
2025-10-30,ARTO,2250.0
2025-10-31,ARTO,2190.0
2025-11-03,ARTO,2210.0
2025-11-04,ARTO,2130.0
2025-11-05,ARTO,2110.0
2025-11-06,ARTO,2090.0
2025-11-07,ARTO,2150.0
2025-11-10,ARTO,2200.0
2025-11-11,ARTO,2090.0
2025-11-12,ARTO,2010.0
2025-11-13,ARTO,2030.0
2025-11-14,ARTO,2020.0
2025-11-17,ARTO,2010.0
2025-11-18,ARTO,1980.0
2025-11-19,ARTO,1960.0
2025-11-20,ARTO,1980.0
2025-11-21,ARTO,1950.0
2025-11-24,ARTO,1975.0
2025-11-25,ARTO,1995.0
2025-11-26,ARTO,2000.0
2025-11-27,ARTO,2090.0
2025-11-28,ARTO,2030.0
2025-12-01,ARTO,2010.0
2025-12-02,ARTO,2070.0
2025-12-03,ARTO,2100.0
2025-12-04,ARTO,2070.0
2025-12-05,ARTO,2070.0
2025-12-08,ARTO,2100.0
2025-12-09,ARTO,2050.0
2025-12-10,ARTO,2080.0
2025-12-11,ARTO,2050.0
2025-12-12,ARTO,2000.0
2025-12-15,ARTO,2220.0
2025-12-16,ARTO,2140.0
2025-12-17,ARTO,2030.0
2025-12-18,ARTO,2000.0
2025-12-19,ARTO,1960.0
2025-12-22,ARTO,1965.0
2025-12-23,ARTO,1965.0
2025-12-24,ARTO,1980.0
2025-12-29,ARTO,1965.0
2025-12-30,ARTO,1975.0
2026-01-02,ARTO,1970.0
2026-01-05,ARTO,1995.0
2026-01-06,ARTO,2020.0
2026-01-07,ARTO,1985.0
2026-01-08,ARTO,1980.0
2026-01-09,ARTO,1975.0
2026-01-12,ARTO,1945.0
2026-01-13,ARTO,1900.0
2026-01-14,ARTO,1890.0
2026-01-15,ARTO,1905.0
2026-01-19,ARTO,1910.0
2026-01-20,ARTO,1910.0
2026-01-21,ARTO,1930.0
2026-01-22,ARTO,1925.0
2026-01-23,ARTO,1910.0
2026-01-26,ARTO,1870.0
2022-12-30,ASII,4050.83251953125
2023-01-02,ASII,4050.83251953125
2023-01-03,ASII,4015.298828125
2023-01-04,ASII,4033.0654296875
2023-01-05,ASII,3819.864501953125
2023-01-06,ASII,3873.16455078125
2023-01-09,ASII,3802.09716796875
2023-01-10,ASII,3784.330322265625
2023-01-11,ASII,3713.263427734375
2023-01-12,ASII,3802.09716796875
2023-01-13,ASII,3873.16455078125
2023-01-16,ASII,3979.76513671875
2023-01-17,ASII,3944.23193359375
2023-01-18,ASII,4015.298828125
2023-01-19,ASII,4157.43310546875
2023-01-20,ASII,4192.96728515625
2023-01-24,ASII,4210.734375
2023-01-25,ASII,4228.50146484375
2023-01-26,ASII,4192.96728515625
2023-01-27,ASII,4175.19970703125
2023-01-30,ASII,4175.19970703125
2023-01-31,ASII,4264.0341796875
2023-02-01,ASII,4264.0341796875
2023-02-02,ASII,4210.734375
2023-02-03,ASII,4175.19970703125
2023-02-06,ASII,4157.43310546875
2023-02-07,ASII,4175.19970703125
2023-02-08,ASII,4121.89990234375
2023-02-09,ASII,4033.0654296875
2023-02-10,ASII,4050.83251953125
2023-02-13,ASII,4068.59912109375
2023-02-14,ASII,4068.59912109375
2023-02-15,ASII,4033.0654296875
2023-02-16,ASII,4050.83251953125
2023-02-17,ASII,4033.0654296875
2023-02-20,ASII,3979.76513671875
2023-02-21,ASII,3961.99853515625
2023-02-22,ASII,3997.5322265625
2023-02-23,ASII,4015.298828125
2023-02-24,ASII,4086.3662109375
2023-02-27,ASII,4121.89990234375
2023-02-28,ASII,4335.10205078125
2023-03-01,ASII,4370.63525390625
2023-03-02,ASII,4370.63525390625
2023-03-03,ASII,4299.56787109375
2023-03-06,ASII,4317.3349609375
2023-03-07,ASII,4228.50146484375
2023-03-08,ASII,4210.734375
2023-03-09,ASII,4281.80126953125
2023-03-10,ASII,4246.267578125
2023-03-13,ASII,4210.734375
2023-03-14,ASII,4104.13330078125
2023-03-15,ASII,4104.13330078125
2023-03-16,ASII,4157.43310546875
2023-03-17,ASII,4157.43310546875
2023-03-20,ASII,4175.19970703125
2023-03-21,ASII,4175.19970703125
2023-03-24,ASII,4228.50146484375
2023-03-27,ASII,4175.19970703125
2023-03-28,ASII,4157.43310546875
2023-03-29,ASII,4228.50146484375
2023-03-30,ASII,4192.96728515625
2023-03-31,ASII,4264.0341796875
2023-04-03,ASII,4264.0341796875
2023-04-04,ASII,4281.80126953125
2023-04-05,ASII,4264.0341796875
2023-04-06,ASII,4210.734375
2023-04-10,ASII,4246.267578125
2023-04-11,ASII,4317.3349609375
2023-04-12,ASII,4441.7021484375
2023-04-13,ASII,4441.7021484375
2023-04-14,ASII,4406.1689453125
2023-04-17,ASII,4423.935546875
2023-04-18,ASII,4566.06982421875
2023-04-26,ASII,4761.5048828125
2023-04-27,ASII,4761.5048828125
2023-04-28,ASII,4797.03857421875
2023-05-02,ASII,4743.73828125
2023-05-03,ASII,4708.205078125
2023-05-04,ASII,4690.43798828125
2023-05-05,ASII,4769.54248046875
2023-05-08,ASII,4750.15380859375
2023-05-09,ASII,4905.26123046875
2023-05-10,ASII,4905.26123046875
2023-05-11,ASII,4847.095703125
2023-05-12,ASII,4827.70751953125
2023-05-15,ASII,4924.6494140625
2023-05-16,ASII,4866.484375
2023-05-17,ASII,4905.26123046875
2023-05-19,ASII,5021.591796875
2023-05-22,ASII,5118.533203125
2023-05-23,ASII,5118.533203125
2023-05-24,ASII,5176.6982421875
2023-05-25,ASII,5118.533203125
2023-05-26,ASII,5118.533203125
2023-05-29,ASII,5118.533203125
2023-05-30,ASII,5040.9794921875
2023-05-31,ASII,5002.203125
2023-06-05,ASII,5293.02880859375
2023-06-06,ASII,5273.64013671875
2023-06-07,ASII,5273.64013671875
2023-06-08,ASII,5254.251953125
2023-06-09,ASII,5273.64013671875
2023-06-12,ASII,5254.251953125
2023-06-13,ASII,5234.86328125
2023-06-14,ASII,5351.19384765625
2023-06-15,ASII,5331.8056640625
2023-06-16,ASII,5312.41748046875
2023-06-19,ASII,5331.8056640625
2023-06-20,ASII,5273.64013671875
2023-06-21,ASII,5370.58251953125
2023-06-22,ASII,5254.251953125
2023-06-23,ASII,5254.251953125
2023-06-26,ASII,5273.64013671875
2023-06-27,ASII,5254.251953125
2023-07-03,ASII,5293.02880859375
2023-07-04,ASII,5254.251953125
2023-07-05,ASII,5254.251953125
2023-07-06,ASII,5273.64013671875
2023-07-07,ASII,5293.02880859375
2023-07-10,ASII,5254.251953125
2023-07-11,ASII,5273.64013671875
2023-07-12,ASII,5254.251953125
2023-07-13,ASII,5273.64013671875
2023-07-14,ASII,5234.86328125
2023-07-17,ASII,5176.6982421875
2023-07-18,ASII,5099.14404296875
2023-07-20,ASII,5060.3681640625
2023-07-21,ASII,5002.203125
2023-07-24,ASII,5079.75634765625
2023-07-25,ASII,5040.9794921875
2023-07-26,ASII,5118.533203125
2023-07-27,ASII,5060.3681640625
2023-07-28,ASII,5137.921875
2023-07-31,ASII,5312.41748046875
2023-08-01,ASII,5331.8056640625
2023-08-02,ASII,5312.41748046875
2023-08-03,ASII,5293.02880859375
2023-08-04,ASII,5273.64013671875
2023-08-07,ASII,5331.8056640625
2023-08-08,ASII,5312.41748046875
2023-08-09,ASII,5331.8056640625
2023-08-10,ASII,5234.86328125
2023-08-11,ASII,5234.86328125
2023-08-14,ASII,5273.64013671875
2023-08-15,ASII,5215.47509765625
2023-08-16,ASII,5234.86328125
2023-08-18,ASII,5060.3681640625
2023-08-21,ASII,5021.591796875
2023-08-22,ASII,5079.75634765625
2023-08-23,ASII,5079.75634765625
2023-08-24,ASII,5021.591796875
2023-08-25,ASII,5002.203125
2023-08-28,ASII,4982.81396484375
2023-08-29,ASII,4963.42626953125
2023-08-30,ASII,5002.203125
2023-08-31,ASII,5002.203125
2023-09-01,ASII,5079.75634765625
2023-09-04,ASII,5118.533203125
2023-09-05,ASII,5118.533203125
2023-09-06,ASII,5060.3681640625
2023-09-07,ASII,4963.42626953125
2023-09-08,ASII,4963.42626953125
2023-09-11,ASII,4944.03759765625
2023-09-12,ASII,4885.87255859375
2023-09-13,ASII,4885.87255859375
2023-09-14,ASII,4905.26123046875
2023-09-15,ASII,4885.87255859375
2023-09-18,ASII,4885.87255859375
2023-09-19,ASII,4924.6494140625
2023-09-20,ASII,4885.87255859375
2023-09-21,ASII,4808.3193359375
2023-09-22,ASII,4808.3193359375
2023-09-25,ASII,4847.095703125
2023-09-26,ASII,4808.3193359375
2023-09-27,ASII,4769.54248046875
2023-09-29,ASII,4827.70751953125
2023-10-02,ASII,4866.484375
2023-10-03,ASII,4808.3193359375
2023-10-04,ASII,4711.37744140625
2023-10-05,ASII,4672.6005859375
2023-10-06,ASII,4711.37744140625
2023-10-09,ASII,4750.15380859375
2023-10-10,ASII,4691.98876953125
2023-10-11,ASII,4691.98876953125
2023-10-12,ASII,4690.41259765625
2023-10-13,ASII,4710.11962890625
2023-10-16,ASII,4611.58203125
2023-10-17,ASII,4611.58203125
2023-10-18,ASII,4591.87451171875
2023-10-19,ASII,4513.04345703125
2023-10-20,ASII,4493.3359375
2023-10-23,ASII,4414.50537109375
2023-10-24,ASII,4572.16650390625
2023-10-25,ASII,4552.45947265625
2023-10-26,ASII,4513.04345703125
2023-10-27,ASII,4513.04345703125
2023-10-30,ASII,4572.16650390625
2023-10-31,ASII,4552.45947265625
2023-11-01,ASII,4572.16650390625
2023-11-02,ASII,4572.16650390625
2023-11-03,ASII,4650.99658203125
2023-11-06,ASII,4670.705078125
2023-11-07,ASII,4591.87451171875
2023-11-08,ASII,4513.04345703125
2023-11-09,ASII,4532.751953125
2023-11-10,ASII,4552.45947265625
2023-11-13,ASII,4453.9208984375
2023-11-14,ASII,4473.62841796875
2023-11-15,ASII,4532.751953125
2023-11-16,ASII,4591.87451171875
2023-11-17,ASII,4493.3359375
2023-11-20,ASII,4572.16650390625
2023-11-21,ASII,4552.45947265625
2023-11-22,ASII,4473.62841796875
2023-11-23,ASII,4493.3359375
2023-11-24,ASII,4513.04345703125
2023-11-27,ASII,4434.21337890625
2023-11-28,ASII,4375.09033203125
2023-11-29,ASII,4355.3828125
2023-11-30,ASII,4256.84521484375
2023-12-01,ASII,4532.751953125
2023-12-04,ASII,4532.751953125
2023-12-05,ASII,4513.04345703125
2023-12-06,ASII,4513.04345703125
2023-12-07,ASII,4473.62841796875
2023-12-08,ASII,4473.62841796875
2023-12-11,ASII,4414.50537109375
2023-12-12,ASII,4394.7978515625
2023-12-13,ASII,4355.3828125
2023-12-14,ASII,4434.21337890625
2023-12-15,ASII,4453.9208984375
2023-12-18,ASII,4414.50537109375
2023-12-19,ASII,4434.21337890625
2023-12-20,ASII,4434.21337890625
2023-12-21,ASII,4375.09033203125
2023-12-22,ASII,4375.09033203125
2023-12-27,ASII,4375.09033203125
2023-12-28,ASII,4414.50537109375
2023-12-29,ASII,4453.9208984375
2024-01-02,ASII,4493.3359375
2024-01-03,ASII,4414.50537109375
2024-01-04,ASII,4493.3359375
2024-01-05,ASII,4434.21337890625
2024-01-08,ASII,4394.7978515625
2024-01-09,ASII,4394.7978515625
2024-01-10,ASII,4355.3828125
2024-01-11,ASII,4375.09033203125
2024-01-12,ASII,4414.50537109375
2024-01-15,ASII,4355.3828125
2024-01-16,ASII,4335.67529296875
2024-01-17,ASII,4256.84521484375
2024-01-18,ASII,4237.13720703125
2024-01-19,ASII,4217.4296875
2024-01-22,ASII,4118.8916015625
2024-01-23,ASII,4040.06103515625
2024-01-24,ASII,4000.645751953125
2024-01-25,ASII,3980.93798828125
2024-01-26,ASII,4000.645751953125
2024-01-29,ASII,3886.341552734375
2024-01-30,ASII,4020.353515625
2024-01-31,ASII,4040.06103515625
2024-02-01,ASII,4040.06103515625
2024-02-02,ASII,4197.7216796875
2024-02-05,ASII,4079.475830078125
2024-02-06,ASII,4138.599609375
2024-02-07,ASII,4197.7216796875
2024-02-12,ASII,4178.01416015625
2024-02-13,ASII,4099.18359375
2024-02-15,ASII,4040.06103515625
2024-02-16,ASII,4099.18359375
2024-02-19,ASII,4040.06103515625
2024-02-20,ASII,4099.18359375
2024-02-21,ASII,4138.599609375
2024-02-22,ASII,4158.306640625
2024-02-23,ASII,4040.06103515625
2024-02-26,ASII,4040.06103515625
2024-02-27,ASII,4079.475830078125
2024-02-28,ASII,4118.8916015625
2024-02-29,ASII,4118.8916015625
2024-03-01,ASII,4118.8916015625
2024-03-04,ASII,4099.18359375
2024-03-05,ASII,4020.353515625
2024-03-06,ASII,4079.475830078125
2024-03-07,ASII,4040.06103515625
2024-03-08,ASII,4059.768798828125
2024-03-13,ASII,4059.768798828125
2024-03-14,ASII,4158.306640625
2024-03-15,ASII,4079.475830078125
2024-03-18,ASII,4059.768798828125
2024-03-19,ASII,4118.8916015625
2024-03-20,ASII,4158.306640625
2024-03-21,ASII,4217.4296875
2024-03-22,ASII,4237.13720703125
2024-03-25,ASII,4217.4296875
2024-03-26,ASII,4178.01416015625
2024-03-27,ASII,4158.306640625
2024-03-28,ASII,4059.768798828125
2024-04-01,ASII,4099.18359375
2024-04-02,ASII,4158.306640625
2024-04-03,ASII,4138.599609375
2024-04-04,ASII,4079.475830078125
2024-04-05,ASII,4158.306640625
2024-04-16,ASII,4020.353515625
2024-04-17,ASII,4040.06103515625
2024-04-18,ASII,4020.353515625
2024-04-19,ASII,3862.6923828125
2024-04-22,ASII,3902.10791015625
2024-04-23,ASII,3961.230712890625
2024-04-24,ASII,3870.57568359375
2024-04-25,ASII,3902.10791015625
2024-04-26,ASII,3846.92626953125
2024-04-29,ASII,3961.230712890625
2024-04-30,ASII,4059.768798828125
2024-05-02,ASII,4079.475830078125
2024-05-03,ASII,4118.8916015625
2024-05-06,ASII,4020.353515625
2024-05-07,ASII,3980.93798828125
2024-05-08,ASII,4040.06103515625
2024-05-13,ASII,4000.645751953125
2024-05-14,ASII,3937.034423828125
2024-05-15,ASII,3894.053466796875
2024-05-16,ASII,4048.784423828125
2024-05-17,ASII,4126.14990234375
2024-05-20,ASII,4074.572509765625
2024-05-21,ASII,4040.18798828125
2024-05-22,ASII,4048.784423828125
2024-05-27,ASII,3911.245849609375
2024-05-28,ASII,3876.861572265625
2024-05-29,ASII,3833.880615234375
2024-05-30,ASII,3713.534423828125
2024-05-31,ASII,3687.746337890625
2024-06-03,ASII,3868.264892578125
2024-06-04,ASII,3937.034423828125
2024-06-05,ASII,3954.226318359375
2024-06-06,ASII,3919.842041015625
2024-06-07,ASII,3919.842041015625
2024-06-10,ASII,3876.861572265625
2024-06-11,ASII,3739.322998046875
2024-06-12,ASII,3747.919189453125
2024-06-13,ASII,3833.880615234375
2024-06-14,ASII,3799.49560546875
2024-06-19,ASII,3825.284423828125
2024-06-20,ASII,3825.284423828125
2024-06-21,ASII,3859.669189453125
2024-06-24,ASII,3808.092041015625
2024-06-25,ASII,3782.303466796875
2024-06-26,ASII,3799.49560546875
2024-06-27,ASII,3808.092041015625
2024-06-28,ASII,3833.880615234375
2024-07-01,ASII,3971.4189453125
2024-07-02,ASII,3894.053466796875
2024-07-03,ASII,3928.437744140625
2024-07-04,ASII,3911.245849609375
2024-07-05,ASII,3937.034423828125
2024-07-08,ASII,3988.611083984375
2024-07-09,ASII,3919.842041015625
2024-07-10,ASII,3902.650146484375
2024-07-11,ASII,3876.861572265625
2024-07-12,ASII,3902.650146484375
2024-07-15,ASII,3842.476318359375
2024-07-16,ASII,3765.111572265625
2024-07-17,ASII,3833.880615234375
2024-07-18,ASII,3902.650146484375
2024-07-19,ASII,3894.053466796875
2024-07-22,ASII,3885.457275390625
2024-07-23,ASII,3825.284423828125
2024-07-24,ASII,3894.053466796875
2024-07-25,ASII,3859.669189453125
2024-07-26,ASII,3962.822998046875
2024-07-29,ASII,3962.822998046875
2024-07-30,ASII,3902.650146484375
2024-07-31,ASII,4057.38037109375
2024-08-01,ASII,4074.572509765625
2024-08-02,ASII,4031.591552734375
2024-08-05,ASII,3919.842041015625
2024-08-06,ASII,3962.822998046875
2024-08-07,ASII,3980.014892578125
2024-08-08,ASII,4074.572509765625
2024-08-09,ASII,4091.76513671875
2024-08-12,ASII,4091.76513671875
2024-08-13,ASII,4091.76513671875
2024-08-14,ASII,4203.5146484375
2024-08-15,ASII,4203.5146484375
2024-08-16,ASII,4272.28369140625
2024-08-19,ASII,4319.56298828125
2024-08-20,ASII,4405.52392578125
2024-08-21,ASII,4362.54345703125
2024-08-22,ASII,4298.07275390625
2024-08-23,ASII,4384.0341796875
2024-08-26,ASII,4427.0146484375
2024-08-27,ASII,4427.0146484375
2024-08-28,ASII,4319.56298828125
2024-08-29,ASII,4362.54345703125
2024-08-30,ASII,4384.0341796875
2024-09-02,ASII,4469.99560546875
2024-09-03,ASII,4405.52392578125
2024-09-04,ASII,4341.05322265625
2024-09-05,ASII,4362.54345703125
2024-09-06,ASII,4341.05322265625
2024-09-09,ASII,4319.56298828125
2024-09-10,ASII,4319.56298828125
2024-09-11,ASII,4319.56298828125
2024-09-12,ASII,4319.56298828125
2024-09-13,ASII,4362.54345703125
2024-09-17,ASII,4362.54345703125
2024-09-18,ASII,4512.97607421875
2024-09-19,ASII,4534.46630859375
2024-09-20,ASII,4491.48583984375
2024-09-23,ASII,4491.48583984375
2024-09-24,ASII,4534.46630859375
2024-09-25,ASII,4491.48583984375
2024-09-26,ASII,4512.97607421875
2024-09-27,ASII,4384.0341796875
2024-09-30,ASII,4341.05322265625
2024-10-01,ASII,4448.5048828125
2024-10-02,ASII,4427.0146484375
2024-10-03,ASII,4512.97607421875
2024-10-04,ASII,4427.0146484375
2024-10-07,ASII,4384.0341796875
2024-10-08,ASII,4491.48583984375
2024-10-09,ASII,4362.54345703125
2024-10-10,ASII,4405.52392578125
2024-10-11,ASII,4362.54345703125
2024-10-14,ASII,4321.3466796875
2024-10-15,ASII,4321.3466796875
2024-10-16,ASII,4347.64208984375
2024-10-17,ASII,4338.876953125
2024-10-18,ASII,4312.58056640625
2024-10-21,ASII,4470.3583984375
2024-10-22,ASII,4623.75244140625
2024-10-23,ASII,4645.666015625
2024-10-24,ASII,4623.75244140625
2024-10-25,ASII,4579.92578125
2024-10-28,ASII,4601.83935546875
2024-10-29,ASII,4492.271484375
2024-10-30,ASII,4558.01220703125
2024-10-31,ASII,4470.3583984375
2024-11-01,ASII,4448.4443359375
2024-11-04,ASII,4492.271484375
2024-11-05,ASII,4536.0986328125
2024-11-06,ASII,4426.53125
2024-11-07,ASII,4382.7041015625
2024-11-08,ASII,4347.64208984375
2024-11-11,ASII,4356.40771484375
2024-11-12,ASII,4356.40771484375
2024-11-13,ASII,4404.61767578125
2024-11-14,ASII,4338.876953125
2024-11-15,ASII,4330.111328125
2024-11-18,ASII,4321.3466796875
2024-11-19,ASII,4356.40771484375
2024-11-20,ASII,4382.7041015625
2024-11-21,ASII,4286.2841796875
2024-11-22,ASII,4303.81494140625
2024-11-25,ASII,4536.0986328125
2024-11-26,ASII,4514.18505859375
2024-11-28,ASII,4492.271484375
2024-11-29,ASII,4470.3583984375
2024-12-02,ASII,4330.111328125
2024-12-03,ASII,4492.271484375
2024-12-04,ASII,4579.92578125
2024-12-05,ASII,4558.01220703125
2024-12-06,ASII,4514.18505859375
2024-12-09,ASII,4579.92578125
2024-12-10,ASII,4579.92578125
2024-12-11,ASII,4601.83935546875
2024-12-12,ASII,4470.3583984375
2024-12-13,ASII,4492.271484375
2024-12-16,ASII,4492.271484375
2024-12-17,ASII,4365.17333984375
2024-12-18,ASII,4382.7041015625
2024-12-19,ASII,4277.51904296875
2024-12-20,ASII,4268.75390625
2024-12-23,ASII,4338.876953125
2024-12-24,ASII,4277.51904296875
2024-12-27,ASII,4321.3466796875
2024-12-30,ASII,4295.05029296875
2025-01-02,ASII,4338.876953125
2025-01-03,ASII,4338.876953125
2025-01-06,ASII,4259.98779296875
2025-01-07,ASII,4312.58056640625
2025-01-08,ASII,4216.1611328125
2025-01-09,ASII,4321.3466796875
2025-01-10,ASII,4295.05029296875
2025-01-13,ASII,4163.568359375
2025-01-14,ASII,4163.568359375
2025-01-15,ASII,4330.111328125
2025-01-16,ASII,4277.51904296875
2025-01-17,ASII,4330.111328125
2025-01-20,ASII,4303.81494140625
2025-01-21,ASII,4303.81494140625
2025-01-22,ASII,4347.64208984375
2025-01-23,ASII,4295.05029296875
2025-01-24,ASII,4268.75390625
2025-01-30,ASII,4189.86474609375
2025-01-31,ASII,4207.39599609375
2025-02-03,ASII,4172.33447265625
2025-02-04,ASII,4207.39599609375
2025-02-05,ASII,4154.80322265625
2025-02-06,ASII,3988.260498046875
2025-02-07,ASII,4075.91455078125
2025-02-10,ASII,4005.791015625
2025-02-11,ASII,4040.853271484375
2025-02-12,ASII,4067.149169921875
2025-02-13,ASII,4084.68017578125
2025-02-14,ASII,4102.2109375
2025-02-17,ASII,4154.80322265625
2025-02-18,ASII,4207.39599609375
2025-02-19,ASII,4119.74169921875
2025-02-20,ASII,4137.2724609375
2025-02-21,ASII,4163.568359375
2025-02-24,ASII,4119.74169921875
2025-02-25,ASII,3997.026123046875
2025-02-26,ASII,4014.556884765625
2025-02-27,ASII,4023.322021484375
2025-02-28,ASII,3970.729736328125
2025-03-03,ASII,4102.2109375
2025-03-04,ASII,4110.97607421875
2025-03-05,ASII,4295.05029296875
2025-03-06,ASII,4295.05029296875
2025-03-07,ASII,4321.3466796875
2025-03-10,ASII,4181.099609375
2025-03-11,ASII,4207.39599609375
2025-03-12,ASII,4216.1611328125
2025-03-13,ASII,4146.0380859375
2025-03-14,ASII,4049.618408203125
2025-03-17,ASII,4049.618408203125
2025-03-18,ASII,4075.91455078125
2025-03-19,ASII,4110.97607421875
2025-03-20,ASII,4128.50732421875
2025-03-21,ASII,4242.45703125
2025-03-24,ASII,4110.97607421875
2025-03-25,ASII,4075.91455078125
2025-03-26,ASII,4207.39599609375
2025-03-27,ASII,4312.58056640625
2025-04-08,ASII,3926.90283203125
2025-04-09,ASII,4049.618408203125
2025-04-10,ASII,4128.50732421875
2025-04-11,ASII,4128.50732421875
2025-04-14,ASII,4321.3466796875
2025-04-15,ASII,4268.75390625
2025-04-16,ASII,4189.86474609375
2025-04-17,ASII,4163.568359375
2025-04-21,ASII,4198.63037109375
2025-04-22,ASII,4154.80322265625
2025-04-23,ASII,4224.9267578125
2025-04-24,ASII,4181.099609375
2025-04-25,ASII,4259.98779296875
2025-04-28,ASII,4286.2841796875
2025-04-29,ASII,4207.39599609375
2025-04-30,ASII,4207.39599609375
2025-05-02,ASII,4198.63037109375
2025-05-05,ASII,4189.86474609375
2025-05-06,ASII,4163.568359375
2025-05-07,ASII,4233.69189453125
2025-05-08,ASII,4189.86474609375
2025-05-09,ASII,4189.86474609375
2025-05-14,ASII,4216.1611328125
2025-05-15,ASII,4224.9267578125
2025-05-16,ASII,4277.51904296875
2025-05-19,ASII,4330.111328125
2025-05-20,ASII,4259.98779296875
2025-05-21,ASII,4370.41845703125
2025-05-22,ASII,4332.984375
2025-05-23,ASII,4435.927734375
2025-05-26,ASII,4426.5693359375
2025-05-27,ASII,4398.49365234375
2025-05-28,ASII,4538.87158203125
2025-06-02,ASII,4473.36181640625
2025-06-03,ASII,4398.49365234375
2025-06-04,ASII,4314.267578125
2025-06-05,ASII,4314.267578125
2025-06-10,ASII,4304.90869140625
2025-06-11,ASII,4314.267578125
2025-06-12,ASII,4267.47509765625
2025-06-13,ASII,4276.8330078125
2025-06-16,ASII,4314.267578125
2025-06-17,ASII,4304.90869140625
2025-06-18,ASII,4295.55029296875
2025-06-19,ASII,4239.3994140625
2025-06-20,ASII,4201.9658203125
2025-06-23,ASII,4145.814453125
2025-06-24,ASII,4183.248046875
2025-06-25,ASII,4183.248046875
2025-06-26,ASII,4164.53125
2025-06-30,ASII,4211.32373046875
2025-07-01,ASII,4164.53125
2025-07-02,ASII,4248.75830078125
2025-07-03,ASII,4276.8330078125
2025-07-04,ASII,4323.6259765625
2025-07-07,ASII,4379.77685546875
2025-07-08,ASII,4361.06005859375
2025-07-09,ASII,4417.2109375
2025-07-10,ASII,4379.77685546875
2025-07-11,ASII,4407.8525390625
2025-07-14,ASII,4398.49365234375
2025-07-15,ASII,4398.49365234375
2025-07-16,ASII,4445.2861328125
2025-07-17,ASII,4482.72021484375
2025-07-18,ASII,4445.2861328125
2025-07-21,ASII,4454.64501953125
2025-07-22,ASII,4389.13525390625
2025-07-23,ASII,4632.45654296875
2025-07-24,ASII,4726.04150390625
2025-07-25,ASII,4679.2490234375
2025-07-28,ASII,4772.833984375
2025-07-29,ASII,4772.833984375
2025-07-30,ASII,4819.62646484375
2025-07-31,ASII,4772.833984375
2025-08-01,ASII,4679.2490234375
2025-08-04,ASII,4702.64501953125
2025-08-05,ASII,4702.64501953125
2025-08-06,ASII,4585.6640625
2025-08-07,ASII,4641.814453125
2025-08-08,ASII,4604.380859375
2025-08-11,ASII,4585.6640625
2025-08-12,ASII,4669.89013671875
2025-08-13,ASII,4843.0224609375
2025-08-14,ASII,4772.833984375
2025-08-15,ASII,4702.64501953125
2025-08-19,ASII,5170.56982421875
2025-08-20,ASII,5170.56982421875
2025-08-21,ASII,5264.1552734375
2025-08-22,ASII,5334.34375
2025-08-25,ASII,5381.13623046875
2025-08-26,ASII,5264.1552734375
2025-08-27,ASII,5147.17333984375
2025-08-28,ASII,5217.3623046875
2025-08-29,ASII,5147.17333984375
2025-09-01,ASII,5100.380859375
2025-09-02,ASII,5123.77734375
2025-09-03,ASII,5147.17333984375
2025-09-04,ASII,5147.17333984375
2025-09-08,ASII,5076.98486328125
2025-09-09,ASII,5170.56982421875
2025-09-10,ASII,5123.77734375
2025-09-11,ASII,5193.9658203125
2025-09-12,ASII,5310.94775390625
2025-09-15,ASII,5264.1552734375
2025-09-16,ASII,5287.55126953125
2025-09-17,ASII,5334.34375
2025-09-18,ASII,5217.3623046875
2025-09-19,ASII,5357.740234375
2025-09-22,ASII,5334.34375
2025-09-23,ASII,5521.513671875
2025-09-24,ASII,5521.513671875
2025-09-25,ASII,5404.53271484375
2025-09-26,ASII,5498.11767578125
2025-09-29,ASII,5404.53271484375
2025-09-30,ASII,5404.53271484375
2025-10-01,ASII,5310.94775390625
2025-10-02,ASII,5334.34375
2025-10-03,ASII,5451.3251953125
2025-10-06,ASII,5451.3251953125
2025-10-07,ASII,5381.13623046875
2025-10-08,ASII,5357.740234375
2025-10-09,ASII,5544.90966796875
2025-10-10,ASII,5521.513671875
2025-10-13,ASII,5427.9287109375
2025-10-14,ASII,5545.0166015625
2025-10-15,ASII,5497.419921875
2025-10-16,ASII,5473.62158203125
2025-10-17,ASII,5354.6298828125
2025-10-20,ASII,5640.2099609375
2025-10-21,ASII,5711.60498046875
2025-10-22,ASII,5878.193359375
2025-10-23,ASII,6020.9833984375
2025-10-24,ASII,6258.96728515625
2025-10-27,ASII,6282.765625
2025-10-28,ASII,6020.9833984375
2025-10-29,ASII,6163.7734375
2025-10-30,ASII,5973.38671875
2025-10-31,ASII,5854.39501953125
2025-11-03,ASII,6044.78173828125
2025-11-04,ASII,5997.18505859375
2025-11-05,ASII,5949.58837890625
2025-11-06,ASII,6020.9833984375
2025-11-07,ASII,6116.1767578125
2025-11-10,ASII,6116.1767578125
2025-11-11,ASII,6211.37060546875
2025-11-12,ASII,6139.97509765625
2025-11-13,ASII,6068.580078125
2025-11-14,ASII,6092.37841796875
2025-11-17,ASII,6139.97509765625
2025-11-18,ASII,6116.1767578125
2025-11-19,ASII,6092.37841796875
2025-11-20,ASII,6116.1767578125
2025-11-21,ASII,6116.1767578125
2025-11-24,ASII,6163.7734375
2025-11-25,ASII,6139.97509765625
2025-11-26,ASII,6282.765625
2025-11-27,ASII,6258.96728515625
2025-11-28,ASII,6235.1689453125
2025-12-01,ASII,6068.580078125
2025-12-02,ASII,6306.56396484375
2025-12-03,ASII,6282.765625
2025-12-04,ASII,6401.75732421875
2025-12-05,ASII,6377.958984375
2025-12-08,ASII,6401.75732421875
2025-12-09,ASII,6282.765625
2025-12-10,ASII,6306.56396484375
2025-12-11,ASII,6139.97509765625
2025-12-12,ASII,6282.765625
2025-12-15,ASII,6282.765625
2025-12-16,ASII,6282.765625
2025-12-17,ASII,6282.765625
2025-12-18,ASII,6187.572265625
2025-12-19,ASII,6211.37060546875
2025-12-22,ASII,6258.96728515625
2025-12-23,ASII,6187.572265625
2025-12-24,ASII,6306.56396484375
2025-12-29,ASII,6354.16064453125
2025-12-30,ASII,6377.958984375
2026-01-02,ASII,6473.15234375
2026-01-05,ASII,6544.54736328125
2026-01-06,ASII,6568.345703125
2026-01-07,ASII,6687.33740234375
2026-01-08,ASII,6663.5390625
2026-01-09,ASII,6544.54736328125
2026-01-12,ASII,6663.5390625
2026-01-13,ASII,6949.119140625
2026-01-14,ASII,6782.53076171875
2026-01-15,ASII,6711.1357421875
2026-01-19,ASII,7044.31298828125
2026-01-20,ASII,6925.32080078125
2026-01-21,ASII,6282.765625
2026-01-22,ASII,6449.35400390625
2026-01-23,ASII,6496.95068359375
2026-01-26,ASII,6544.54736328125
2022-12-30,BBCA,7492.35791015625
2023-01-02,BBCA,7492.35791015625
2023-01-03,BBCA,7492.35791015625
2023-01-04,BBCA,7317.0986328125
2023-01-05,BBCA,7229.4677734375
2023-01-06,BBCA,7273.28271484375
2023-01-09,BBCA,7404.7275390625
2023-01-10,BBCA,7163.7451171875
2023-01-11,BBCA,7119.9306640625
2023-01-12,BBCA,7163.7451171875
2023-01-13,BBCA,7054.20849609375
2023-01-16,BBCA,7141.837890625
2023-01-17,BBCA,7295.18994140625
2023-01-18,BBCA,7273.28271484375
2023-01-19,BBCA,7295.18994140625
2023-01-20,BBCA,7273.28271484375
2023-01-24,BBCA,7207.56005859375
2023-01-25,BBCA,7185.65234375
2023-01-26,BBCA,7426.63525390625
2023-01-27,BBCA,7623.8017578125
2023-01-30,BBCA,7623.8017578125
2023-01-31,BBCA,7426.63525390625
2023-02-01,BBCA,7448.54248046875
2023-02-02,BBCA,7404.7275390625
2023-02-03,BBCA,7623.8017578125
2023-02-06,BBCA,7645.7099609375
2023-02-07,BBCA,7755.2470703125
2023-02-08,BBCA,7733.33984375
2023-02-09,BBCA,7799.06201171875
2023-02-10,BBCA,7733.33984375
2023-02-13,BBCA,7777.15478515625
2023-02-14,BBCA,7842.876953125
2023-02-15,BBCA,7777.15478515625
2023-02-16,BBCA,7623.8017578125
2023-02-17,BBCA,7645.7099609375
2023-02-20,BBCA,7667.61669921875
2023-02-21,BBCA,7623.8017578125
2023-02-22,BBCA,7601.89453125
2023-02-23,BBCA,7645.7099609375
2023-02-24,BBCA,7601.89453125
2023-02-27,BBCA,7689.52392578125
2023-02-28,BBCA,7667.61669921875
2023-03-01,BBCA,7536.1728515625
2023-03-02,BBCA,7558.08056640625
2023-03-03,BBCA,7426.63525390625
2023-03-06,BBCA,7360.9130859375
2023-03-07,BBCA,7382.8203125
2023-03-08,BBCA,7514.26611328125
2023-03-09,BBCA,7514.26611328125
2023-03-10,BBCA,7404.7275390625
2023-03-13,BBCA,7492.35791015625
2023-03-14,BBCA,7295.18994140625
2023-03-15,BBCA,7295.18994140625
2023-03-16,BBCA,7273.28271484375
2023-03-17,BBCA,7339.0048828125
2023-03-20,BBCA,7360.9130859375
2023-03-21,BBCA,7448.54248046875
2023-03-24,BBCA,7733.33984375
2023-03-27,BBCA,7623.8017578125
2023-03-28,BBCA,7601.89453125
2023-03-29,BBCA,7865.57080078125
2023-03-30,BBCA,7887.91552734375
2023-03-31,BBCA,7820.87890625
2023-04-03,BBCA,7865.57080078125
2023-04-04,BBCA,7843.224609375
2023-04-05,BBCA,7798.53369140625
2023-04-06,BBCA,7820.87890625
2023-04-10,BBCA,7865.57080078125
2023-04-11,BBCA,7887.91552734375
2023-04-12,BBCA,7954.951171875
2023-04-13,BBCA,7977.296875
2023-04-14,BBCA,8044.33349609375
2023-04-17,BBCA,8066.6787109375
2023-04-18,BBCA,8156.06005859375
2023-04-26,BBCA,8223.095703125
2023-04-27,BBCA,8178.40478515625
2023-04-28,BBCA,8089.02392578125
2023-05-02,BBCA,8089.02392578125
2023-05-03,BBCA,7977.296875
2023-05-04,BBCA,8044.33349609375
2023-05-05,BBCA,8044.33349609375
2023-05-08,BBCA,8044.33349609375
2023-05-09,BBCA,7977.296875
2023-05-10,BBCA,7977.296875
2023-05-11,BBCA,7887.91552734375
2023-05-12,BBCA,7865.57080078125
2023-05-15,BBCA,7843.224609375
2023-05-16,BBCA,7776.1884765625
2023-05-17,BBCA,7843.224609375
2023-05-19,BBCA,8044.33349609375
2023-05-22,BBCA,8044.33349609375
2023-05-23,BBCA,8156.06005859375
2023-05-24,BBCA,8066.6787109375
2023-05-25,BBCA,8089.02392578125
2023-05-26,BBCA,8178.40478515625
2023-05-29,BBCA,8178.40478515625
2023-05-30,BBCA,8267.7861328125
2023-05-31,BBCA,8089.02392578125
2023-06-05,BBCA,8223.095703125
2023-06-06,BBCA,8178.40478515625
2023-06-07,BBCA,8133.71533203125
2023-06-08,BBCA,8156.06005859375
2023-06-09,BBCA,8133.71533203125
2023-06-12,BBCA,8178.40478515625
2023-06-13,BBCA,8178.40478515625
2023-06-14,BBCA,8111.369140625
2023-06-15,BBCA,8089.02392578125
2023-06-16,BBCA,8089.02392578125
2023-06-19,BBCA,8044.33349609375
2023-06-20,BBCA,8089.02392578125
2023-06-21,BBCA,8156.06005859375
2023-06-22,BBCA,8089.02392578125
2023-06-23,BBCA,8089.02392578125
2023-06-26,BBCA,8111.369140625
2023-06-27,BBCA,8178.40478515625
2023-07-03,BBCA,8111.369140625
2023-07-04,BBCA,8089.02392578125
2023-07-05,BBCA,8089.02392578125
2023-07-06,BBCA,8111.369140625
2023-07-07,BBCA,8066.6787109375
2023-07-10,BBCA,8089.02392578125
2023-07-11,BBCA,8066.6787109375
2023-07-12,BBCA,8200.75
2023-07-13,BBCA,8156.06005859375
2023-07-14,BBCA,8223.095703125
2023-07-17,BBCA,8200.75
2023-07-18,BBCA,8178.40478515625
2023-07-20,BBCA,8178.40478515625
2023-07-21,BBCA,8178.40478515625
2023-07-24,BBCA,8133.71533203125
2023-07-25,BBCA,8178.40478515625
2023-07-26,BBCA,8357.1669921875
2023-07-27,BBCA,8245.44140625
2023-07-28,BBCA,8156.06005859375
2023-07-31,BBCA,8156.06005859375
2023-08-01,BBCA,8156.06005859375
2023-08-02,BBCA,8223.095703125
2023-08-03,BBCA,8267.7861328125
2023-08-04,BBCA,8178.40478515625
2023-08-07,BBCA,8290.1318359375
2023-08-08,BBCA,8223.095703125
2023-08-09,BBCA,8401.859375
2023-08-10,BBCA,8401.859375
2023-08-11,BBCA,8401.859375
2023-08-14,BBCA,8357.1669921875
2023-08-15,BBCA,8312.4775390625
2023-08-16,BBCA,8312.4775390625
2023-08-18,BBCA,8267.7861328125
2023-08-21,BBCA,8200.75
2023-08-22,BBCA,8312.4775390625
2023-08-23,BBCA,8312.4775390625
2023-08-24,BBCA,8223.095703125
2023-08-25,BBCA,8290.1318359375
2023-08-28,BBCA,8223.095703125
2023-08-29,BBCA,8267.7861328125
2023-08-30,BBCA,8223.095703125
2023-08-31,BBCA,8200.75
2023-09-01,BBCA,8245.44140625
2023-09-04,BBCA,8245.44140625
2023-09-05,BBCA,8245.44140625
2023-09-06,BBCA,8178.40478515625
2023-09-07,BBCA,8200.75
2023-09-08,BBCA,8156.06005859375
2023-09-11,BBCA,8156.06005859375
2023-09-12,BBCA,8133.71533203125
2023-09-13,BBCA,8111.369140625
2023-09-14,BBCA,8133.71533203125
2023-09-15,BBCA,8044.33349609375
2023-09-18,BBCA,8044.33349609375
2023-09-19,BBCA,8111.369140625
2023-09-20,BBCA,8178.40478515625
2023-09-21,BBCA,8156.06005859375
2023-09-22,BBCA,8111.369140625
2023-09-25,BBCA,8044.33349609375
2023-09-26,BBCA,7999.642578125
2023-09-27,BBCA,7932.6064453125
2023-09-29,BBCA,7887.91552734375
2023-10-02,BBCA,8111.369140625
2023-10-03,BBCA,8223.095703125
2023-10-04,BBCA,8223.095703125
2023-10-05,BBCA,8111.369140625
2023-10-06,BBCA,8066.6787109375
2023-10-09,BBCA,8089.02392578125
2023-10-10,BBCA,7977.296875
2023-10-11,BBCA,7977.296875
2023-10-12,BBCA,8089.02392578125
2023-10-13,BBCA,8111.369140625
2023-10-16,BBCA,8133.71533203125
2023-10-17,BBCA,7999.642578125
2023-10-18,BBCA,7910.2607421875
2023-10-19,BBCA,7820.87890625
2023-10-20,BBCA,8021.9873046875
2023-10-23,BBCA,7910.2607421875
2023-10-24,BBCA,7843.224609375
2023-10-25,BBCA,7932.6064453125
2023-10-26,BBCA,7798.53369140625
2023-10-27,BBCA,7776.1884765625
2023-10-30,BBCA,7910.2607421875
2023-10-31,BBCA,7820.87890625
2023-11-01,BBCA,7686.80712890625
2023-11-02,BBCA,7910.2607421875
2023-11-03,BBCA,7954.951171875
2023-11-06,BBCA,8089.02392578125
2023-11-07,BBCA,8021.9873046875
2023-11-08,BBCA,8044.33349609375
2023-11-09,BBCA,8044.33349609375
2023-11-10,BBCA,7887.91552734375
2023-11-13,BBCA,7932.6064453125
2023-11-14,BBCA,7977.296875
2023-11-15,BBCA,8089.02392578125
2023-11-16,BBCA,8111.369140625
2023-11-17,BBCA,8111.369140625
2023-11-20,BBCA,7932.6064453125
2023-11-21,BBCA,7843.224609375
2023-11-22,BBCA,7932.6064453125
2023-11-23,BBCA,7977.296875
2023-11-24,BBCA,7977.296875
2023-11-27,BBCA,7932.6064453125
2023-11-28,BBCA,7932.6064453125
2023-11-29,BBCA,7954.951171875
2023-11-30,BBCA,8021.9873046875
2023-12-01,BBCA,7999.642578125
2023-12-04,BBCA,8015.35888671875
2023-12-05,BBCA,7992.90673828125
2023-12-06,BBCA,7903.09814453125
2023-12-07,BBCA,7925.55029296875
2023-12-08,BBCA,7858.19482421875
2023-12-11,BBCA,7858.19482421875
2023-12-12,BBCA,7813.2900390625
2023-12-13,BBCA,7790.83837890625
2023-12-14,BBCA,8127.6181640625
2023-12-15,BBCA,8284.78125
2023-12-18,BBCA,8262.330078125
2023-12-19,BBCA,8307.2333984375
2023-12-20,BBCA,8352.1376953125
2023-12-21,BBCA,8374.58984375
2023-12-22,BBCA,8374.58984375
2023-12-27,BBCA,8419.494140625
2023-12-28,BBCA,8441.9462890625
2023-12-29,BBCA,8441.9462890625
2024-01-02,BBCA,8464.3984375
2024-01-03,BBCA,8397.0419921875
2024-01-04,BBCA,8509.3017578125
2024-01-05,BBCA,8599.109375
2024-01-08,BBCA,8599.109375
2024-01-09,BBCA,8644.015625
2024-01-10,BBCA,8576.658203125
2024-01-11,BBCA,8599.109375
2024-01-12,BBCA,8711.3701171875
2024-01-15,BBCA,8733.8232421875
2024-01-16,BBCA,8711.3701171875
2024-01-17,BBCA,8756.2734375
2024-01-18,BBCA,8688.9189453125
2024-01-19,BBCA,8644.015625
2024-01-22,BBCA,8644.015625
2024-01-23,BBCA,8621.5625
2024-01-24,BBCA,8554.2060546875
2024-01-25,BBCA,8531.7529296875
2024-01-26,BBCA,8397.0419921875
2024-01-29,BBCA,8576.658203125
2024-01-30,BBCA,8666.4677734375
2024-01-31,BBCA,8576.658203125
2024-02-01,BBCA,8711.3701171875
2024-02-02,BBCA,8711.3701171875
2024-02-05,BBCA,8599.109375
2024-02-06,BBCA,8644.015625
2024-02-07,BBCA,8711.3701171875
2024-02-12,BBCA,8801.177734375
2024-02-13,BBCA,8733.8232421875
2024-02-15,BBCA,8846.08203125
2024-02-16,BBCA,8935.890625
2024-02-19,BBCA,8868.5341796875
2024-02-20,BBCA,9003.24609375
2024-02-21,BBCA,8958.3427734375
2024-02-22,BBCA,8868.5341796875
2024-02-23,BBCA,8823.6298828125
2024-02-26,BBCA,8801.177734375
2024-02-27,BBCA,8868.5341796875
2024-02-28,BBCA,8980.794921875
2024-02-29,BBCA,8868.5341796875
2024-03-01,BBCA,8823.6298828125
2024-03-04,BBCA,8756.2734375
2024-03-05,BBCA,8801.177734375
2024-03-06,BBCA,8935.890625
2024-03-07,BBCA,9093.0537109375
2024-03-08,BBCA,9115.505859375
2024-03-13,BBCA,8980.794921875
2024-03-14,BBCA,9272.6689453125
2024-03-15,BBCA,9115.505859375
2024-03-18,BBCA,9115.505859375
2024-03-19,BBCA,9137.958984375
2024-03-20,BBCA,9093.0537109375
2024-03-21,BBCA,9093.0537109375
2024-03-22,BBCA,9070.6025390625
2024-03-25,BBCA,9256.6533203125
2024-03-26,BBCA,9233.6845703125
2024-03-27,BBCA,9256.6533203125
2024-03-28,BBCA,9256.6533203125
2024-04-01,BBCA,9049.9296875
2024-04-02,BBCA,9095.8681640625
2024-04-03,BBCA,8751.3271484375
2024-04-04,BBCA,9049.9296875
2024-04-05,BBCA,9026.958984375
2024-04-16,BBCA,8705.388671875
2024-04-17,BBCA,8751.3271484375
2024-04-18,BBCA,8705.388671875
2024-04-19,BBCA,8705.388671875
2024-04-22,BBCA,8590.5419921875
2024-04-23,BBCA,8935.08203125
2024-04-24,BBCA,9141.8076171875
2024-04-25,BBCA,8981.0205078125
2024-04-26,BBCA,8843.205078125
2024-04-29,BBCA,9003.9912109375
2024-04-30,BBCA,9003.9912109375
2024-05-02,BBCA,8774.2978515625
2024-05-03,BBCA,9049.9296875
2024-05-06,BBCA,9003.9912109375
2024-05-07,BBCA,8912.11328125
2024-05-08,BBCA,8613.51171875
2024-05-13,BBCA,8751.3271484375
2024-05-14,BBCA,8774.2978515625
2024-05-15,BBCA,8728.359375
2024-05-16,BBCA,8820.236328125
2024-05-17,BBCA,8958.0517578125
2024-05-20,BBCA,8705.388671875
2024-05-21,BBCA,8613.51171875
2024-05-22,BBCA,8659.4501953125
2024-05-27,BBCA,8544.603515625
2024-05-28,BBCA,8544.603515625
2024-05-29,BBCA,8406.7880859375
2024-05-30,BBCA,8268.9716796875
2024-05-31,BBCA,8498.6640625
2024-06-03,BBCA,8521.6337890625
2024-06-04,BBCA,8590.5419921875
2024-06-05,BBCA,8682.4208984375
2024-06-06,BBCA,8705.388671875
2024-06-07,BBCA,8567.572265625
2024-06-10,BBCA,8751.3271484375
2024-06-11,BBCA,8544.603515625
2024-06-12,BBCA,8498.6640625
2024-06-13,BBCA,8452.7255859375
2024-06-14,BBCA,8452.7255859375
2024-06-19,BBCA,8314.91015625
2024-06-20,BBCA,8659.4501953125
2024-06-21,BBCA,8820.236328125
2024-06-24,BBCA,8820.236328125
2024-06-25,BBCA,8820.236328125
2024-06-26,BBCA,8728.359375
2024-06-27,BBCA,8958.0517578125
2024-06-28,BBCA,9118.8369140625
2024-07-01,BBCA,9072.8984375
2024-07-02,BBCA,9095.8681640625
2024-07-03,BBCA,9187.74609375
2024-07-04,BBCA,9026.958984375
2024-07-05,BBCA,9141.8076171875
2024-07-08,BBCA,9233.6845703125
2024-07-09,BBCA,9256.6533203125
2024-07-10,BBCA,9279.6240234375
2024-07-11,BBCA,9256.6533203125
2024-07-12,BBCA,9256.6533203125
2024-07-15,BBCA,9233.6845703125
2024-07-16,BBCA,9141.8076171875
2024-07-17,BBCA,9003.9912109375
2024-07-18,BBCA,9279.6240234375
2024-07-19,BBCA,9302.591796875
2024-07-22,BBCA,9279.6240234375
2024-07-23,BBCA,9348.53125
2024-07-24,BBCA,9256.6533203125
2024-07-25,BBCA,9463.3779296875
2024-07-26,BBCA,9486.34765625
2024-07-29,BBCA,9417.439453125
2024-07-30,BBCA,9348.53125
2024-07-31,BBCA,9440.408203125
2024-08-01,BBCA,9532.2861328125
2024-08-02,BBCA,9371.5009765625
2024-08-05,BBCA,9072.8984375
2024-08-06,BBCA,9187.74609375
2024-08-07,BBCA,9279.6240234375
2024-08-08,BBCA,9394.4697265625
2024-08-09,BBCA,9325.5625
2024-08-12,BBCA,9371.5009765625
2024-08-13,BBCA,9463.3779296875
2024-08-14,BBCA,9371.5009765625
2024-08-15,BBCA,9394.4697265625
2024-08-16,BBCA,9486.34765625
2024-08-19,BBCA,9532.2861328125
2024-08-20,BBCA,9578.2255859375
2024-08-21,BBCA,9578.2255859375
2024-08-22,BBCA,9486.34765625
2024-08-23,BBCA,9486.34765625
2024-08-26,BBCA,9486.34765625
2024-08-27,BBCA,9371.5009765625
2024-08-28,BBCA,9509.31640625
2024-08-29,BBCA,9394.4697265625
2024-08-30,BBCA,9486.34765625
2024-09-02,BBCA,9440.408203125
2024-09-03,BBCA,9348.53125
2024-09-04,BBCA,9463.3779296875
2024-09-05,BBCA,9417.439453125
2024-09-06,BBCA,9463.3779296875
2024-09-09,BBCA,9440.408203125
2024-09-10,BBCA,9509.31640625
2024-09-11,BBCA,9578.2255859375
2024-09-12,BBCA,9624.1640625
2024-09-13,BBCA,9578.2255859375
2024-09-17,BBCA,9647.1328125
2024-09-18,BBCA,9761.98046875
2024-09-19,BBCA,10014.642578125
2024-09-20,BBCA,9899.7958984375
2024-09-23,BBCA,10060.5810546875
2024-09-24,BBCA,9922.7646484375
2024-09-25,BBCA,9968.703125
2024-09-26,BBCA,9830.8876953125
2024-09-27,BBCA,9784.94921875
2024-09-30,BBCA,9486.34765625
2024-10-01,BBCA,9693.0712890625
2024-10-02,BBCA,9647.1328125
2024-10-03,BBCA,9601.1943359375
2024-10-04,BBCA,9624.1640625
2024-10-07,BBCA,9463.3779296875
2024-10-08,BBCA,9555.255859375
2024-10-09,BBCA,9578.2255859375
2024-10-10,BBCA,9647.1328125
2024-10-11,BBCA,9532.2861328125
2024-10-14,BBCA,9647.1328125
2024-10-15,BBCA,9761.98046875
2024-10-16,BBCA,9624.1640625
2024-10-17,BBCA,9853.8583984375
2024-10-18,BBCA,9876.826171875
2024-10-21,BBCA,9807.919921875
2024-10-22,BBCA,9647.1328125
2024-10-23,BBCA,9784.94921875
2024-10-24,BBCA,9830.8876953125
2024-10-25,BBCA,9876.826171875
2024-10-28,BBCA,9739.0107421875
2024-10-29,BBCA,9647.1328125
2024-10-30,BBCA,9509.31640625
2024-10-31,BBCA,9417.439453125
2024-11-01,BBCA,9578.2255859375
2024-11-04,BBCA,9532.2861328125
2024-11-05,BBCA,9647.1328125
2024-11-06,BBCA,9601.1943359375
2024-11-07,BBCA,9348.53125
2024-11-08,BBCA,9256.6533203125
2024-11-11,BBCA,9233.6845703125
2024-11-12,BBCA,9325.5625
2024-11-13,BBCA,9325.5625
2024-11-14,BBCA,9279.6240234375
2024-11-15,BBCA,9348.53125
2024-11-18,BBCA,9187.74609375
2024-11-19,BBCA,9118.8369140625
2024-11-20,BBCA,9256.6533203125
2024-11-21,BBCA,9095.06640625
2024-11-22,BBCA,9095.06640625
2024-11-25,BBCA,9395.158203125
2024-11-26,BBCA,9233.5712890625
2024-11-28,BBCA,9233.5712890625
2024-11-29,BBCA,9233.5712890625
2024-12-02,BBCA,9002.73046875
2024-12-03,BBCA,9418.2421875
2024-12-04,BBCA,9418.2421875
2024-12-05,BBCA,9464.4091796875
2024-12-06,BBCA,9302.822265625
2024-12-09,BBCA,9556.7451171875
2024-12-10,BBCA,9556.7451171875
2024-12-11,BBCA,9625.99609375
2024-12-12,BBCA,9395.158203125
2024-12-13,BBCA,9279.7373046875
2024-12-16,BBCA,9325.90625
2024-12-17,BBCA,9141.234375
2024-12-18,BBCA,9048.8994140625
2024-12-19,BBCA,8933.478515625
2024-12-20,BBCA,8910.39453125
2024-12-23,BBCA,9025.8154296875
2024-12-24,BBCA,9002.73046875
2024-12-27,BBCA,9048.8994140625
2024-12-30,BBCA,8933.478515625
2025-01-02,BBCA,9141.234375
2025-01-03,BBCA,9095.06640625
2025-01-06,BBCA,8933.478515625
2025-01-07,BBCA,8794.9755859375
2025-01-08,BBCA,8933.478515625
2025-01-09,BBCA,9095.06640625
2025-01-10,BBCA,8979.6474609375
2025-01-13,BBCA,8933.478515625
2025-01-14,BBCA,8794.9755859375
2025-01-15,BBCA,9048.8994140625
2025-01-16,BBCA,9002.73046875
2025-01-17,BBCA,9141.234375
2025-01-20,BBCA,8887.3115234375
2025-01-21,BBCA,8841.1435546875
2025-01-22,BBCA,8864.2275390625
2025-01-23,BBCA,8864.2275390625
2025-01-24,BBCA,8633.3876953125
2025-01-30,BBCA,8448.716796875
2025-01-31,BBCA,8725.72265625
2025-02-03,BBCA,8633.3876953125
2025-02-04,BBCA,8471.80078125
2025-02-05,BBCA,8425.6328125
2025-02-06,BBCA,8264.0458984375
2025-02-07,BBCA,8633.3876953125
2025-02-10,BBCA,8448.716796875
2025-02-11,BBCA,8379.4638671875
2025-02-12,BBCA,8448.716796875
2025-02-13,BBCA,8310.212890625
2025-02-14,BBCA,8287.12890625
2025-02-17,BBCA,8610.3046875
2025-02-18,BBCA,8587.2197265625
2025-02-19,BBCA,8264.0458984375
2025-02-20,BBCA,8310.212890625
2025-02-21,BBCA,8310.212890625
2025-02-24,BBCA,8240.9609375
2025-02-25,BBCA,8148.6259765625
2025-02-26,BBCA,8102.45751953125
2025-02-27,BBCA,7871.6181640625
2025-02-28,BBCA,7779.28271484375
2025-03-03,BBCA,8125.54150390625
2025-03-04,BBCA,8171.70849609375
2025-03-05,BBCA,8310.212890625
2025-03-06,BBCA,8287.12890625
2025-03-07,BBCA,8240.9609375
2025-03-10,BBCA,8240.9609375
2025-03-11,BBCA,8240.9609375
2025-03-12,BBCA,8425.6328125
2025-03-13,BBCA,8287.12890625
2025-03-14,BBCA,8079.37353515625
2025-03-17,BBCA,7940.87060546875
2025-03-18,BBCA,7663.86328125
2025-03-19,BBCA,7686.94677734375
2025-03-20,BBCA,7733.11474609375
2025-03-21,BBCA,7518.96728515625
2025-03-24,BBCA,7566.55517578125
2025-03-25,BBCA,7661.732421875
2025-03-26,BBCA,8113.82177734375
2025-03-27,BBCA,8090.02783203125
2025-04-08,BBCA,7399.99609375
2025-04-09,BBCA,7542.76123046875
2025-04-10,BBCA,7828.2919921875
2025-04-11,BBCA,7875.8798828125
2025-04-14,BBCA,7994.85107421875
2025-04-15,BBCA,8161.41064453125
2025-04-16,BBCA,8066.2333984375
2025-04-17,BBCA,8090.02783203125
2025-04-21,BBCA,7899.673828125
2025-04-22,BBCA,8090.02783203125
2025-04-23,BBCA,8304.17578125
2025-04-24,BBCA,8066.2333984375
2025-04-25,BBCA,8185.20458984375
2025-04-28,BBCA,8351.763671875
2025-04-29,BBCA,8304.17578125
2025-04-30,BBCA,8399.3525390625
2025-05-02,BBCA,8542.1171875
2025-05-05,BBCA,8542.1171875
2025-05-06,BBCA,8589.7060546875
2025-05-07,BBCA,8637.2939453125
2025-05-08,BBCA,8542.1171875
2025-05-09,BBCA,8565.9111328125
2025-05-14,BBCA,8827.6474609375
2025-05-15,BBCA,8827.6474609375
2025-05-16,BBCA,8851.44140625
2025-05-19,BBCA,9041.7958984375
2025-05-20,BBCA,9018.001953125
2025-05-21,BBCA,9232.1494140625
2025-05-22,BBCA,9184.560546875
2025-05-23,BBCA,9208.3544921875
2025-05-26,BBCA,9160.767578125
2025-05-27,BBCA,8994.20703125
2025-05-28,BBCA,8946.619140625
2025-06-02,BBCA,8661.0888671875
2025-06-03,BBCA,8613.5
2025-06-04,BBCA,8542.1171875
2025-06-05,BBCA,8494.5283203125
2025-06-10,BBCA,8661.0888671875
2025-06-11,BBCA,8613.5
2025-06-12,BBCA,8684.8828125
2025-06-13,BBCA,8589.7060546875
2025-06-16,BBCA,8494.5283203125
2025-06-17,BBCA,8637.2939453125
2025-06-18,BBCA,8470.7353515625
2025-06-19,BBCA,8351.763671875
2025-06-20,BBCA,8280.3818359375
2025-06-23,BBCA,8208.9990234375
2025-06-24,BBCA,8351.763671875
2025-06-25,BBCA,8185.20458984375
2025-06-26,BBCA,8232.79296875
2025-06-30,BBCA,8256.5869140625
2025-07-01,BBCA,8280.3818359375
2025-07-02,BBCA,8256.5869140625
2025-07-03,BBCA,8185.20458984375
2025-07-04,BBCA,8232.79296875
2025-07-07,BBCA,8208.9990234375
2025-07-08,BBCA,8090.02783203125
2025-07-09,BBCA,8090.02783203125
2025-07-10,BBCA,8185.20458984375
2025-07-11,BBCA,8208.9990234375
2025-07-14,BBCA,8113.82177734375
2025-07-15,BBCA,8137.6162109375
2025-07-16,BBCA,8113.82177734375
2025-07-17,BBCA,8113.82177734375
2025-07-18,BBCA,8018.6455078125
2025-07-21,BBCA,8042.43896484375
2025-07-22,BBCA,7994.85107421875
2025-07-23,BBCA,8018.6455078125
2025-07-24,BBCA,8090.02783203125
2025-07-25,BBCA,8042.43896484375
2025-07-28,BBCA,8090.02783203125
2025-07-29,BBCA,7994.85107421875
2025-07-30,BBCA,7971.056640625
2025-07-31,BBCA,7875.8798828125
2025-08-01,BBCA,7899.673828125
2025-08-04,BBCA,7875.8798828125
2025-08-05,BBCA,8018.6455078125
2025-08-06,BBCA,7899.673828125
2025-08-07,BBCA,7899.673828125
2025-08-08,BBCA,7899.673828125
2025-08-11,BBCA,8137.6162109375
2025-08-12,BBCA,8423.146484375
2025-08-13,BBCA,8494.5283203125
2025-08-14,BBCA,8351.763671875
2025-08-15,BBCA,8280.3818359375
2025-08-19,BBCA,8090.02783203125
2025-08-20,BBCA,8113.82177734375
2025-08-21,BBCA,8137.6162109375
2025-08-22,BBCA,8042.43896484375
2025-08-25,BBCA,8066.2333984375
2025-08-26,BBCA,7852.0859375
2025-08-27,BBCA,7899.673828125
2025-08-28,BBCA,7923.46826171875
2025-08-29,BBCA,7685.52685546875
2025-09-01,BBCA,7614.14404296875
2025-09-02,BBCA,7614.14404296875
2025-09-03,BBCA,7590.349609375
2025-09-04,BBCA,7614.14404296875
2025-09-08,BBCA,7328.61376953125
2025-09-09,BBCA,7162.05419921875
2025-09-10,BBCA,7423.7900390625
2025-09-11,BBCA,7471.37890625
2025-09-12,BBCA,7542.76123046875
2025-09-15,BBCA,7637.93798828125
2025-09-16,BBCA,7542.76123046875
2025-09-17,BBCA,7471.37890625
2025-09-18,BBCA,7328.61376953125
2025-09-19,BBCA,7423.7900390625
2025-09-22,BBCA,7352.4072265625
2025-09-23,BBCA,7495.1728515625
2025-09-24,BBCA,7399.99609375
2025-09-25,BBCA,7328.61376953125
2025-09-26,BBCA,7257.23095703125
2025-09-29,BBCA,7399.99609375
2025-09-30,BBCA,7257.23095703125
2025-10-01,BBCA,7138.259765625
2025-10-02,BBCA,7138.259765625
2025-10-03,BBCA,7162.05419921875
2025-10-06,BBCA,7138.259765625
2025-10-07,BBCA,7209.64208984375
2025-10-08,BBCA,7019.28857421875
2025-10-09,BBCA,7185.84814453125
2025-10-10,BBCA,7043.0830078125
2025-10-13,BBCA,6971.70068359375
2025-10-14,BBCA,6900.31787109375
2025-10-15,BBCA,6900.31787109375
2025-10-16,BBCA,6947.90625
2025-10-17,BBCA,7138.259765625
2025-10-20,BBCA,7495.1728515625
2025-10-21,BBCA,8066.2333984375
2025-10-22,BBCA,7804.49755859375
2025-10-23,BBCA,7923.46826171875
2025-10-24,BBCA,7875.8798828125
2025-10-27,BBCA,7947.2626953125
2025-10-28,BBCA,7875.8798828125
2025-10-29,BBCA,8185.20458984375
2025-10-30,BBCA,8113.82177734375
2025-10-31,BBCA,8113.82177734375
2025-11-03,BBCA,8232.79296875
2025-11-04,BBCA,8232.79296875
2025-11-05,BBCA,8280.3818359375
2025-11-06,BBCA,8137.6162109375
2025-11-07,BBCA,8256.5869140625
2025-11-10,BBCA,8161.41064453125
2025-11-11,BBCA,7994.85107421875
2025-11-12,BBCA,8090.02783203125
2025-11-13,BBCA,7971.056640625
2025-11-14,BBCA,8018.6455078125
2025-11-17,BBCA,8161.41064453125
2025-11-18,BBCA,7994.85107421875
2025-11-19,BBCA,8066.2333984375
2025-11-20,BBCA,8018.6455078125
2025-11-21,BBCA,7994.85107421875
2025-11-24,BBCA,8066.2333984375
2025-11-25,BBCA,8090.02783203125
2025-11-26,BBCA,8018.6455078125
2025-11-27,BBCA,7923.46826171875
2025-11-28,BBCA,7875.8798828125
2025-12-01,BBCA,7994.85107421875
2025-12-02,BBCA,7971.056640625
2025-12-03,BBCA,7951.8955078125
2025-12-04,BBCA,7880.04150390625
2025-12-05,BBCA,7951.8955078125
2025-12-08,BBCA,7951.8955078125
2025-12-09,BBCA,7760.28369140625
2025-12-10,BBCA,7736.33251953125
2025-12-11,BBCA,7664.47802734375
2025-12-12,BBCA,7664.47802734375
2025-12-15,BBCA,7951.8955078125
2025-12-16,BBCA,7736.33251953125
2025-12-17,BBCA,7688.42919921875
2025-12-18,BBCA,7832.13818359375
2025-12-19,BBCA,7712.380859375
2025-12-22,BBCA,7832.13818359375
2025-12-23,BBCA,7688.42919921875
2025-12-24,BBCA,7688.42919921875
2025-12-29,BBCA,7688.42919921875
2025-12-30,BBCA,7736.33251953125
2026-01-02,BBCA,7688.42919921875
2026-01-05,BBCA,7736.33251953125
2026-01-06,BBCA,7832.13818359375
2026-01-07,BBCA,7808.18701171875
2026-01-08,BBCA,7712.380859375
2026-01-09,BBCA,7784.2353515625
2026-01-12,BBCA,7688.42919921875
2026-01-13,BBCA,7736.33251953125
2026-01-14,BBCA,7664.47802734375
2026-01-15,BBCA,7736.33251953125
2026-01-19,BBCA,7784.2353515625
2026-01-20,BBCA,7664.47802734375
2026-01-21,BBCA,7377.06005859375
2026-01-22,BBCA,7329.15673828125
2026-01-23,BBCA,7329.15673828125
2026-01-26,BBCA,7329.15673828125
2022-12-30,BBNI,3564.904541015625
2023-01-02,BBNI,3564.904541015625
2023-01-03,BBNI,3584.226806640625
2023-01-04,BBNI,3545.5830078125
2023-01-05,BBNI,3477.9560546875
2023-01-06,BBNI,3439.312255859375
2023-01-09,BBNI,3477.9560546875
2023-01-10,BBNI,3371.68505859375
2023-01-11,BBNI,3284.736083984375
2023-01-12,BBNI,3323.380126953125
2023-01-13,BBNI,3352.36328125
2023-01-16,BBNI,3391.00732421875
2023-01-17,BBNI,3448.97314453125
2023-01-18,BBNI,3429.651123046875
2023-01-19,BBNI,3458.63427734375
2023-01-20,BBNI,3487.616943359375
2023-01-24,BBNI,3497.278076171875
2023-01-25,BBNI,3506.939208984375
2023-01-26,BBNI,3661.514892578125
2023-01-27,BBNI,3690.497802734375
2023-01-30,BBNI,3593.887939453125
2023-01-31,BBNI,3535.921875
2023-02-01,BBNI,3526.26123046875
2023-02-02,BBNI,3516.599853515625
2023-02-03,BBNI,3593.887939453125
2023-02-06,BBNI,3613.2099609375
2023-02-07,BBNI,3622.87109375
2023-02-08,BBNI,3661.514892578125
2023-02-09,BBNI,3690.497802734375
2023-02-10,BBNI,3680.836669921875
2023-02-13,BBNI,3671.176025390625
2023-02-14,BBNI,3651.853515625
2023-02-15,BBNI,3642.19287109375
2023-02-16,BBNI,3613.2099609375
2023-02-17,BBNI,3584.226806640625
2023-02-20,BBNI,3535.921875
2023-02-21,BBNI,3497.278076171875
2023-02-22,BBNI,3419.990234375
2023-02-23,BBNI,3458.63427734375
2023-02-24,BBNI,3439.312255859375
2023-02-27,BBNI,3458.63427734375
2023-02-28,BBNI,3391.00732421875
2023-03-01,BBNI,3458.63427734375
2023-03-02,BBNI,3429.651123046875
2023-03-03,BBNI,3381.34619140625
2023-03-06,BBNI,3400.668212890625
2023-03-07,BBNI,3439.312255859375
2023-03-08,BBNI,3429.651123046875
2023-03-09,BBNI,3535.921875
2023-03-10,BBNI,3487.616943359375
2023-03-13,BBNI,3477.9560546875
2023-03-14,BBNI,3391.00732421875
2023-03-15,BBNI,3400.668212890625
2023-03-16,BBNI,3458.63427734375
2023-03-17,BBNI,3487.616943359375
2023-03-20,BBNI,3477.9560546875
2023-03-21,BBNI,3564.904541015625
2023-03-24,BBNI,3719.480712890625
2023-03-27,BBNI,3671.176025390625
2023-03-28,BBNI,3638.032470703125
2023-03-29,BBNI,3708.576171875
2023-03-30,BBNI,3769.042236328125
2023-03-31,BBNI,3769.042236328125
2023-04-03,BBNI,3769.042236328125
2023-04-04,BBNI,3769.042236328125
2023-04-05,BBNI,3758.96435546875
2023-04-06,BBNI,3779.11962890625
2023-04-10,BBNI,3758.96435546875
2023-04-11,BBNI,3779.11962890625
2023-04-12,BBNI,3769.042236328125
2023-04-13,BBNI,3779.11962890625
2023-04-14,BBNI,3789.197509765625
2023-04-17,BBNI,3809.3525390625
2023-04-18,BBNI,3819.4306640625
2023-04-26,BBNI,3859.74072265625
2023-04-27,BBNI,3829.5078125
2023-04-28,BBNI,3799.275146484375
2023-05-02,BBNI,3849.663330078125
2023-05-03,BBNI,3819.4306640625
2023-05-04,BBNI,3748.886962890625
2023-05-05,BBNI,3728.7314453125
2023-05-08,BBNI,3688.420654296875
2023-05-09,BBNI,3678.34326171875
2023-05-10,BBNI,3708.576171875
2023-05-11,BBNI,3688.420654296875
2023-05-12,BBNI,3627.955078125
2023-05-15,BBNI,3587.644287109375
2023-05-16,BBNI,3527.17822265625
2023-05-17,BBNI,3527.17822265625
2023-05-19,BBNI,3557.411376953125
2023-05-22,BBNI,3567.4892578125
2023-05-23,BBNI,3607.7998046875
2023-05-24,BBNI,3557.411376953125
2023-05-25,BBNI,3627.955078125
2023-05-26,BBNI,3607.7998046875
2023-05-29,BBNI,3648.1103515625
2023-05-30,BBNI,3638.032470703125
2023-05-31,BBNI,3648.1103515625
2023-06-05,BBNI,3627.955078125
2023-06-06,BBNI,3708.576171875
2023-06-07,BBNI,3688.420654296875
2023-06-08,BBNI,3708.576171875
2023-06-09,BBNI,3718.65380859375
2023-06-12,BBNI,3748.886962890625
2023-06-13,BBNI,3678.34326171875
2023-06-14,BBNI,3617.877197265625
2023-06-15,BBNI,3668.265380859375
2023-06-16,BBNI,3638.032470703125
2023-06-19,BBNI,3648.1103515625
2023-06-20,BBNI,3658.18798828125
2023-06-21,BBNI,3668.265380859375
2023-06-22,BBNI,3648.1103515625
2023-06-23,BBNI,3638.032470703125
2023-06-26,BBNI,3678.34326171875
2023-06-27,BBNI,3688.420654296875
2023-07-03,BBNI,3718.65380859375
2023-07-04,BBNI,3668.265380859375
2023-07-05,BBNI,3688.420654296875
2023-07-06,BBNI,3668.265380859375
2023-07-07,BBNI,3658.18798828125
2023-07-10,BBNI,3648.1103515625
2023-07-11,BBNI,3617.877197265625
2023-07-12,BBNI,3607.7998046875
2023-07-13,BBNI,3587.644287109375
2023-07-14,BBNI,3597.721923828125
2023-07-17,BBNI,3607.7998046875
2023-07-18,BBNI,3587.644287109375
2023-07-20,BBNI,3648.1103515625
2023-07-21,BBNI,3648.1103515625
2023-07-24,BBNI,3638.032470703125
2023-07-25,BBNI,3638.032470703125
2023-07-26,BBNI,3607.7998046875
2023-07-27,BBNI,3587.644287109375
2023-07-28,BBNI,3577.56640625
2023-07-31,BBNI,3577.56640625
2023-08-01,BBNI,3496.945556640625
2023-08-02,BBNI,3577.56640625
2023-08-03,BBNI,3607.7998046875
2023-08-04,BBNI,3627.955078125
2023-08-07,BBNI,3627.955078125
2023-08-08,BBNI,3597.721923828125
2023-08-09,BBNI,3658.18798828125
2023-08-10,BBNI,3668.265380859375
2023-08-11,BBNI,3668.265380859375
2023-08-14,BBNI,3708.576171875
2023-08-15,BBNI,3668.265380859375
2023-08-16,BBNI,3668.265380859375
2023-08-18,BBNI,3648.1103515625
2023-08-21,BBNI,3678.34326171875
2023-08-22,BBNI,3668.265380859375
2023-08-23,BBNI,3658.18798828125
2023-08-24,BBNI,3678.34326171875
2023-08-25,BBNI,3668.265380859375
2023-08-28,BBNI,3668.265380859375
2023-08-29,BBNI,3688.420654296875
2023-08-30,BBNI,3708.576171875
2023-08-31,BBNI,3698.498779296875
2023-09-01,BBNI,3698.498779296875
2023-09-04,BBNI,3809.3525390625
2023-09-05,BBNI,3879.896240234375
2023-09-06,BBNI,3859.74072265625
2023-09-07,BBNI,3829.5078125
2023-09-08,BBNI,3779.11962890625
2023-09-11,BBNI,3809.3525390625
2023-09-12,BBNI,3748.886962890625
2023-09-13,BBNI,3769.042236328125
2023-09-14,BBNI,3809.3525390625
2023-09-15,BBNI,3819.4306640625
2023-09-18,BBNI,3769.042236328125
2023-09-19,BBNI,3809.3525390625
2023-09-20,BBNI,3859.74072265625
2023-09-21,BBNI,3869.81884765625
2023-09-22,BBNI,3930.284423828125
2023-09-25,BBNI,4051.21630859375
2023-09-26,BBNI,4020.983642578125
2023-09-27,BBNI,4081.44921875
2023-09-29,BBNI,4162.0703125
2023-10-02,BBNI,4151.99267578125
2023-10-03,BBNI,4202.380859375
2023-10-04,BBNI,4182.2255859375
2023-10-05,BBNI,4182.2255859375
2023-10-06,BBNI,4192.30322265625
2023-10-09,BBNI,4111.68212890625
2023-10-10,BBNI,4192.30322265625
2023-10-11,BBNI,4172.1484375
2023-10-12,BBNI,4293.07958984375
2023-10-13,BBNI,4172.1484375
2023-10-16,BBNI,4192.30322265625
2023-10-17,BBNI,4192.30322265625
2023-10-18,BBNI,4131.83740234375
2023-10-19,BBNI,3982.688232421875
2023-10-20,BBNI,4006.87451171875
2023-10-23,BBNI,4022.998779296875
2023-10-24,BBNI,4031.060791015625
2023-10-25,BBNI,4006.87451171875
2023-10-26,BBNI,3934.315673828125
2023-10-27,BBNI,3910.12890625
2023-10-30,BBNI,3910.12890625
2023-10-31,BBNI,3861.75634765625
2023-11-01,BBNI,3885.942626953125
2023-11-02,BBNI,3926.253662109375
2023-11-03,BBNI,3942.377685546875
2023-11-06,BBNI,4006.87451171875
2023-11-07,BBNI,3982.688232421875
2023-11-08,BBNI,3934.315673828125
2023-11-09,BBNI,3918.19140625
2023-11-10,BBNI,3918.19140625
2023-11-13,BBNI,3942.377685546875
2023-11-14,BBNI,3934.315673828125
2023-11-15,BBNI,4014.93701171875
2023-11-16,BBNI,3990.750244140625
2023-11-17,BBNI,4014.93701171875
2023-11-20,BBNI,4014.93701171875
2023-11-21,BBNI,4091.52685546875
2023-11-22,BBNI,4091.52685546875
2023-11-23,BBNI,4151.99267578125
2023-11-24,BBNI,4192.30322265625
2023-11-27,BBNI,4252.76953125
2023-11-28,BBNI,4172.1484375
2023-11-29,BBNI,4212.458984375
2023-11-30,BBNI,4252.76953125
2023-12-01,BBNI,4232.6142578125
2023-12-04,BBNI,4272.9248046875
2023-12-05,BBNI,4272.9248046875
2023-12-06,BBNI,4212.458984375
2023-12-07,BBNI,4252.76953125
2023-12-08,BBNI,4091.52685546875
2023-12-11,BBNI,4172.1484375
2023-12-12,BBNI,4252.76953125
2023-12-13,BBNI,4172.1484375
2023-12-14,BBNI,4313.2353515625
2023-12-15,BBNI,4252.76953125
2023-12-18,BBNI,4192.30322265625
2023-12-19,BBNI,4192.30322265625
2023-12-20,BBNI,4192.30322265625
2023-12-21,BBNI,4151.99267578125
2023-12-22,BBNI,4232.6142578125
2023-12-27,BBNI,4252.76953125
2023-12-28,BBNI,4313.2353515625
2023-12-29,BBNI,4333.390625
2024-01-02,BBNI,4333.390625
2024-01-03,BBNI,4313.2353515625
2024-01-04,BBNI,4514.7880859375
2024-01-05,BBNI,4494.6328125
2024-01-08,BBNI,4494.6328125
2024-01-09,BBNI,4555.09912109375
2024-01-10,BBNI,4514.7880859375
2024-01-11,BBNI,4514.7880859375
2024-01-12,BBNI,4514.7880859375
2024-01-15,BBNI,4534.94384765625
2024-01-16,BBNI,4514.7880859375
2024-01-17,BBNI,4474.4775390625
2024-01-18,BBNI,4474.4775390625
2024-01-19,BBNI,4434.1669921875
2024-01-22,BBNI,4454.32275390625
2024-01-23,BBNI,4373.701171875
2024-01-24,BBNI,4414.01171875
2024-01-25,BBNI,4353.54638671875
2024-01-26,BBNI,4373.701171875
2024-01-29,BBNI,4494.6328125
2024-01-30,BBNI,4555.09912109375
2024-01-31,BBNI,4635.72021484375
2024-02-01,BBNI,4615.56494140625
2024-02-02,BBNI,4655.87548828125
2024-02-05,BBNI,4635.72021484375
2024-02-06,BBNI,4655.87548828125
2024-02-07,BBNI,4635.72021484375
2024-02-12,BBNI,4796.96240234375
2024-02-13,BBNI,4736.49658203125
2024-02-15,BBNI,4837.27294921875
2024-02-16,BBNI,4837.27294921875
2024-02-19,BBNI,4736.49658203125
2024-02-20,BBNI,4857.4287109375
2024-02-21,BBNI,4837.27294921875
2024-02-22,BBNI,4796.96240234375
2024-02-23,BBNI,4756.65234375
2024-02-26,BBNI,4756.65234375
2024-02-27,BBNI,4837.27294921875
2024-02-28,BBNI,4817.1181640625
2024-02-29,BBNI,4837.27294921875
2024-03-01,BBNI,4756.65234375
2024-03-04,BBNI,4736.49658203125
2024-03-05,BBNI,4756.65234375
2024-03-06,BBNI,4796.96240234375
2024-03-07,BBNI,4817.1181640625
2024-03-08,BBNI,4917.89453125
2024-03-13,BBNI,5018.6708984375
2024-03-14,BBNI,4958.205078125
2024-03-15,BBNI,4899.49169921875
2024-03-18,BBNI,4899.49169921875
2024-03-19,BBNI,4941.728515625
2024-03-20,BBNI,4962.84716796875
2024-03-21,BBNI,4899.49169921875
2024-03-22,BBNI,4941.728515625
2024-03-25,BBNI,5005.08447265625
2024-03-26,BBNI,5026.20263671875
2024-03-27,BBNI,5005.08447265625
2024-03-28,BBNI,4983.9658203125
2024-04-01,BBNI,4772.78076171875
2024-04-02,BBNI,4624.951171875
2024-04-03,BBNI,4498.240234375
2024-04-04,BBNI,4519.35888671875
2024-04-05,BBNI,4477.12158203125
2024-04-16,BBNI,4392.64794921875
2024-04-17,BBNI,4434.884765625
2024-04-18,BBNI,4477.12158203125
2024-04-19,BBNI,4413.7666015625
2024-04-22,BBNI,4519.35888671875
2024-04-23,BBNI,4434.884765625
2024-04-24,BBNI,4477.12158203125
2024-04-25,BBNI,4477.12158203125
2024-04-26,BBNI,4350.41064453125
2024-04-29,BBNI,4413.7666015625
2024-04-30,BBNI,4434.884765625
2024-05-02,BBNI,4080.093994140625
2024-05-03,BBNI,4080.093994140625
2024-05-06,BBNI,4063.19921875
2024-05-07,BBNI,3970.277587890625
2024-05-08,BBNI,3944.935302734375
2024-05-13,BBNI,4037.85693359375
2024-05-14,BBNI,4164.56787109375
2024-05-15,BBNI,4244.818359375
2024-05-16,BBNI,4392.64794921875
2024-05-17,BBNI,4371.529296875
2024-05-20,BBNI,4206.80517578125
2024-05-21,BBNI,4029.40966796875
2024-05-22,BBNI,4020.9619140625
2024-05-27,BBNI,3944.935302734375
2024-05-28,BBNI,3978.725341796875
2024-05-29,BBNI,3826.672119140625
2024-05-30,BBNI,3792.882080078125
2024-05-31,BBNI,3716.855712890625
2024-06-03,BBNI,3902.69873046875
2024-06-04,BBNI,3919.59326171875
2024-06-05,BBNI,3894.2509765625
2024-06-06,BBNI,4029.40966796875
2024-06-07,BBNI,3970.277587890625
2024-06-10,BBNI,3894.2509765625
2024-06-11,BBNI,3784.434814453125
2024-06-12,BBNI,3742.197998046875
2024-06-13,BBNI,3784.434814453125
2024-06-14,BBNI,3640.8291015625
2024-06-19,BBNI,3632.3818359375
2024-06-20,BBNI,3716.855712890625
2024-06-21,BBNI,3835.119384765625
2024-06-24,BBNI,3835.119384765625
2024-06-25,BBNI,3784.434814453125
2024-06-26,BBNI,3733.75048828125
2024-06-27,BBNI,3868.90869140625
2024-06-28,BBNI,3936.488037109375
2024-07-01,BBNI,3978.725341796875
2024-07-02,BBNI,3978.725341796875
2024-07-03,BBNI,3928.041015625
2024-07-04,BBNI,3978.725341796875
2024-07-05,BBNI,3970.277587890625
2024-07-08,BBNI,3944.935302734375
2024-07-09,BBNI,4105.4365234375
2024-07-10,BBNI,4071.646484375
2024-07-11,BBNI,4113.8837890625
2024-07-12,BBNI,4244.818359375
2024-07-15,BBNI,4244.818359375
2024-07-16,BBNI,4206.80517578125
2024-07-17,BBNI,4223.69970703125
2024-07-18,BBNI,4287.05517578125
2024-07-19,BBNI,4308.173828125
2024-07-22,BBNI,4308.173828125
2024-07-23,BBNI,4265.93701171875
2024-07-24,BBNI,4308.173828125
2024-07-25,BBNI,4244.818359375
2024-07-26,BBNI,4223.69970703125
2024-07-29,BBNI,4244.818359375
2024-07-30,BBNI,4181.462890625
2024-07-31,BBNI,4198.357421875
2024-08-01,BBNI,4287.05517578125
2024-08-02,BBNI,4308.173828125
2024-08-05,BBNI,4189.91015625
2024-08-06,BBNI,4244.818359375
2024-08-07,BBNI,4223.69970703125
2024-08-08,BBNI,4244.818359375
2024-08-09,BBNI,4329.2919921875
2024-08-12,BBNI,4329.2919921875
2024-08-13,BBNI,4371.529296875
2024-08-14,BBNI,4456.0029296875
2024-08-15,BBNI,4434.884765625
2024-08-16,BBNI,4477.12158203125
2024-08-19,BBNI,4519.35888671875
2024-08-20,BBNI,4624.951171875
2024-08-21,BBNI,4603.83251953125
2024-08-22,BBNI,4456.0029296875
2024-08-23,BBNI,4603.83251953125
2024-08-26,BBNI,4667.1884765625
2024-08-27,BBNI,4561.59619140625
2024-08-28,BBNI,4540.4775390625
2024-08-29,BBNI,4477.12158203125
2024-08-30,BBNI,4519.35888671875
2024-09-02,BBNI,4519.35888671875
2024-09-03,BBNI,4540.4775390625
2024-09-04,BBNI,4519.35888671875
2024-09-05,BBNI,4603.83251953125
2024-09-06,BBNI,4772.78076171875
2024-09-09,BBNI,4836.13623046875
2024-09-10,BBNI,4815.017578125
2024-09-11,BBNI,4772.78076171875
2024-09-12,BBNI,4730.54345703125
2024-09-13,BBNI,4751.662109375
2024-09-17,BBNI,4772.78076171875
2024-09-18,BBNI,4815.017578125
2024-09-19,BBNI,4920.6103515625
2024-09-20,BBNI,4857.2548828125
2024-09-23,BBNI,4899.49169921875
2024-09-24,BBNI,4899.49169921875
2024-09-25,BBNI,4730.54345703125
2024-09-26,BBNI,4730.54345703125
2024-09-27,BBNI,4603.83251953125
2024-09-30,BBNI,4519.35888671875
2024-10-01,BBNI,4540.4775390625
2024-10-02,BBNI,4519.35888671875
2024-10-03,BBNI,4540.4775390625
2024-10-04,BBNI,4498.240234375
2024-10-07,BBNI,4392.64794921875
2024-10-08,BBNI,4519.35888671875
2024-10-09,BBNI,4498.240234375
2024-10-10,BBNI,4498.240234375
2024-10-11,BBNI,4540.4775390625
2024-10-14,BBNI,4582.7138671875
2024-10-15,BBNI,4646.06982421875
2024-10-16,BBNI,4624.951171875
2024-10-17,BBNI,4646.06982421875
2024-10-18,BBNI,4772.78076171875
2024-10-21,BBNI,4751.662109375
2024-10-22,BBNI,4772.78076171875
2024-10-23,BBNI,4793.8994140625
2024-10-24,BBNI,4751.662109375
2024-10-25,BBNI,4772.78076171875
2024-10-28,BBNI,4646.06982421875
2024-10-29,BBNI,4477.12158203125
2024-10-30,BBNI,4413.7666015625
2024-10-31,BBNI,4434.884765625
2024-11-01,BBNI,4392.64794921875
2024-11-04,BBNI,4477.12158203125
2024-11-05,BBNI,4561.59619140625
2024-11-06,BBNI,4329.2919921875
2024-11-07,BBNI,4244.818359375
2024-11-08,BBNI,4206.80517578125
2024-11-11,BBNI,4215.25244140625
2024-11-12,BBNI,4164.56787109375
2024-11-13,BBNI,4189.91015625
2024-11-14,BBNI,4181.462890625
2024-11-15,BBNI,4147.6728515625
2024-11-18,BBNI,4113.8837890625
2024-11-19,BBNI,4096.98876953125
2024-11-20,BBNI,4096.98876953125
2024-11-21,BBNI,3987.172607421875
2024-11-22,BBNI,4088.541259765625
2024-11-25,BBNI,4215.25244140625
2024-11-26,BBNI,4181.462890625
2024-11-28,BBNI,4244.818359375
2024-11-29,BBNI,4206.80517578125
2024-12-02,BBNI,3978.725341796875
2024-12-03,BBNI,4037.85693359375
2024-12-04,BBNI,4181.462890625
2024-12-05,BBNI,4071.646484375
2024-12-06,BBNI,4105.4365234375
2024-12-09,BBNI,4223.69970703125
2024-12-10,BBNI,4308.173828125
2024-12-11,BBNI,4287.05517578125
2024-12-12,BBNI,4122.3310546875
2024-12-13,BBNI,3995.619873046875
2024-12-16,BBNI,3919.59326171875
2024-12-17,BBNI,3775.98779296875
2024-12-18,BBNI,3742.197998046875
2024-12-19,BBNI,3640.8291015625
2024-12-20,BBNI,3598.59228515625
2024-12-23,BBNI,3699.961181640625
2024-12-24,BBNI,3699.961181640625
2024-12-27,BBNI,3683.066162109375
2024-12-30,BBNI,3674.618896484375
2025-01-02,BBNI,3877.3564453125
2025-01-03,BBNI,3835.119384765625
2025-01-06,BBNI,3742.197998046875
2025-01-07,BBNI,3683.066162109375
2025-01-08,BBNI,3691.513671875
2025-01-09,BBNI,3699.961181640625
2025-01-10,BBNI,3674.618896484375
2025-01-13,BBNI,3556.355224609375
2025-01-14,BBNI,3488.77587890625
2025-01-15,BBNI,3725.30322265625
2025-01-16,BBNI,3801.329833984375
2025-01-17,BBNI,3775.98779296875
2025-01-20,BBNI,3902.69873046875
2025-01-21,BBNI,4004.0673828125
2025-01-22,BBNI,4046.30419921875
2025-01-23,BBNI,3928.041015625
2025-01-24,BBNI,3894.2509765625
2025-01-30,BBNI,3919.59326171875
2025-01-31,BBNI,4029.40966796875
2025-02-03,BBNI,4037.85693359375
2025-02-04,BBNI,3970.277587890625
2025-02-05,BBNI,3801.329833984375
2025-02-06,BBNI,3623.9345703125
2025-02-07,BBNI,3607.03955078125
2025-02-10,BBNI,3505.670654296875
2025-02-11,BBNI,3438.091552734375
2025-02-12,BBNI,3632.3818359375
2025-02-13,BBNI,3590.144775390625
2025-02-14,BBNI,3691.513671875
2025-02-17,BBNI,3860.46142578125
2025-02-18,BBNI,4012.5146484375
2025-02-19,BBNI,3818.224365234375
2025-02-20,BBNI,3767.540283203125
2025-02-21,BBNI,3632.3818359375
2025-02-24,BBNI,3547.907958984375
2025-02-25,BBNI,3573.25
2025-02-26,BBNI,3674.618896484375
2025-02-27,BBNI,3666.17138671875
2025-02-28,BBNI,3404.302001953125
2025-03-03,BBNI,3598.59228515625
2025-03-04,BBNI,3564.802490234375
2025-03-05,BBNI,3767.540283203125
2025-03-06,BBNI,3877.3564453125
2025-03-07,BBNI,3835.119384765625
2025-03-10,BBNI,3759.0927734375
2025-03-11,BBNI,3759.0927734375
2025-03-12,BBNI,3826.672119140625
2025-03-13,BBNI,3826.672119140625
2025-03-14,BBNI,3742.197998046875
2025-03-17,BBNI,3657.723876953125
2025-03-18,BBNI,3539.46044921875
2025-03-19,BBNI,3522.565673828125
2025-03-20,BBNI,3446.5390625
2025-03-21,BBNI,3184.669677734375
2025-03-24,BBNI,3142.4326171875
2025-03-25,BBNI,3294.48583984375
2025-03-26,BBNI,3590.144775390625
2025-03-27,BBNI,3581.697265625
2025-04-08,BBNI,3404.302001953125
2025-04-09,BBNI,3412.749267578125
2025-04-10,BBNI,3598.59228515625
2025-04-11,BBNI,3708.408447265625
2025-04-14,BBNI,3843.566650390625
2025-04-15,BBNI,3939.342041015625
2025-04-16,BBNI,3773.668701171875
2025-04-17,BBNI,3718.4443359375
2025-04-21,BBNI,3672.423828125
2025-04-22,BBNI,3690.83203125
2025-04-23,BBNI,3819.68896484375
2025-04-24,BBNI,3838.09716796875
2025-04-25,BBNI,3865.70947265625
2025-04-28,BBNI,3856.50537109375
2025-04-29,BBNI,3810.48486328125
2025-04-30,BBNI,3847.30126953125
2025-05-02,BBNI,3865.70947265625
2025-05-05,BBNI,3874.91357421875
2025-05-06,BBNI,3847.30126953125
2025-05-07,BBNI,3828.89306640625
2025-05-08,BBNI,3792.076904296875
2025-05-09,BBNI,3773.668701171875
2025-05-14,BBNI,4022.178466796875
2025-05-15,BBNI,4141.83154296875
2025-05-16,BBNI,4141.83154296875
2025-05-19,BBNI,4105.01513671875
2025-05-20,BBNI,4095.81103515625
2025-05-21,BBNI,4160.23974609375
2025-05-22,BBNI,4114.21923828125
2025-05-23,BBNI,4151.03564453125
2025-05-26,BBNI,4141.83154296875
2025-05-27,BBNI,4169.44384765625
2025-05-28,BBNI,4132.62744140625
2025-06-02,BBNI,4022.178466796875
2025-06-03,BBNI,4022.178466796875
2025-06-04,BBNI,3957.75
2025-06-05,BBNI,4068.198974609375
2025-06-10,BBNI,4160.23974609375
2025-06-11,BBNI,4178.64794921875
2025-06-12,BBNI,4178.64794921875
2025-06-13,BBNI,4178.64794921875
2025-06-16,BBNI,4049.790771484375
2025-06-17,BBNI,4012.974609375
2025-06-18,BBNI,3957.75
2025-06-19,BBNI,3801.281005859375
2025-06-20,BBNI,3782.872802734375
2025-06-23,BBNI,3736.852294921875
2025-06-24,BBNI,3810.48486328125
2025-06-25,BBNI,3782.872802734375
2025-06-26,BBNI,3792.076904296875
2025-06-30,BBNI,3792.076904296875
2025-07-01,BBNI,3690.83203125
2025-07-02,BBNI,3700.0361328125
2025-07-03,BBNI,3654.015869140625
2025-07-04,BBNI,3681.6279296875
2025-07-07,BBNI,3681.6279296875
2025-07-08,BBNI,3654.015869140625
2025-07-09,BBNI,3681.6279296875
2025-07-10,BBNI,3782.872802734375
2025-07-11,BBNI,3847.30126953125
2025-07-14,BBNI,3718.4443359375
2025-07-15,BBNI,3727.6484375
2025-07-16,BBNI,3801.281005859375
2025-07-17,BBNI,3782.872802734375
2025-07-18,BBNI,3792.076904296875
2025-07-21,BBNI,3746.056396484375
2025-07-22,BBNI,3727.6484375
2025-07-23,BBNI,3773.668701171875
2025-07-24,BBNI,3884.117431640625
2025-07-25,BBNI,3764.464599609375
2025-07-28,BBNI,3874.91357421875
2025-07-29,BBNI,3819.68896484375
2025-07-30,BBNI,3792.076904296875
2025-07-31,BBNI,3690.83203125
2025-08-01,BBNI,3690.83203125
2025-08-04,BBNI,3690.83203125
2025-08-05,BBNI,3884.117431640625
2025-08-06,BBNI,3773.668701171875
2025-08-07,BBNI,3792.076904296875
2025-08-08,BBNI,3746.056396484375
2025-08-11,BBNI,3865.70947265625
2025-08-12,BBNI,4012.974609375
2025-08-13,BBNI,4022.178466796875
2025-08-14,BBNI,4040.586669921875
2025-08-15,BBNI,4022.178466796875
2025-08-19,BBNI,3985.3623046875
2025-08-20,BBNI,4077.403076171875
2025-08-21,BBNI,4132.62744140625
2025-08-22,BBNI,4040.586669921875
2025-08-25,BBNI,4095.81103515625
2025-08-26,BBNI,4178.64794921875
2025-08-27,BBNI,4095.81103515625
2025-08-28,BBNI,4105.01513671875
2025-08-29,BBNI,4031.382568359375
2025-09-01,BBNI,3976.158203125
2025-09-02,BBNI,3966.9541015625
2025-09-03,BBNI,4058.994873046875
2025-09-04,BBNI,4022.178466796875
2025-09-08,BBNI,3847.30126953125
2025-09-09,BBNI,3755.260498046875
2025-09-10,BBNI,3773.668701171875
2025-09-11,BBNI,4068.198974609375
2025-09-12,BBNI,4160.23974609375
2025-09-15,BBNI,4058.994873046875
2025-09-16,BBNI,4022.178466796875
2025-09-17,BBNI,4095.81103515625
2025-09-18,BBNI,3994.56640625
2025-09-19,BBNI,3930.137939453125
2025-09-22,BBNI,3874.91357421875
2025-09-23,BBNI,3865.70947265625
2025-09-24,BBNI,3856.50537109375
2025-09-25,BBNI,3856.50537109375
2025-09-26,BBNI,3847.30126953125
2025-09-29,BBNI,3838.09716796875
2025-09-30,BBNI,3773.668701171875
2025-10-01,BBNI,3727.6484375
2025-10-02,BBNI,3718.4443359375
2025-10-03,BBNI,3718.4443359375
2025-10-06,BBNI,3681.6279296875
2025-10-07,BBNI,3672.423828125
2025-10-08,BBNI,3626.403564453125
2025-10-09,BBNI,3773.668701171875
2025-10-10,BBNI,3654.015869140625
2025-10-13,BBNI,3589.58740234375
2025-10-14,BBNI,3497.546630859375
2025-10-15,BBNI,3469.934326171875
2025-10-16,BBNI,3543.56689453125
2025-10-17,BBNI,3497.546630859375
2025-10-20,BBNI,3718.4443359375
2025-10-21,BBNI,3727.6484375
2025-10-22,BBNI,3709.240234375
2025-10-23,BBNI,3902.525634765625
2025-10-24,BBNI,4022.178466796875
2025-10-27,BBNI,4022.178466796875
2025-10-28,BBNI,4022.178466796875
2025-10-29,BBNI,4086.607177734375
2025-10-30,BBNI,4058.994873046875
2025-10-31,BBNI,4031.382568359375
2025-11-03,BBNI,4077.403076171875
2025-11-04,BBNI,4095.81103515625
2025-11-05,BBNI,4105.01513671875
2025-11-06,BBNI,4086.607177734375
2025-11-07,BBNI,4141.83154296875
2025-11-10,BBNI,4068.198974609375
2025-11-11,BBNI,4068.198974609375
2025-11-12,BBNI,4105.01513671875
2025-11-13,BBNI,4068.198974609375
2025-11-14,BBNI,4040.586669921875
2025-11-17,BBNI,4040.586669921875
2025-11-18,BBNI,4105.01513671875
2025-11-19,BBNI,4105.01513671875
2025-11-20,BBNI,4105.01513671875
2025-11-21,BBNI,4040.586669921875
2025-11-24,BBNI,4040.586669921875
2025-11-25,BBNI,4068.198974609375
2025-11-26,BBNI,4058.994873046875
2025-11-27,BBNI,4003.7705078125
2025-11-28,BBNI,3920.933837890625
2025-12-01,BBNI,3966.9541015625
2025-12-02,BBNI,3930.137939453125
2025-12-03,BBNI,3920.933837890625
2025-12-04,BBNI,3966.9541015625
2025-12-05,BBNI,3948.5458984375
2025-12-08,BBNI,3966.9541015625
2025-12-09,BBNI,3976.158203125
2025-12-10,BBNI,3966.9541015625
2025-12-11,BBNI,3893.321533203125
2025-12-12,BBNI,3902.525634765625
2025-12-15,BBNI,4086.607177734375
2025-12-16,BBNI,4049.790771484375
2025-12-17,BBNI,4022.178466796875
2025-12-18,BBNI,4031.382568359375
2025-12-19,BBNI,3994.56640625
2025-12-22,BBNI,3985.3623046875
2025-12-23,BBNI,3948.5458984375
2025-12-24,BBNI,3930.137939453125
2025-12-29,BBNI,3920.933837890625
2025-12-30,BBNI,4022.178466796875
2026-01-02,BBNI,3920.933837890625
2026-01-05,BBNI,3893.321533203125
2026-01-06,BBNI,3902.525634765625
2026-01-07,BBNI,3865.70947265625
2026-01-08,BBNI,3874.91357421875
2026-01-09,BBNI,3847.30126953125
2026-01-12,BBNI,3884.117431640625
2026-01-13,BBNI,3994.56640625
2026-01-14,BBNI,4012.974609375
2026-01-15,BBNI,4178.64794921875
2026-01-19,BBNI,4252.2802734375
2026-01-20,BBNI,4206.259765625
2026-01-21,BBNI,4224.66796875
2026-01-22,BBNI,4224.66796875
2026-01-23,BBNI,4233.8720703125
2026-01-26,BBNI,4169.44384765625
2022-12-30,BBRI,3653.443115234375
2023-01-02,BBRI,3601.674072265625
2023-01-03,BBRI,3586.8828125
2023-01-04,BBRI,3527.718017578125
2023-01-05,BBRI,3431.574462890625
2023-01-06,BBRI,3416.783203125
2023-01-09,BBRI,3394.59619140625
2023-01-10,BBRI,3317.46337890625
2023-01-11,BBRI,3280.020263671875
2023-01-12,BBRI,3369.8837890625
2023-01-13,BBRI,3354.90673828125
2023-01-16,BBRI,3384.861083984375
2023-01-17,BBRI,3414.81591796875
2023-01-18,BBRI,3444.7705078125
2023-01-19,BBRI,3452.259033203125
2023-01-20,BBRI,3482.213134765625
2023-01-24,BBRI,3459.74755859375
2023-01-25,BBRI,3414.81591796875
2023-01-26,BBRI,3437.281494140625
2023-01-27,BBRI,3474.724853515625
2023-01-30,BBRI,3452.259033203125
2023-01-31,BBRI,3429.79296875
2023-02-01,BBRI,3504.67919921875
2023-02-02,BBRI,3444.7705078125
2023-02-03,BBRI,3557.099853515625
2023-02-06,BBRI,3549.611083984375
2023-02-07,BBRI,3557.099853515625
2023-02-08,BBRI,3587.054443359375
2023-02-09,BBRI,3602.03173828125
2023-02-10,BBRI,3639.474609375
2023-02-13,BBRI,3594.54296875
2023-02-14,BBRI,3646.96337890625
2023-02-15,BBRI,3646.96337890625
2023-02-16,BBRI,3646.96337890625
2023-02-17,BBRI,3654.451904296875
2023-02-20,BBRI,3654.451904296875
2023-02-21,BBRI,3609.520263671875
2023-02-22,BBRI,3564.588134765625
2023-02-23,BBRI,3594.54296875
2023-02-24,BBRI,3564.588134765625
2023-02-27,BBRI,3602.03173828125
2023-02-28,BBRI,3497.190673828125
2023-03-01,BBRI,3534.6337890625
2023-03-02,BBRI,3579.565673828125
2023-03-03,BBRI,3564.588134765625
2023-03-06,BBRI,3587.054443359375
2023-03-07,BBRI,3624.4970703125
2023-03-08,BBRI,3624.4970703125
2023-03-09,BBRI,3602.03173828125
2023-03-10,BBRI,3609.520263671875
2023-03-13,BBRI,3617.008544921875
2023-03-14,BBRI,3527.14501953125
2023-03-15,BBRI,3519.65625
2023-03-16,BBRI,3542.122314453125
2023-03-17,BBRI,3669.428955078125
2023-03-20,BBRI,3654.451904296875
2023-03-21,BBRI,3669.428955078125
2023-03-24,BBRI,3748.984375
2023-03-27,BBRI,3725.405517578125
2023-03-28,BBRI,3748.984375
2023-03-29,BBRI,3780.422119140625
2023-03-30,BBRI,3733.26513671875
2023-03-31,BBRI,3717.546142578125
2023-04-03,BBRI,3772.56298828125
2023-04-04,BBRI,3788.281982421875
2023-04-05,BBRI,3796.140869140625
2023-04-06,BBRI,3804.000244140625
2023-04-10,BBRI,3819.7197265625
2023-04-11,BBRI,3835.4384765625
2023-04-12,BBRI,3874.736328125
2023-04-13,BBRI,3914.033203125
2023-04-14,BBRI,3988.69873046875
2023-04-17,BBRI,3921.893310546875
2023-04-18,BBRI,3890.455322265625
2023-04-26,BBRI,3949.401611328125
2023-04-27,BBRI,4047.6455078125
2023-04-28,BBRI,4008.34765625
2023-05-02,BBRI,4047.6455078125
2023-05-03,BBRI,4008.34765625
2023-05-04,BBRI,4047.6455078125
2023-05-05,BBRI,4106.59130859375
2023-05-08,BBRI,4008.34765625
2023-05-09,BBRI,4027.996826171875
2023-05-10,BBRI,4047.6455078125
2023-05-11,BBRI,4047.6455078125
2023-05-12,BBRI,4047.6455078125
2023-05-15,BBRI,4047.6455078125
2023-05-16,BBRI,4086.943115234375
2023-05-17,BBRI,4086.943115234375
2023-05-19,BBRI,4244.1328125
2023-05-22,BBRI,4263.78173828125
2023-05-23,BBRI,4322.72802734375
2023-05-24,BBRI,4401.32373046875
2023-05-25,BBRI,4303.07861328125
2023-05-26,BBRI,4401.32373046875
2023-05-29,BBRI,4362.02587890625
2023-05-30,BBRI,4322.72802734375
2023-05-31,BBRI,4381.6748046875
2023-06-05,BBRI,4263.78173828125
2023-06-06,BBRI,4283.43017578125
2023-06-07,BBRI,4244.1328125
2023-06-08,BBRI,4303.07861328125
2023-06-09,BBRI,4263.78173828125
2023-06-12,BBRI,4244.1328125
2023-06-13,BBRI,4362.02587890625
2023-06-14,BBRI,4362.02587890625
2023-06-15,BBRI,4342.376953125
2023-06-16,BBRI,4362.02587890625
2023-06-19,BBRI,4342.376953125
2023-06-20,BBRI,4362.02587890625
2023-06-21,BBRI,4381.6748046875
2023-06-22,BBRI,4303.07861328125
2023-06-23,BBRI,4244.1328125
2023-06-26,BBRI,4283.43017578125
2023-06-27,BBRI,4263.78173828125
2023-07-03,BBRI,4303.07861328125
2023-07-04,BBRI,4283.43017578125
2023-07-05,BBRI,4283.43017578125
2023-07-06,BBRI,4263.78173828125
2023-07-07,BBRI,4224.48388671875
2023-07-10,BBRI,4244.1328125
2023-07-11,BBRI,4263.78173828125
2023-07-12,BBRI,4283.43017578125
2023-07-13,BBRI,4283.43017578125
2023-07-14,BBRI,4342.376953125
2023-07-17,BBRI,4381.6748046875
2023-07-18,BBRI,4420.9716796875
2023-07-20,BBRI,4420.9716796875
2023-07-21,BBRI,4420.9716796875
2023-07-24,BBRI,4401.32373046875
2023-07-25,BBRI,4440.62109375
2023-07-26,BBRI,4460.27001953125
2023-07-27,BBRI,4440.62109375
2023-07-28,BBRI,4479.91796875
2023-07-31,BBRI,4440.62109375
2023-08-01,BBRI,4479.91796875
2023-08-02,BBRI,4479.91796875
2023-08-03,BBRI,4479.91796875
2023-08-04,BBRI,4381.6748046875
2023-08-07,BBRI,4479.91796875
2023-08-08,BBRI,4420.9716796875
2023-08-09,BBRI,4479.91796875
2023-08-10,BBRI,4479.91796875
2023-08-11,BBRI,4440.62109375
2023-08-14,BBRI,4440.62109375
2023-08-15,BBRI,4381.6748046875
2023-08-16,BBRI,4342.376953125
2023-08-18,BBRI,4381.6748046875
2023-08-21,BBRI,4322.72802734375
2023-08-22,BBRI,4381.6748046875
2023-08-23,BBRI,4401.32373046875
2023-08-24,BBRI,4362.02587890625
2023-08-25,BBRI,4401.32373046875
2023-08-28,BBRI,4362.02587890625
2023-08-29,BBRI,4401.32373046875
2023-08-30,BBRI,4342.376953125
2023-08-31,BBRI,4362.02587890625
2023-09-01,BBRI,4381.6748046875
2023-09-04,BBRI,4420.9716796875
2023-09-05,BBRI,4420.9716796875
2023-09-06,BBRI,4381.6748046875
2023-09-07,BBRI,4283.43017578125
2023-09-08,BBRI,4204.8359375
2023-09-11,BBRI,4263.78173828125
2023-09-12,BBRI,4224.48388671875
2023-09-13,BBRI,4244.1328125
2023-09-14,BBRI,4263.78173828125
2023-09-15,BBRI,4224.48388671875
2023-09-18,BBRI,4185.1865234375
2023-09-19,BBRI,4224.48388671875
2023-09-20,BBRI,4224.48388671875
2023-09-21,BBRI,4204.8359375
2023-09-22,BBRI,4204.8359375
2023-09-25,BBRI,4165.53759765625
2023-09-26,BBRI,4086.943115234375
2023-09-27,BBRI,4106.59130859375
2023-09-29,BBRI,4106.59130859375
2023-10-02,BBRI,4126.24072265625
2023-10-03,BBRI,4145.8896484375
2023-10-04,BBRI,4126.24072265625
2023-10-05,BBRI,4067.29443359375
2023-10-06,BBRI,4067.29443359375
2023-10-09,BBRI,4027.996826171875
2023-10-10,BBRI,4067.29443359375
2023-10-11,BBRI,4126.24072265625
2023-10-12,BBRI,4165.53759765625
2023-10-13,BBRI,4145.8896484375
2023-10-16,BBRI,4126.24072265625
2023-10-17,BBRI,4047.6455078125
2023-10-18,BBRI,4047.6455078125
2023-10-19,BBRI,3929.752685546875
2023-10-20,BBRI,3969.050537109375
2023-10-23,BBRI,3929.752685546875
2023-10-24,BBRI,4008.34765625
2023-10-25,BBRI,4067.29443359375
2023-10-26,BBRI,3866.877197265625
2023-10-27,BBRI,3929.752685546875
2023-10-30,BBRI,3929.752685546875
2023-10-31,BBRI,3898.314697265625
2023-11-01,BBRI,3796.140869140625
2023-11-02,BBRI,3929.752685546875
2023-11-03,BBRI,4008.34765625
2023-11-06,BBRI,4086.943115234375
2023-11-07,BBRI,4126.24072265625
2023-11-08,BBRI,4106.59130859375
2023-11-09,BBRI,4086.943115234375
2023-11-10,BBRI,3988.69873046875
2023-11-13,BBRI,3949.401611328125
2023-11-14,BBRI,3988.69873046875
2023-11-15,BBRI,4126.24072265625
2023-11-16,BBRI,4126.24072265625
2023-11-17,BBRI,4106.59130859375
2023-11-20,BBRI,4126.24072265625
2023-11-21,BBRI,4086.943115234375
2023-11-22,BBRI,4145.8896484375
2023-11-23,BBRI,4204.8359375
2023-11-24,BBRI,4244.1328125
2023-11-27,BBRI,4204.8359375
2023-11-28,BBRI,4204.8359375
2023-11-29,BBRI,4165.53759765625
2023-11-30,BBRI,4145.8896484375
2023-12-01,BBRI,4204.8359375
2023-12-04,BBRI,4322.72802734375
2023-12-05,BBRI,4283.43017578125
2023-12-06,BBRI,4263.78173828125
2023-12-07,BBRI,4303.07861328125
2023-12-08,BBRI,4224.48388671875
2023-12-11,BBRI,4165.53759765625
2023-12-12,BBRI,4185.1865234375
2023-12-13,BBRI,4165.53759765625
2023-12-14,BBRI,4362.02587890625
2023-12-15,BBRI,4362.02587890625
2023-12-18,BBRI,4322.72802734375
2023-12-19,BBRI,4362.02587890625
2023-12-20,BBRI,4362.02587890625
2023-12-21,BBRI,4381.6748046875
2023-12-22,BBRI,4460.27001953125
2023-12-27,BBRI,4420.9716796875
2023-12-28,BBRI,4499.56689453125
2023-12-29,BBRI,4499.56689453125
2024-01-02,BBRI,4526.6875
2024-01-03,BBRI,4466.86376953125
2024-01-04,BBRI,4546.62890625
2024-01-05,BBRI,4586.51171875
2024-01-08,BBRI,4486.8046875
2024-01-09,BBRI,4546.62890625
2024-01-10,BBRI,4546.62890625
2024-01-11,BBRI,4586.51171875
2024-01-12,BBRI,4666.27685546875
2024-01-15,BBRI,4646.33544921875
2024-01-16,BBRI,4646.33544921875
2024-01-17,BBRI,4606.45263671875
2024-01-18,BBRI,4586.51171875
2024-01-19,BBRI,4626.3935546875
2024-01-22,BBRI,4606.45263671875
2024-01-23,BBRI,4546.62890625
2024-01-24,BBRI,4506.74609375
2024-01-25,BBRI,4407.0390625
2024-01-26,BBRI,4327.27392578125
2024-01-29,BBRI,4446.92236328125
2024-01-30,BBRI,4486.8046875
2024-01-31,BBRI,4546.62890625
2024-02-01,BBRI,4586.51171875
2024-02-02,BBRI,4666.27685546875
2024-02-05,BBRI,4606.45263671875
2024-02-06,BBRI,4646.33544921875
2024-02-07,BBRI,4666.27685546875
2024-02-12,BBRI,4805.86669921875
2024-02-13,BBRI,4785.9248046875
2024-02-15,BBRI,4885.63134765625
2024-02-16,BBRI,4905.57275390625
2024-02-19,BBRI,4865.6904296875
2024-02-20,BBRI,5025.22119140625
2024-02-21,BBRI,5025.22119140625
2024-02-22,BBRI,4985.33837890625
2024-02-23,BBRI,4885.63134765625
2024-02-26,BBRI,4925.5146484375
2024-02-27,BBRI,4885.63134765625
2024-02-28,BBRI,4965.3974609375
2024-02-29,BBRI,4885.63134765625
2024-03-01,BBRI,4885.63134765625
2024-03-04,BBRI,4825.8076171875
2024-03-05,BBRI,4885.63134765625
2024-03-06,BBRI,4945.45556640625
2024-03-07,BBRI,4965.3974609375
2024-03-08,BBRI,5065.10400390625
2024-03-13,BBRI,5104.98681640625
2024-03-14,BBRI,5092.5654296875
2024-03-15,BBRI,4947.6552734375
2024-03-18,BBRI,4968.3564453125
2024-03-19,BBRI,4968.3564453125
2024-03-20,BBRI,5051.162109375
2024-03-21,BBRI,5051.162109375
2024-03-22,BBRI,5071.86376953125
2024-03-25,BBRI,5175.37158203125
2024-03-26,BBRI,5216.77490234375
2024-03-27,BBRI,5175.37158203125
2024-03-28,BBRI,5009.75927734375
2024-04-01,BBRI,4906.251953125
2024-04-02,BBRI,4699.23779296875
2024-04-03,BBRI,4657.83447265625
2024-04-04,BBRI,4719.93896484375
2024-04-05,BBRI,4678.5361328125
2024-04-16,BBRI,4430.1181640625
2024-04-17,BBRI,4388.71484375
2024-04-18,BBRI,4533.625
2024-04-19,BBRI,4368.013671875
2024-04-22,BBRI,4388.71484375
2024-04-23,BBRI,4388.71484375
2024-04-24,BBRI,4326.6103515625
2024-04-25,BBRI,4264.50634765625
2024-04-26,BBRI,3999.52685546875
2024-04-29,BBRI,3949.843505859375
2024-04-30,BBRI,4090.61376953125
2024-05-02,BBRI,3941.5625
2024-05-03,BBRI,3933.2822265625
2024-05-06,BBRI,3966.4052734375
2024-05-07,BBRI,3867.03759765625
2024-05-08,BBRI,3875.318359375
2024-05-13,BBRI,3875.318359375
2024-05-14,BBRI,3916.720947265625
2024-05-15,BBRI,3991.24658203125
2024-05-16,BBRI,4007.807861328125
2024-05-17,BBRI,4074.052978515625
2024-05-20,BBRI,3991.24658203125
2024-05-21,BBRI,3875.318359375
2024-05-22,BBRI,3908.440673828125
2024-05-27,BBRI,3767.670166015625
2024-05-28,BBRI,3751.109375
2024-05-29,BBRI,3651.7421875
2024-05-30,BBRI,3626.900146484375
2024-05-31,BBRI,3593.778076171875
2024-06-03,BBRI,3751.109375
2024-06-04,BBRI,3684.864501953125
2024-06-05,BBRI,3643.46142578125
2024-06-06,BBRI,3726.267578125
2024-06-07,BBRI,3602.058837890625
2024-06-10,BBRI,3643.46142578125
2024-06-11,BBRI,3593.778076171875
2024-06-12,BBRI,3602.058837890625
2024-06-13,BBRI,3568.936279296875
2024-06-14,BBRI,3461.28857421875
2024-06-19,BBRI,3395.043701171875
2024-06-20,BBRI,3535.81396484375
2024-06-21,BBRI,3676.583740234375
2024-06-24,BBRI,3643.46142578125
2024-06-25,BBRI,3626.900146484375
2024-06-26,BBRI,3618.61962890625
2024-06-27,BBRI,3693.145263671875
2024-06-28,BBRI,3809.07373046875
2024-07-01,BBRI,3833.915283203125
2024-07-02,BBRI,3784.231689453125
2024-07-03,BBRI,3809.07373046875
2024-07-04,BBRI,3966.4052734375
2024-07-05,BBRI,3974.685302734375
2024-07-08,BBRI,3933.2822265625
2024-07-09,BBRI,4032.64892578125
2024-07-10,BBRI,4016.088134765625
2024-07-11,BBRI,4007.807861328125
2024-07-12,BBRI,4057.4912109375
2024-07-15,BBRI,3991.24658203125
2024-07-16,BBRI,3916.720947265625
2024-07-17,BBRI,3941.5625
2024-07-18,BBRI,4049.210693359375
2024-07-19,BBRI,4057.4912109375
2024-07-22,BBRI,4065.77197265625
2024-07-23,BBRI,3966.4052734375
2024-07-24,BBRI,3958.12451171875
2024-07-25,BBRI,3891.87939453125
2024-07-26,BBRI,3941.5625
2024-07-29,BBRI,3958.12451171875
2024-07-30,BBRI,3867.03759765625
2024-07-31,BBRI,3867.03759765625
2024-08-01,BBRI,3933.2822265625
2024-08-02,BBRI,3900.159912109375
2024-08-05,BBRI,3751.109375
2024-08-06,BBRI,3809.07373046875
2024-08-07,BBRI,3825.63427734375
2024-08-08,BBRI,3858.757080078125
2024-08-09,BBRI,3867.03759765625
2024-08-12,BBRI,3875.318359375
2024-08-13,BBRI,3908.440673828125
2024-08-14,BBRI,3991.24658203125
2024-08-15,BBRI,3999.52685546875
2024-08-16,BBRI,3999.52685546875
2024-08-19,BBRI,3991.24658203125
2024-08-20,BBRI,4098.89404296875
2024-08-21,BBRI,4223.103515625
2024-08-22,BBRI,4181.70068359375
2024-08-23,BBRI,4264.50634765625
2024-08-26,BBRI,4388.71484375
2024-08-27,BBRI,4285.2080078125
2024-08-28,BBRI,4264.50634765625
2024-08-29,BBRI,4243.8046875
2024-08-30,BBRI,4264.50634765625
2024-09-02,BBRI,4285.2080078125
2024-09-03,BBRI,4285.2080078125
2024-09-04,BBRI,4223.103515625
2024-09-05,BBRI,4264.50634765625
2024-09-06,BBRI,4326.6103515625
2024-09-09,BBRI,4285.2080078125
2024-09-10,BBRI,4347.31201171875
2024-09-11,BBRI,4285.2080078125
2024-09-12,BBRI,4285.2080078125
2024-09-13,BBRI,4388.71484375
2024-09-17,BBRI,4388.71484375
2024-09-18,BBRI,4430.1181640625
2024-09-19,BBRI,4471.52099609375
2024-09-20,BBRI,4450.8193359375
2024-09-23,BBRI,4554.3271484375
2024-09-24,BBRI,4575.02783203125
2024-09-25,BBRI,4409.41650390625
2024-09-26,BBRI,4181.70068359375
2024-09-27,BBRI,4223.103515625
2024-09-30,BBRI,4098.89404296875
2024-10-01,BBRI,4202.40185546875
2024-10-02,BBRI,4090.61376953125
2024-10-03,BBRI,4074.052978515625
2024-10-04,BBRI,4024.369140625
2024-10-07,BBRI,3991.24658203125
2024-10-08,BBRI,4140.296875
2024-10-09,BBRI,4082.333251953125
2024-10-10,BBRI,4024.369140625
2024-10-11,BBRI,4057.4912109375
2024-10-14,BBRI,4057.4912109375
2024-10-15,BBRI,4074.052978515625
2024-10-16,BBRI,4098.89404296875
2024-10-17,BBRI,4123.73583984375
2024-10-18,BBRI,4115.4560546875
2024-10-21,BBRI,4132.0166015625
2024-10-22,BBRI,4057.4912109375
2024-10-23,BBRI,4024.369140625
2024-10-24,BBRI,3991.24658203125
2024-10-25,BBRI,3949.843505859375
2024-10-28,BBRI,3941.5625
2024-10-29,BBRI,3891.87939453125
2024-10-30,BBRI,3900.159912109375
2024-10-31,BBRI,3974.685302734375
2024-11-01,BBRI,3891.87939453125
2024-11-04,BBRI,3908.440673828125
2024-11-05,BBRI,3900.159912109375
2024-11-06,BBRI,3809.07373046875
2024-11-07,BBRI,3767.670166015625
2024-11-08,BBRI,3742.82861328125
2024-11-11,BBRI,3693.145263671875
2024-11-12,BBRI,3726.267578125
2024-11-13,BBRI,3792.511962890625
2024-11-14,BBRI,3726.267578125
2024-11-15,BBRI,3701.425537109375
2024-11-18,BBRI,3602.058837890625
2024-11-19,BBRI,3610.339111328125
2024-11-20,BBRI,3585.49755859375
2024-11-21,BBRI,3519.252685546875
2024-11-22,BBRI,3643.46142578125
2024-11-25,BBRI,3701.425537109375
2024-11-26,BBRI,3643.46142578125
2024-11-28,BBRI,3585.49755859375
2024-11-29,BBRI,3519.252685546875
2024-12-02,BBRI,3453.008056640625
2024-12-03,BBRI,3510.971923828125
2024-12-04,BBRI,3602.058837890625
2024-12-05,BBRI,3527.533447265625
2024-12-06,BBRI,3568.936279296875
2024-12-09,BBRI,3635.18115234375
2024-12-10,BBRI,3610.339111328125
2024-12-11,BBRI,3626.900146484375
2024-12-12,BBRI,3527.533447265625
2024-12-13,BBRI,3453.008056640625
2024-12-16,BBRI,3519.252685546875
2024-12-17,BBRI,3436.44677734375
2024-12-18,BBRI,3436.44677734375
2024-12-19,BBRI,3386.76318359375
2024-12-20,BBRI,3361.92138671875
2024-12-23,BBRI,3486.13037109375
2024-12-24,BBRI,3477.849609375
2024-12-27,BBRI,3507.79443359375
2024-12-30,BBRI,3490.68310546875
2025-01-02,BBRI,3601.90576171875
2025-01-03,BBRI,3550.572265625
2025-01-06,BBRI,3507.79443359375
2025-01-07,BBRI,3447.905029296875
2025-01-08,BBRI,3490.68310546875
2025-01-09,BBRI,3447.905029296875
2025-01-10,BBRI,3430.7939453125
2025-01-13,BBRI,3293.904541015625
2025-01-14,BBRI,3251.12646484375
2025-01-15,BBRI,3499.238525390625
2025-01-16,BBRI,3559.127685546875
2025-01-17,BBRI,3499.238525390625
2025-01-20,BBRI,3610.46142578125
2025-01-21,BBRI,3644.68408203125
2025-01-22,BBRI,3644.68408203125
2025-01-23,BBRI,3678.906005859375
2025-01-24,BBRI,3584.794921875
2025-01-30,BBRI,3524.905517578125
2025-01-31,BBRI,3610.46142578125
2025-02-03,BBRI,3636.12841796875
2025-02-04,BBRI,3644.68408203125
2025-02-05,BBRI,3542.0166015625
2025-02-06,BBRI,3396.571533203125
2025-02-07,BBRI,3447.905029296875
2025-02-10,BBRI,3396.571533203125
2025-02-11,BBRI,3430.7939453125
2025-02-12,BBRI,3447.905029296875
2025-02-13,BBRI,3413.682861328125
2025-02-14,BBRI,3302.4599609375
2025-02-17,BBRI,3447.905029296875
2025-02-18,BBRI,3550.572265625
2025-02-19,BBRI,3439.349609375
2025-02-20,BBRI,3345.238037109375
2025-02-21,BBRI,3328.126708984375
2025-02-24,BBRI,3353.793701171875
2025-02-25,BBRI,3251.12646484375
2025-02-26,BBRI,3268.237548828125
2025-02-27,BBRI,3105.681396484375
2025-02-28,BBRI,2874.680419921875
2025-03-03,BBRI,3139.90380859375
2025-03-04,BBRI,3139.90380859375
2025-03-05,BBRI,3285.348876953125
2025-03-06,BBRI,3379.46044921875
2025-03-07,BBRI,3259.68212890625
2025-03-10,BBRI,3216.904052734375
2025-03-11,BBRI,3242.57080078125
2025-03-12,BBRI,3328.126708984375
2025-03-13,BBRI,3251.12646484375
2025-03-14,BBRI,3208.348388671875
2025-03-17,BBRI,3276.793212890625
2025-03-18,BBRI,3148.459228515625
2025-03-19,BBRI,3174.1259765625
2025-03-20,BBRI,3131.34814453125
2025-03-21,BBRI,3165.570556640625
2025-03-24,BBRI,3088.570068359375
2025-03-25,BBRI,3251.12646484375
2025-03-26,BBRI,3422.23828125
2025-03-27,BBRI,3465.016357421875
2025-04-08,BBRI,3114.23681640625
2025-04-09,BBRI,3105.681396484375
2025-04-10,BBRI,3251.12646484375
2025-04-11,BBRI,3285.88623046875
2025-04-14,BBRI,3340.1982421875
2025-04-15,BBRI,3340.1982421875
2025-04-16,BBRI,3303.990478515625
2025-04-17,BBRI,3294.938232421875
2025-04-21,BBRI,3276.834228515625
2025-04-22,BBRI,3285.88623046875
2025-04-23,BBRI,3403.562744140625
2025-04-24,BBRI,3376.406494140625
2025-04-25,BBRI,3385.458740234375
2025-04-28,BBRI,3475.978759765625
2025-04-29,BBRI,3485.031005859375
2025-04-30,BBRI,3485.031005859375
2025-05-02,BBRI,3512.18701171875
2025-05-05,BBRI,3494.0830078125
2025-05-06,BBRI,3512.18701171875
2025-05-07,BBRI,3539.343017578125
2025-05-08,BBRI,3430.71875
2025-05-09,BBRI,3475.978759765625
2025-05-14,BBRI,3702.279541015625
2025-05-15,BBRI,3865.216064453125
2025-05-16,BBRI,3847.112060546875
2025-05-19,BBRI,3829.0078125
2025-05-20,BBRI,3810.90380859375
2025-05-21,BBRI,3856.1640625
2025-05-22,BBRI,3892.3720703125
2025-05-23,BBRI,3937.63232421875
2025-05-26,BBRI,3910.47607421875
2025-05-27,BBRI,3955.736328125
2025-05-28,BBRI,4028.152587890625
2025-06-02,BBRI,3801.851806640625
2025-06-03,BBRI,3801.851806640625
2025-06-04,BBRI,3693.2275390625
2025-06-05,BBRI,3711.331787109375
2025-06-10,BBRI,3756.591796875
2025-06-11,BBRI,3684.175537109375
2025-06-12,BBRI,3684.175537109375
2025-06-13,BBRI,3620.811279296875
2025-06-16,BBRI,3611.75927734375
2025-06-17,BBRI,3584.60302734375
2025-06-18,BBRI,3566.4990234375
2025-06-19,BBRI,3439.770751953125
2025-06-20,BBRI,3430.71875
2025-06-23,BBRI,3367.3544921875
2025-06-24,BBRI,3421.66650390625
2025-06-25,BBRI,3403.562744140625
2025-06-26,BBRI,3466.927001953125
2025-06-30,BBRI,3385.458740234375
2025-07-01,BBRI,3349.25048828125
2025-07-02,BBRI,3331.146484375
2025-07-03,BBRI,3331.146484375
2025-07-04,BBRI,3322.094482421875
2025-07-07,BBRI,3349.25048828125
2025-07-08,BBRI,3322.094482421875
2025-07-09,BBRI,3331.146484375
2025-07-10,BBRI,3503.134765625
2025-07-11,BBRI,3512.18701171875
2025-07-14,BBRI,3421.66650390625
2025-07-15,BBRI,3512.18701171875
2025-07-16,BBRI,3512.18701171875
2025-07-17,BBRI,3521.239013671875
2025-07-18,BBRI,3494.0830078125
2025-07-21,BBRI,3466.927001953125
2025-07-22,BBRI,3475.978759765625
2025-07-23,BBRI,3439.770751953125
2025-07-24,BBRI,3575.55126953125
2025-07-25,BBRI,3512.18701171875
2025-07-28,BBRI,3566.4990234375
2025-07-29,BBRI,3548.395263671875
2025-07-30,BBRI,3421.66650390625
2025-07-31,BBRI,3358.302490234375
2025-08-01,BBRI,3385.458740234375
2025-08-04,BBRI,3358.302490234375
2025-08-05,BBRI,3385.458740234375
2025-08-06,BBRI,3358.302490234375
2025-08-07,BBRI,3358.302490234375
2025-08-08,BBRI,3349.25048828125
2025-08-11,BBRI,3448.82275390625
2025-08-12,BBRI,3666.0712890625
2025-08-13,BBRI,3693.2275390625
2025-08-14,BBRI,3675.12353515625
2025-08-15,BBRI,3729.435546875
2025-08-19,BBRI,3657.01953125
2025-08-20,BBRI,3756.591796875
2025-08-21,BBRI,3756.591796875
2025-08-22,BBRI,3711.331787109375
2025-08-25,BBRI,3810.90380859375
2025-08-26,BBRI,3774.69580078125
2025-08-27,BBRI,3738.48779296875
2025-08-28,BBRI,3747.53955078125
2025-08-29,BBRI,3666.0712890625
2025-09-01,BBRI,3602.707275390625
2025-09-02,BBRI,3584.60302734375
2025-09-03,BBRI,3647.96728515625
2025-09-04,BBRI,3620.811279296875
2025-09-08,BBRI,3530.291015625
2025-09-09,BBRI,3430.71875
2025-09-10,BBRI,3512.18701171875
2025-09-11,BBRI,3693.2275390625
2025-09-12,BBRI,3783.747802734375
2025-09-15,BBRI,3747.53955078125
2025-09-16,BBRI,3738.48779296875
2025-09-17,BBRI,3819.9560546875
2025-09-18,BBRI,3847.112060546875
2025-09-19,BBRI,3847.112060546875
2025-09-22,BBRI,3765.643798828125
2025-09-23,BBRI,3747.53955078125
2025-09-24,BBRI,3774.69580078125
2025-09-25,BBRI,3684.175537109375
2025-09-26,BBRI,3657.01953125
2025-09-29,BBRI,3602.707275390625
2025-09-30,BBRI,3530.291015625
2025-10-01,BBRI,3448.82275390625
2025-10-02,BBRI,3358.302490234375
2025-10-03,BBRI,3340.1982421875
2025-10-06,BBRI,3313.042236328125
2025-10-07,BBRI,3358.302490234375
2025-10-08,BBRI,3367.3544921875
2025-10-09,BBRI,3494.0830078125
2025-10-10,BBRI,3376.406494140625
2025-10-13,BBRI,3313.042236328125
2025-10-14,BBRI,3213.469970703125
2025-10-15,BBRI,3168.2099609375
2025-10-16,BBRI,3195.365966796875
2025-10-17,BBRI,3168.2099609375
2025-10-20,BBRI,3331.146484375
2025-10-21,BBRI,3403.562744140625
2025-10-22,BBRI,3349.25048828125
2025-10-23,BBRI,3457.874755859375
2025-10-24,BBRI,3485.031005859375
2025-10-27,BBRI,3494.0830078125
2025-10-28,BBRI,3485.031005859375
2025-10-29,BBRI,3521.239013671875
2025-10-30,BBRI,3539.343017578125
2025-10-31,BBRI,3602.707275390625
2025-11-03,BBRI,3657.01953125
2025-11-04,BBRI,3593.6552734375
2025-11-05,BBRI,3602.707275390625
2025-11-06,BBRI,3620.811279296875
2025-11-07,BBRI,3602.707275390625
2025-11-10,BBRI,3557.447021484375
2025-11-11,BBRI,3521.239013671875
2025-11-12,BBRI,3530.291015625
2025-11-13,BBRI,3503.134765625
2025-11-14,BBRI,3530.291015625
2025-11-17,BBRI,3566.4990234375
2025-11-18,BBRI,3593.6552734375
2025-11-19,BBRI,3620.811279296875
2025-11-20,BBRI,3611.75927734375
2025-11-21,BBRI,3584.60302734375
2025-11-24,BBRI,3602.707275390625
2025-11-25,BBRI,3466.927001953125
2025-11-26,BBRI,3430.71875
2025-11-27,BBRI,3385.458740234375
2025-11-28,BBRI,3331.146484375
2025-12-01,BBRI,3322.094482421875
2025-12-02,BBRI,3358.302490234375
2025-12-03,BBRI,3313.042236328125
2025-12-04,BBRI,3340.1982421875
2025-12-05,BBRI,3303.990478515625
2025-12-08,BBRI,3322.094482421875
2025-12-09,BBRI,3331.146484375
2025-12-10,BBRI,3313.042236328125
2025-12-11,BBRI,3276.834228515625
2025-12-12,BBRI,3285.88623046875
2025-12-15,BBRI,3421.66650390625
2025-12-16,BBRI,3340.1982421875
2025-12-17,BBRI,3394.510498046875
2025-12-18,BBRI,3421.66650390625
2025-12-19,BBRI,3412.61474609375
2025-12-22,BBRI,3403.562744140625
2025-12-23,BBRI,3412.61474609375
2025-12-24,BBRI,3412.61474609375
2025-12-29,BBRI,3421.66650390625
2025-12-30,BBRI,3437.6337890625
2026-01-02,BBRI,3418.848876953125
2026-01-05,BBRI,3409.45654296875
2026-01-06,BBRI,3456.418701171875
2026-01-07,BBRI,3475.20361328125
2026-01-08,BBRI,3484.595947265625
2026-01-09,BBRI,3456.418701171875
2026-01-12,BBRI,3475.20361328125
2026-01-13,BBRI,3493.988525390625
2026-01-14,BBRI,3493.988525390625
2026-01-15,BBRI,3587.912841796875
2026-01-19,BBRI,3606.69775390625
2026-01-20,BBRI,3616.09033203125
2026-01-21,BBRI,3587.912841796875
2026-01-22,BBRI,3578.5205078125
2026-01-23,BBRI,3616.09033203125
2026-01-26,BBRI,3616.09033203125
2022-12-30,BMRI,3674.68603515625
2023-01-02,BMRI,3656.173828125
2023-01-03,BMRI,3683.942138671875
2023-01-04,BMRI,3711.710693359375
2023-01-05,BMRI,3637.6611328125
2023-01-06,BMRI,3628.405517578125
2023-01-09,BMRI,3600.63671875
2023-01-10,BMRI,3434.0263671875
2023-01-11,BMRI,3313.69677734375
2023-01-12,BMRI,3406.258056640625
2023-01-13,BMRI,3397.001953125
2023-01-16,BMRI,3443.282958984375
2023-01-17,BMRI,3609.893310546875
2023-01-18,BMRI,3535.843994140625
2023-01-19,BMRI,3609.893310546875
2023-01-20,BMRI,3693.1982421875
2023-01-24,BMRI,3665.430419921875
2023-01-25,BMRI,3591.380615234375
2023-01-26,BMRI,3637.6611328125
2023-01-27,BMRI,3711.710693359375
2023-01-30,BMRI,3683.942138671875
2023-01-31,BMRI,3683.942138671875
2023-02-01,BMRI,3591.380615234375
2023-02-02,BMRI,3600.63671875
2023-02-03,BMRI,3674.68603515625
2023-02-06,BMRI,3656.173828125
2023-02-07,BMRI,3767.24755859375
2023-02-08,BMRI,3776.5029296875
2023-02-09,BMRI,3795.015869140625
2023-02-10,BMRI,3813.528076171875
2023-02-13,BMRI,3832.0400390625
2023-02-14,BMRI,3841.29638671875
2023-02-15,BMRI,3785.759765625
2023-02-16,BMRI,3767.24755859375
2023-02-17,BMRI,3813.528076171875
2023-02-20,BMRI,3804.271728515625
2023-02-21,BMRI,3776.5029296875
2023-02-22,BMRI,3702.454345703125
2023-02-23,BMRI,3730.22265625
2023-02-24,BMRI,3748.7353515625
2023-02-27,BMRI,3757.991455078125
2023-02-28,BMRI,3702.454345703125
2023-03-01,BMRI,3739.47900390625
2023-03-02,BMRI,3785.759765625
2023-03-03,BMRI,3720.966552734375
2023-03-06,BMRI,3748.7353515625
2023-03-07,BMRI,3767.24755859375
2023-03-08,BMRI,3804.271728515625
2023-03-09,BMRI,3869.065185546875
2023-03-10,BMRI,3841.29638671875
2023-03-13,BMRI,3832.0400390625
2023-03-14,BMRI,3674.68603515625
2023-03-15,BMRI,3720.966552734375
2023-03-16,BMRI,3646.917724609375
2023-03-17,BMRI,3739.47900390625
2023-03-20,BMRI,3702.454345703125
2023-03-21,BMRI,3887.5771484375
2023-03-24,BMRI,4035.675048828125
2023-03-27,BMRI,3969.262451171875
2023-03-28,BMRI,3940.077392578125
2023-03-29,BMRI,4027.63427734375
2023-03-30,BMRI,3978.991455078125
2023-03-31,BMRI,4017.9052734375
2023-04-03,BMRI,4095.734619140625
2023-04-04,BMRI,4047.091796875
2023-04-05,BMRI,4066.549072265625
2023-04-06,BMRI,4027.63427734375
2023-04-10,BMRI,3969.262451171875
2023-04-11,BMRI,3969.262451171875
2023-04-12,BMRI,4008.17724609375
2023-04-13,BMRI,3988.72021484375
2023-04-14,BMRI,4066.549072265625
2023-04-17,BMRI,3988.72021484375
2023-04-18,BMRI,4027.63427734375
2023-04-26,BMRI,4047.091796875
2023-04-27,BMRI,4047.091796875
2023-04-28,BMRI,4027.63427734375
2023-05-02,BMRI,4086.006103515625
2023-05-03,BMRI,4066.549072265625
2023-05-04,BMRI,4027.63427734375
2023-05-05,BMRI,4027.63427734375
2023-05-08,BMRI,3988.72021484375
2023-05-09,BMRI,3930.348388671875
2023-05-10,BMRI,3949.805908203125
2023-05-11,BMRI,3969.262451171875
2023-05-12,BMRI,3891.43408203125
2023-05-15,BMRI,3930.348388671875
2023-05-16,BMRI,3883.6513671875
2023-05-17,BMRI,3891.43408203125
2023-05-19,BMRI,3949.805908203125
2023-05-22,BMRI,4066.549072265625
2023-05-23,BMRI,3988.72021484375
2023-05-24,BMRI,3949.805908203125
2023-05-25,BMRI,4027.63427734375
2023-05-26,BMRI,3988.72021484375
2023-05-29,BMRI,4008.17724609375
2023-05-30,BMRI,4008.17724609375
2023-05-31,BMRI,3930.348388671875
2023-06-05,BMRI,3949.805908203125
2023-06-06,BMRI,3930.348388671875
2023-06-07,BMRI,3910.89111328125
2023-06-08,BMRI,3910.89111328125
2023-06-09,BMRI,3988.72021484375
2023-06-12,BMRI,3969.262451171875
2023-06-13,BMRI,3969.262451171875
2023-06-14,BMRI,3930.348388671875
2023-06-15,BMRI,3988.72021484375
2023-06-16,BMRI,4008.17724609375
2023-06-19,BMRI,3988.72021484375
2023-06-20,BMRI,3969.262451171875
2023-06-21,BMRI,3969.262451171875
2023-06-22,BMRI,3949.805908203125
2023-06-23,BMRI,3949.805908203125
2023-06-26,BMRI,3988.72021484375
2023-06-27,BMRI,4047.091796875
2023-07-03,BMRI,4163.83447265625
2023-07-04,BMRI,4086.006103515625
2023-07-05,BMRI,4105.46337890625
2023-07-06,BMRI,4124.919921875
2023-07-07,BMRI,4008.17724609375
2023-07-10,BMRI,4027.63427734375
2023-07-11,BMRI,4105.46337890625
2023-07-12,BMRI,4124.919921875
2023-07-13,BMRI,4163.83447265625
2023-07-14,BMRI,4202.7490234375
2023-07-17,BMRI,4183.29150390625
2023-07-18,BMRI,4163.83447265625
2023-07-20,BMRI,4300.03466796875
2023-07-21,BMRI,4319.4921875
2023-07-24,BMRI,4280.57763671875
2023-07-25,BMRI,4319.4921875
2023-07-26,BMRI,4338.94921875
2023-07-27,BMRI,4377.86328125
2023-07-28,BMRI,4436.23486328125
2023-07-31,BMRI,4455.6923828125
2023-08-01,BMRI,4397.3203125
2023-08-02,BMRI,4436.23486328125
2023-08-03,BMRI,4514.0634765625
2023-08-04,BMRI,4494.6064453125
2023-08-07,BMRI,4572.43505859375
2023-08-08,BMRI,4591.892578125
2023-08-09,BMRI,4591.892578125
2023-08-10,BMRI,4650.26416015625
2023-08-11,BMRI,4611.34912109375
2023-08-14,BMRI,4630.806640625
2023-08-15,BMRI,4514.0634765625
2023-08-16,BMRI,4514.0634765625
2023-08-18,BMRI,4494.6064453125
2023-08-21,BMRI,4533.52099609375
2023-08-22,BMRI,4630.806640625
2023-08-23,BMRI,4552.97802734375
2023-08-24,BMRI,4630.806640625
2023-08-25,BMRI,4591.892578125
2023-08-28,BMRI,4669.720703125
2023-08-29,BMRI,4630.806640625
2023-08-30,BMRI,4650.26416015625
2023-08-31,BMRI,4689.17822265625
2023-09-01,BMRI,4728.0927734375
2023-09-04,BMRI,4747.5498046875
2023-09-05,BMRI,4747.5498046875
2023-09-06,BMRI,4708.63525390625
2023-09-07,BMRI,4572.43505859375
2023-09-08,BMRI,4591.892578125
2023-09-11,BMRI,4611.34912109375
2023-09-12,BMRI,4572.43505859375
2023-09-13,BMRI,4552.97802734375
2023-09-14,BMRI,4533.52099609375
2023-09-15,BMRI,4611.34912109375
2023-09-18,BMRI,4591.892578125
2023-09-19,BMRI,4669.720703125
2023-09-20,BMRI,4728.0927734375
2023-09-21,BMRI,4669.720703125
2023-09-22,BMRI,4669.720703125
2023-09-25,BMRI,4669.720703125
2023-09-26,BMRI,4611.34912109375
2023-09-27,BMRI,4669.720703125
2023-09-29,BMRI,4689.17822265625
2023-10-02,BMRI,4708.63525390625
2023-10-03,BMRI,4728.0927734375
2023-10-04,BMRI,4767.0068359375
2023-10-05,BMRI,4767.0068359375
2023-10-06,BMRI,4689.17822265625
2023-10-09,BMRI,4591.892578125
2023-10-10,BMRI,4669.720703125
2023-10-11,BMRI,4708.63525390625
2023-10-12,BMRI,4728.0927734375
2023-10-13,BMRI,4728.0927734375
2023-10-16,BMRI,4689.17822265625
2023-10-17,BMRI,4669.720703125
2023-10-18,BMRI,4552.97802734375
2023-10-19,BMRI,4455.6923828125
2023-10-20,BMRI,4475.1494140625
2023-10-23,BMRI,4416.77783203125
2023-10-24,BMRI,4475.1494140625
2023-10-25,BMRI,4552.97802734375
2023-10-26,BMRI,4436.23486328125
2023-10-27,BMRI,4436.23486328125
2023-10-30,BMRI,4455.6923828125
2023-10-31,BMRI,4416.77783203125
2023-11-01,BMRI,4397.3203125
2023-11-02,BMRI,4591.892578125
2023-11-03,BMRI,4533.52099609375
2023-11-06,BMRI,4611.34912109375
2023-11-07,BMRI,4572.43505859375
2023-11-08,BMRI,4552.97802734375
2023-11-09,BMRI,4572.43505859375
2023-11-10,BMRI,4494.6064453125
2023-11-13,BMRI,4533.52099609375
2023-11-14,BMRI,4533.52099609375
2023-11-15,BMRI,4611.34912109375
2023-11-16,BMRI,4611.34912109375
2023-11-17,BMRI,4591.892578125
2023-11-20,BMRI,4572.43505859375
2023-11-21,BMRI,4572.43505859375
2023-11-22,BMRI,4572.43505859375
2023-11-23,BMRI,4591.892578125
2023-11-24,BMRI,4572.43505859375
2023-11-27,BMRI,4591.892578125
2023-11-28,BMRI,4591.892578125
2023-11-29,BMRI,4552.97802734375
2023-11-30,BMRI,4552.97802734375
2023-12-01,BMRI,4591.892578125
2023-12-04,BMRI,4669.720703125
2023-12-05,BMRI,4650.26416015625
2023-12-06,BMRI,4514.0634765625
2023-12-07,BMRI,4475.1494140625
2023-12-08,BMRI,4436.23486328125
2023-12-11,BMRI,4494.6064453125
2023-12-12,BMRI,4514.0634765625
2023-12-13,BMRI,4455.6923828125
2023-12-14,BMRI,4630.806640625
2023-12-15,BMRI,4591.892578125
2023-12-18,BMRI,4611.34912109375
2023-12-19,BMRI,4650.26416015625
2023-12-20,BMRI,4611.34912109375
2023-12-21,BMRI,4650.26416015625
2023-12-22,BMRI,4650.26416015625
2023-12-27,BMRI,4669.720703125
2023-12-28,BMRI,4767.0068359375
2023-12-29,BMRI,4708.63525390625
2024-01-02,BMRI,4767.0068359375
2024-01-03,BMRI,4747.5498046875
2024-01-04,BMRI,4942.12109375
2024-01-05,BMRI,5000.4931640625
2024-01-08,BMRI,4981.03564453125
2024-01-09,BMRI,4961.57861328125
2024-01-10,BMRI,5000.4931640625
2024-01-11,BMRI,5019.95068359375
2024-01-12,BMRI,5117.23583984375
2024-01-15,BMRI,5058.8642578125
2024-01-16,BMRI,5078.3212890625
2024-01-17,BMRI,5078.3212890625
2024-01-18,BMRI,5078.3212890625
2024-01-19,BMRI,5078.3212890625
2024-01-22,BMRI,5058.8642578125
2024-01-23,BMRI,5058.8642578125
2024-01-24,BMRI,4981.03564453125
2024-01-25,BMRI,4883.75
2024-01-26,BMRI,4903.20703125
2024-01-29,BMRI,5039.4072265625
2024-01-30,BMRI,5175.607421875
2024-01-31,BMRI,5175.607421875
2024-02-01,BMRI,5097.77880859375
2024-02-02,BMRI,5195.064453125
2024-02-05,BMRI,5311.80712890625
2024-02-06,BMRI,5331.2646484375
2024-02-07,BMRI,5409.09326171875
2024-02-12,BMRI,5525.83642578125
2024-02-13,BMRI,5467.46533203125
2024-02-15,BMRI,5603.66552734375
2024-02-16,BMRI,5603.66552734375
2024-02-19,BMRI,5564.75048828125
2024-02-20,BMRI,5564.75048828125
2024-02-21,BMRI,5642.57958984375
2024-02-22,BMRI,5525.83642578125
2024-02-23,BMRI,5486.92236328125
2024-02-26,BMRI,5486.92236328125
2024-02-27,BMRI,5506.37939453125
2024-02-28,BMRI,5545.29345703125
2024-02-29,BMRI,5448.0078125
2024-03-01,BMRI,5467.46533203125
2024-03-04,BMRI,5467.46533203125
2024-03-05,BMRI,5467.46533203125
2024-03-06,BMRI,5506.37939453125
2024-03-07,BMRI,5525.83642578125
2024-03-08,BMRI,5545.29345703125
2024-03-13,BMRI,5662.03662109375
2024-03-14,BMRI,5759.3232421875
2024-03-15,BMRI,5759.3232421875
2024-03-18,BMRI,5584.2080078125
2024-03-19,BMRI,5662.03662109375
2024-03-20,BMRI,5767.53564453125
2024-03-21,BMRI,5767.53564453125
2024-03-22,BMRI,5767.53564453125
2024-03-25,BMRI,5931.1533203125
2024-03-26,BMRI,5869.79736328125
2024-03-27,BMRI,5869.79736328125
2024-03-28,BMRI,5931.1533203125
2024-04-01,BMRI,5644.822265625
2024-04-02,BMRI,5644.822265625
2024-04-03,BMRI,5542.56103515625
2024-04-04,BMRI,5624.36962890625
2024-04-05,BMRI,5583.46484375
2024-04-16,BMRI,5419.84716796875
2024-04-17,BMRI,5419.84716796875
2024-04-18,BMRI,5563.01318359375
2024-04-19,BMRI,5501.65625
2024-04-22,BMRI,5501.65625
2024-04-23,BMRI,5583.46484375
2024-04-24,BMRI,5767.53564453125
2024-04-25,BMRI,5685.7265625
2024-04-26,BMRI,5522.10888671875
2024-04-29,BMRI,5665.2744140625
2024-04-30,BMRI,5644.822265625
2024-05-02,BMRI,5174.42041015625
2024-05-03,BMRI,5031.25439453125
2024-05-06,BMRI,5133.515625
2024-05-07,BMRI,5133.515625
2024-05-08,BMRI,5133.515625
2024-05-13,BMRI,5072.1591796875
2024-05-14,BMRI,5072.1591796875
2024-05-15,BMRI,5215.3251953125
2024-05-16,BMRI,5194.87255859375
2024-05-17,BMRI,5378.94287109375
2024-05-20,BMRI,5174.42041015625
2024-05-21,BMRI,4928.99267578125
2024-05-22,BMRI,4949.4453125
2024-05-27,BMRI,4765.375
2024-05-28,BMRI,4867.63671875
2024-05-29,BMRI,4744.92333984375
2024-05-30,BMRI,4806.279296875
2024-05-31,BMRI,4826.73193359375
2024-06-03,BMRI,4990.35009765625
2024-06-04,BMRI,5031.25439453125
2024-06-05,BMRI,4908.54150390625
2024-06-06,BMRI,5051.70703125
2024-06-07,BMRI,5133.515625
2024-06-10,BMRI,5133.515625
2024-06-11,BMRI,5010.80224609375
2024-06-12,BMRI,4847.18408203125
2024-06-13,BMRI,4806.279296875
2024-06-14,BMRI,4704.0185546875
2024-06-19,BMRI,4704.0185546875
2024-06-20,BMRI,4867.63671875
2024-06-21,BMRI,5010.80224609375
2024-06-24,BMRI,4908.54150390625
2024-06-25,BMRI,4847.18408203125
2024-06-26,BMRI,4785.82763671875
2024-06-27,BMRI,4908.54150390625
2024-06-28,BMRI,5031.25439453125
2024-07-01,BMRI,5113.0634765625
2024-07-02,BMRI,5072.1591796875
2024-07-03,BMRI,5092.611328125
2024-07-04,BMRI,5113.0634765625
2024-07-05,BMRI,5256.22900390625
2024-07-08,BMRI,5092.611328125
2024-07-09,BMRI,5215.3251953125
2024-07-10,BMRI,5215.3251953125
2024-07-11,BMRI,5235.77734375
2024-07-12,BMRI,5256.22900390625
2024-07-15,BMRI,5194.87255859375
2024-07-16,BMRI,5194.87255859375
2024-07-17,BMRI,5276.68115234375
2024-07-18,BMRI,5358.49072265625
2024-07-19,BMRI,5338.03857421875
2024-07-22,BMRI,5481.2041015625
2024-07-23,BMRI,5419.84716796875
2024-07-24,BMRI,5297.1337890625
2024-07-25,BMRI,5378.94287109375
2024-07-26,BMRI,5358.49072265625
2024-07-29,BMRI,5297.1337890625
2024-07-30,BMRI,5297.1337890625
2024-07-31,BMRI,5235.77734375
2024-08-01,BMRI,5522.10888671875
2024-08-02,BMRI,5563.01318359375
2024-08-05,BMRI,5378.94287109375
2024-08-06,BMRI,5419.84716796875
2024-08-07,BMRI,5542.56103515625
2024-08-08,BMRI,5563.01318359375
2024-08-09,BMRI,5603.91748046875
2024-08-12,BMRI,5644.822265625
2024-08-13,BMRI,5726.630859375
2024-08-14,BMRI,5787.98828125
2024-08-15,BMRI,5747.08349609375
2024-08-16,BMRI,5787.98828125
2024-08-19,BMRI,5849.3447265625
2024-08-20,BMRI,5890.2490234375
2024-08-21,BMRI,5931.1533203125
2024-08-22,BMRI,5767.53564453125
2024-08-23,BMRI,5767.53564453125
2024-08-26,BMRI,5767.53564453125
2024-08-27,BMRI,5747.08349609375
2024-08-28,BMRI,5910.701171875
2024-08-29,BMRI,5808.43994140625
2024-08-30,BMRI,5828.892578125
2024-09-02,BMRI,5890.2490234375
2024-09-03,BMRI,5787.98828125
2024-09-04,BMRI,5869.79736328125
2024-09-05,BMRI,5869.79736328125
2024-09-06,BMRI,5931.1533203125
2024-09-09,BMRI,5931.1533203125
2024-09-10,BMRI,5931.1533203125
2024-09-11,BMRI,6033.4150390625
2024-09-12,BMRI,5972.05810546875
2024-09-13,BMRI,5951.60595703125
2024-09-17,BMRI,6074.3193359375
2024-09-18,BMRI,6053.8671875
2024-09-19,BMRI,6053.8671875
2024-09-20,BMRI,5972.05810546875
2024-09-23,BMRI,6094.77197265625
2024-09-24,BMRI,6074.3193359375
2024-09-25,BMRI,5890.2490234375
2024-09-26,BMRI,5869.79736328125
2024-09-27,BMRI,5767.53564453125
2024-09-30,BMRI,5665.2744140625
2024-10-01,BMRI,5767.53564453125
2024-10-02,BMRI,5706.1787109375
2024-10-03,BMRI,5767.53564453125
2024-10-04,BMRI,5685.7265625
2024-10-07,BMRI,5624.36962890625
2024-10-08,BMRI,5787.98828125
2024-10-09,BMRI,5685.7265625
2024-10-10,BMRI,5685.7265625
2024-10-11,BMRI,5685.7265625
2024-10-14,BMRI,5665.2744140625
2024-10-15,BMRI,5767.53564453125
2024-10-16,BMRI,5726.630859375
2024-10-17,BMRI,5910.701171875
2024-10-18,BMRI,5869.79736328125
2024-10-21,BMRI,5890.2490234375
2024-10-22,BMRI,5787.98828125
2024-10-23,BMRI,5787.98828125
2024-10-24,BMRI,5706.1787109375
2024-10-25,BMRI,5767.53564453125
2024-10-28,BMRI,5583.46484375
2024-10-29,BMRI,5583.46484375
2024-10-30,BMRI,5522.10888671875
2024-10-31,BMRI,5481.2041015625
2024-11-01,BMRI,5440.2998046875
2024-11-04,BMRI,5522.10888671875
2024-11-05,BMRI,5665.2744140625
2024-11-06,BMRI,5358.49072265625
2024-11-07,BMRI,5256.22900390625
2024-11-08,BMRI,5174.42041015625
2024-11-11,BMRI,5194.87255859375
2024-11-12,BMRI,5215.3251953125
2024-11-13,BMRI,5256.22900390625
2024-11-14,BMRI,5215.3251953125
2024-11-15,BMRI,5194.87255859375
2024-11-18,BMRI,5174.42041015625
2024-11-19,BMRI,5113.0634765625
2024-11-20,BMRI,5092.611328125
2024-11-21,BMRI,5031.25439453125
2024-11-22,BMRI,5113.0634765625
2024-11-25,BMRI,5378.94287109375
2024-11-26,BMRI,5235.77734375
2024-11-28,BMRI,5276.68115234375
2024-11-29,BMRI,5031.25439453125
2024-12-02,BMRI,4908.54150390625
2024-12-03,BMRI,5133.515625
2024-12-04,BMRI,5215.3251953125
2024-12-05,BMRI,5031.25439453125
2024-12-06,BMRI,5092.611328125
2024-12-09,BMRI,5215.3251953125
2024-12-10,BMRI,5153.9677734375
2024-12-11,BMRI,5153.9677734375
2024-12-12,BMRI,5010.80224609375
2024-12-13,BMRI,4928.99267578125
2024-12-16,BMRI,4969.8974609375
2024-12-17,BMRI,4867.63671875
2024-12-18,BMRI,4765.375
2024-12-19,BMRI,4642.66162109375
2024-12-20,BMRI,4642.66162109375
2024-12-23,BMRI,4765.375
2024-12-24,BMRI,4704.0185546875
2024-12-27,BMRI,4744.92333984375
2024-12-30,BMRI,4663.1142578125
2025-01-02,BMRI,4785.82763671875
2025-01-03,BMRI,4744.92333984375
2025-01-06,BMRI,4642.66162109375
2025-01-07,BMRI,4581.3046875
2025-01-08,BMRI,4704.0185546875
2025-01-09,BMRI,4704.0185546875
2025-01-10,BMRI,4581.3046875
2025-01-13,BMRI,4519.9482421875
2025-01-14,BMRI,4417.68701171875
2025-01-15,BMRI,4704.0185546875
2025-01-16,BMRI,4806.279296875
2025-01-17,BMRI,4806.279296875
2025-01-20,BMRI,4908.54150390625
2025-01-21,BMRI,4949.4453125
2025-01-22,BMRI,5031.25439453125
2025-01-23,BMRI,5051.70703125
2025-01-24,BMRI,5010.80224609375
2025-01-30,BMRI,4990.35009765625
2025-01-31,BMRI,4928.99267578125
2025-02-03,BMRI,4744.92333984375
2025-02-04,BMRI,4642.66162109375
2025-02-05,BMRI,4519.9482421875
2025-02-06,BMRI,4172.259765625
2025-02-07,BMRI,4213.16455078125
2025-02-10,BMRI,4090.450927734375
2025-02-11,BMRI,3992.280029296875
2025-02-12,BMRI,4041.365478515625
2025-02-13,BMRI,4110.90283203125
2025-02-14,BMRI,4192.7119140625
2025-02-17,BMRI,4438.13916015625
2025-02-18,BMRI,4458.59130859375
2025-02-19,BMRI,4233.61669921875
2025-02-20,BMRI,4213.16455078125
2025-02-21,BMRI,4151.80712890625
2025-02-24,BMRI,4110.90283203125
2025-02-25,BMRI,3984.098876953125
2025-02-26,BMRI,4025.003662109375
2025-02-27,BMRI,3812.300048828125
2025-02-28,BMRI,3763.21484375
2025-03-03,BMRI,4008.641845703125
2025-03-04,BMRI,3959.556396484375
2025-03-05,BMRI,3975.918212890625
2025-03-06,BMRI,3984.098876953125
2025-03-07,BMRI,3959.556396484375
2025-03-10,BMRI,3853.204833984375
2025-03-11,BMRI,3877.747314453125
2025-03-12,BMRI,3992.280029296875
2025-03-13,BMRI,3877.747314453125
2025-03-14,BMRI,3877.747314453125
2025-03-17,BMRI,3828.661865234375
2025-03-18,BMRI,3705.9482421875
2025-03-19,BMRI,3828.661865234375
2025-03-20,BMRI,3779.57666015625
2025-03-21,BMRI,3607.777587890625
2025-03-24,BMRI,3648.68212890625
2025-03-25,BMRI,3877.747314453125
2025-03-26,BMRI,4213.16455078125
2025-03-27,BMRI,4254.06884765625
2025-04-08,BMRI,3820.481201171875
2025-04-09,BMRI,3853.204833984375
2025-04-10,BMRI,4110.90283203125
2025-04-11,BMRI,4172.259765625
2025-04-14,BMRI,4276.87158203125
2025-04-15,BMRI,4240.85595703125
2025-04-16,BMRI,4168.82421875
2025-04-17,BMRI,4141.81298828125
2025-04-21,BMRI,4150.81640625
2025-04-22,BMRI,4249.85986328125
2025-04-23,BMRI,4411.9306640625
2025-04-24,BMRI,4402.9267578125
2025-04-25,BMRI,4411.9306640625
2025-04-28,BMRI,4429.9384765625
2025-04-29,BMRI,4447.9462890625
2025-04-30,BMRI,4402.9267578125
2025-05-02,BMRI,4465.95458984375
2025-05-05,BMRI,4483.96240234375
2025-05-06,BMRI,4483.96240234375
2025-05-07,BMRI,4456.95068359375
2025-05-08,BMRI,4312.88720703125
2025-05-09,BMRI,4294.87939453125
2025-05-14,BMRI,4546.98974609375
2025-05-15,BMRI,4794.5986328125
2025-05-16,BMRI,4929.6572265625
2025-05-19,BMRI,4974.67724609375
2025-05-20,BMRI,4862.1279296875
2025-05-21,BMRI,4907.1474609375
2025-05-22,BMRI,4907.1474609375
2025-05-23,BMRI,4884.6376953125
2025-05-26,BMRI,4929.6572265625
2025-05-27,BMRI,4862.1279296875
2025-05-28,BMRI,4772.08837890625
2025-06-02,BMRI,4569.49951171875
2025-06-03,BMRI,4546.98974609375
2025-06-04,BMRI,4524.47998046875
2025-06-05,BMRI,4569.49951171875
2025-06-10,BMRI,4727.06884765625
2025-06-11,BMRI,4682.048828125
2025-06-12,BMRI,4659.5390625
2025-06-13,BMRI,4637.029296875
2025-06-16,BMRI,4637.029296875
2025-06-17,BMRI,4592.00927734375
2025-06-18,BMRI,4569.49951171875
2025-06-19,BMRI,4474.9580078125
2025-06-20,BMRI,4438.94287109375
2025-06-23,BMRI,4429.9384765625
2025-06-24,BMRI,4524.47998046875
2025-06-25,BMRI,4393.9228515625
2025-06-26,BMRI,4524.47998046875
2025-06-30,BMRI,4393.9228515625
2025-07-01,BMRI,4276.87158203125
2025-07-02,BMRI,4294.87939453125
2025-07-03,BMRI,4267.86767578125
2025-07-04,BMRI,4267.86767578125
2025-07-07,BMRI,4267.86767578125
2025-07-08,BMRI,4249.85986328125
2025-07-09,BMRI,4240.85595703125
2025-07-10,BMRI,4339.8994140625
2025-07-11,BMRI,4474.9580078125
2025-07-14,BMRI,4222.84814453125
2025-07-15,BMRI,4231.85205078125
2025-07-16,BMRI,4222.84814453125
2025-07-17,BMRI,4249.85986328125
2025-07-18,BMRI,4267.86767578125
2025-07-21,BMRI,4213.84423828125
2025-07-22,BMRI,4195.8359375
2025-07-23,BMRI,4213.84423828125
2025-07-24,BMRI,4321.8916015625
2025-07-25,BMRI,4222.84814453125
2025-07-28,BMRI,4231.85205078125
2025-07-29,BMRI,4240.85595703125
2025-07-30,BMRI,4159.8203125
2025-07-31,BMRI,4060.77685546875
2025-08-01,BMRI,4078.784912109375
2025-08-04,BMRI,4159.8203125
2025-08-05,BMRI,4276.87158203125
2025-08-06,BMRI,4231.85205078125
2025-08-07,BMRI,4213.84423828125
2025-08-08,BMRI,4204.84033203125
2025-08-11,BMRI,4249.85986328125
2025-08-12,BMRI,4420.93505859375
2025-08-13,BMRI,4384.9189453125
2025-08-14,BMRI,4366.9111328125
2025-08-15,BMRI,4366.9111328125
2025-08-19,BMRI,4321.8916015625
2025-08-20,BMRI,4456.95068359375
2025-08-21,BMRI,4411.9306640625
2025-08-22,BMRI,4402.9267578125
2025-08-25,BMRI,4456.95068359375
2025-08-26,BMRI,4411.9306640625
2025-08-27,BMRI,4321.8916015625
2025-08-28,BMRI,4294.87939453125
2025-08-29,BMRI,4258.86376953125
2025-09-01,BMRI,4141.81298828125
2025-09-02,BMRI,4114.80078125
2025-09-03,BMRI,4159.8203125
2025-09-04,BMRI,4213.84423828125
2025-09-08,BMRI,4042.76953125
2025-09-09,BMRI,3880.6982421875
2025-09-10,BMRI,3961.733642578125
2025-09-11,BMRI,4033.76513671875
2025-09-12,BMRI,4069.781005859375
2025-09-15,BMRI,4078.784912109375
2025-09-16,BMRI,4033.76513671875
2025-09-17,BMRI,4060.77685546875
2025-09-18,BMRI,3979.741455078125
2025-09-19,BMRI,3943.72607421875
2025-09-22,BMRI,3979.741455078125
2025-09-23,BMRI,3970.73779296875
2025-09-24,BMRI,3952.729736328125
2025-09-25,BMRI,3925.71826171875
2025-09-26,BMRI,3979.741455078125
2025-09-29,BMRI,3961.733642578125
2025-09-30,BMRI,3961.733642578125
2025-10-01,BMRI,3943.72607421875
2025-10-02,BMRI,3925.71826171875
2025-10-03,BMRI,3880.6982421875
2025-10-06,BMRI,3835.678466796875
2025-10-07,BMRI,3862.690185546875
2025-10-08,BMRI,3826.6748046875
2025-10-09,BMRI,3952.729736328125
2025-10-10,BMRI,3826.6748046875
2025-10-13,BMRI,3808.6669921875
2025-10-14,BMRI,3682.611572265625
2025-10-15,BMRI,3646.595947265625
2025-10-16,BMRI,3682.611572265625
2025-10-17,BMRI,3646.595947265625
2025-10-20,BMRI,3871.6943359375
2025-10-21,BMRI,3916.7138671875
2025-10-22,BMRI,3898.7060546875
2025-10-23,BMRI,3988.74560546875
2025-10-24,BMRI,4096.79296875
2025-10-27,BMRI,4024.761474609375
2025-10-28,BMRI,4060.77685546875
2025-10-29,BMRI,4186.83251953125
2025-10-30,BMRI,4321.8916015625
2025-10-31,BMRI,4249.85986328125
2025-11-03,BMRI,4285.87548828125
2025-11-04,BMRI,4258.86376953125
2025-11-05,BMRI,4294.87939453125
2025-11-06,BMRI,4276.87158203125
2025-11-07,BMRI,4276.87158203125
2025-11-10,BMRI,4258.86376953125
2025-11-11,BMRI,4213.84423828125
2025-11-12,BMRI,4285.87548828125
2025-11-13,BMRI,4231.85205078125
2025-11-14,BMRI,4276.87158203125
2025-11-17,BMRI,4339.8994140625
2025-11-18,BMRI,4312.88720703125
2025-11-19,BMRI,4366.9111328125
2025-11-20,BMRI,4447.9462890625
2025-11-21,BMRI,4456.95068359375
2025-11-24,BMRI,4592.00927734375
2025-11-25,BMRI,4524.47998046875
2025-11-26,BMRI,4524.47998046875
2025-11-27,BMRI,4375.9150390625
2025-11-28,BMRI,4348.9033203125
2025-12-01,BMRI,4375.9150390625
2025-12-02,BMRI,4366.9111328125
2025-12-03,BMRI,4393.9228515625
2025-12-04,BMRI,4429.9384765625
2025-12-05,BMRI,4411.9306640625
2025-12-08,BMRI,4456.95068359375
2025-12-09,BMRI,4402.9267578125
2025-12-10,BMRI,4474.9580078125
2025-12-11,BMRI,4456.95068359375
2025-12-12,BMRI,4339.8994140625
2025-12-15,BMRI,4492.96630859375
2025-12-16,BMRI,4501.97021484375
2025-12-17,BMRI,4524.47998046875
2025-12-18,BMRI,4637.029296875
2025-12-19,BMRI,4659.5390625
2025-12-22,BMRI,4592.00927734375
2025-12-23,BMRI,4546.98974609375
2025-12-24,BMRI,4546.98974609375
2025-12-29,BMRI,4569.49951171875
2025-12-30,BMRI,4592.00927734375
2026-01-02,BMRI,4569.49951171875
2026-01-05,BMRI,4546.98974609375
2026-01-06,BMRI,4482.68896484375
2026-01-07,BMRI,4418.38818359375
2026-01-08,BMRI,4418.38818359375
2026-01-09,BMRI,4372.458984375
2026-01-12,BMRI,4381.64453125
2026-01-13,BMRI,4427.57373046875
2026-01-14,BMRI,4445.94580078125
2026-01-15,BMRI,4583.7333984375
2026-01-19,BMRI,4592.9189453125
2026-01-20,BMRI,4615.8837890625
2026-01-21,BMRI,4583.7333984375
2026-01-22,BMRI,4574.54736328125
2026-01-23,BMRI,4583.7333984375
2026-01-26,BMRI,4510.24658203125
2022-12-30,BRPT,751.53173828125
2023-01-02,BRPT,761.48583984375
2023-01-03,BRPT,806.2791137695312
2023-01-04,BRPT,791.3480224609375
2023-01-05,BRPT,781.3939819335938
2023-01-06,BRPT,816.2332153320312
2023-01-09,BRPT,811.256103515625
2023-01-10,BRPT,816.2332153320312
2023-01-11,BRPT,811.256103515625
2023-01-12,BRPT,801.3020629882812
2023-01-13,BRPT,836.1412963867188
2023-01-16,BRPT,836.1412963867188
2023-01-17,BRPT,831.1642456054688
2023-01-18,BRPT,846.0953369140625
2023-01-19,BRPT,836.1412963867188
2023-01-20,BRPT,831.1642456054688
2023-01-24,BRPT,831.1642456054688
2023-01-25,BRPT,836.1412963867188
2023-01-26,BRPT,841.1182861328125
2023-01-27,BRPT,836.1412963867188
2023-01-30,BRPT,851.0723266601562
2023-01-31,BRPT,821.210205078125
2023-02-01,BRPT,821.210205078125
2023-02-02,BRPT,831.1642456054688
2023-02-03,BRPT,826.187255859375
2023-02-06,BRPT,821.210205078125
2023-02-07,BRPT,846.0953369140625
2023-02-08,BRPT,856.0494384765625
2023-02-09,BRPT,836.1412963867188
2023-02-10,BRPT,851.0723266601562
2023-02-13,BRPT,841.1182861328125
2023-02-14,BRPT,851.0723266601562
2023-02-15,BRPT,856.0494384765625
2023-02-16,BRPT,885.91162109375
2023-02-17,BRPT,890.888671875
2023-02-20,BRPT,910.7967529296875
2023-02-21,BRPT,915.7738037109375
2023-02-22,BRPT,905.8197631835938
2023-02-23,BRPT,935.6819458007812
2023-02-24,BRPT,930.7048950195312
2023-02-27,BRPT,930.7048950195312
2023-02-28,BRPT,930.7048950195312
2023-03-01,BRPT,866.0034790039062
2023-03-02,BRPT,811.256103515625
2023-03-03,BRPT,816.2332153320312
2023-03-06,BRPT,796.3250732421875
2023-03-07,BRPT,786.3710327148438
2023-03-08,BRPT,786.3710327148438
2023-03-09,BRPT,786.3710327148438
2023-03-10,BRPT,776.4169311523438
2023-03-13,BRPT,776.4169311523438
2023-03-14,BRPT,766.462890625
2023-03-15,BRPT,761.48583984375
2023-03-16,BRPT,756.5088500976562
2023-03-17,BRPT,766.462890625
2023-03-20,BRPT,766.462890625
2023-03-21,BRPT,791.3480224609375
2023-03-24,BRPT,816.2332153320312
2023-03-27,BRPT,796.3250732421875
2023-03-28,BRPT,796.3250732421875
2023-03-29,BRPT,801.3020629882812
2023-03-30,BRPT,811.256103515625
2023-03-31,BRPT,821.210205078125
2023-04-03,BRPT,811.256103515625
2023-04-04,BRPT,786.3710327148438
2023-04-05,BRPT,771.4398803710938
2023-04-06,BRPT,771.4398803710938
2023-04-10,BRPT,761.48583984375
2023-04-11,BRPT,786.3710327148438
2023-04-12,BRPT,776.4169311523438
2023-04-13,BRPT,801.3020629882812
2023-04-14,BRPT,801.3020629882812
2023-04-17,BRPT,811.256103515625
2023-04-18,BRPT,796.3250732421875
2023-04-26,BRPT,816.2332153320312
2023-04-27,BRPT,826.187255859375
2023-04-28,BRPT,831.1642456054688
2023-05-02,BRPT,826.187255859375
2023-05-03,BRPT,816.2332153320312
2023-05-04,BRPT,806.2791137695312
2023-05-05,BRPT,816.2332153320312
2023-05-08,BRPT,816.2332153320312
2023-05-09,BRPT,811.256103515625
2023-05-10,BRPT,821.210205078125
2023-05-11,BRPT,821.210205078125
2023-05-12,BRPT,801.3020629882812
2023-05-15,BRPT,796.3250732421875
2023-05-16,BRPT,786.3710327148438
2023-05-17,BRPT,801.3020629882812
2023-05-19,BRPT,791.3480224609375
2023-05-22,BRPT,796.3250732421875
2023-05-23,BRPT,776.4169311523438
2023-05-24,BRPT,791.3480224609375
2023-05-25,BRPT,781.3939819335938
2023-05-26,BRPT,771.4398803710938
2023-05-29,BRPT,771.4398803710938
2023-05-30,BRPT,761.48583984375
2023-05-31,BRPT,756.5088500976562
2023-06-05,BRPT,726.6466064453125
2023-06-06,BRPT,716.6925659179688
2023-06-07,BRPT,726.6466064453125
2023-06-08,BRPT,721.6695556640625
2023-06-09,BRPT,706.7384643554688
2023-06-12,BRPT,736.6006469726562
2023-06-13,BRPT,731.6235961914062
2023-06-14,BRPT,741.57763671875
2023-06-15,BRPT,746.5547485351562
2023-06-16,BRPT,766.462890625
2023-06-19,BRPT,766.462890625
2023-06-20,BRPT,756.5088500976562
2023-06-21,BRPT,738.1449584960938
2023-06-22,BRPT,728.1700439453125
2023-06-23,BRPT,738.1449584960938
2023-06-26,BRPT,738.1449584960938
2023-06-27,BRPT,743.1323852539062
2023-07-03,BRPT,748.1199340820312
2023-07-04,BRPT,758.0948486328125
2023-07-05,BRPT,758.0948486328125
2023-07-06,BRPT,758.0948486328125
2023-07-07,BRPT,758.0948486328125
2023-07-10,BRPT,753.1073608398438
2023-07-11,BRPT,763.082275390625
2023-07-12,BRPT,768.0697631835938
2023-07-13,BRPT,768.0697631835938
2023-07-14,BRPT,768.0697631835938
2023-07-17,BRPT,768.0697631835938
2023-07-18,BRPT,773.0571899414062
2023-07-20,BRPT,768.0697631835938
2023-07-21,BRPT,773.0571899414062
2023-07-24,BRPT,768.0697631835938
2023-07-25,BRPT,768.0697631835938
2023-07-26,BRPT,763.082275390625
2023-07-27,BRPT,753.1073608398438
2023-07-28,BRPT,763.082275390625
2023-07-31,BRPT,773.0571899414062
2023-08-01,BRPT,788.0196533203125
2023-08-02,BRPT,773.0571899414062
2023-08-03,BRPT,793.007080078125
2023-08-04,BRPT,778.044677734375
2023-08-07,BRPT,788.0196533203125
2023-08-08,BRPT,783.0321655273438
2023-08-09,BRPT,783.0321655273438
2023-08-10,BRPT,778.044677734375
2023-08-11,BRPT,852.8566284179688
2023-08-14,BRPT,907.7188110351562
2023-08-15,BRPT,927.668701171875
2023-08-16,BRPT,912.7062377929688
2023-08-18,BRPT,892.7564086914062
2023-08-21,BRPT,872.8065185546875
2023-08-22,BRPT,887.7689208984375
2023-08-23,BRPT,892.7564086914062
2023-08-24,BRPT,997.4931640625
2023-08-25,BRPT,1027.41796875
2023-08-28,BRPT,1107.2174072265625
2023-08-29,BRPT,1122.1798095703125
2023-08-30,BRPT,1112.2049560546875
2023-08-31,BRPT,1067.3177490234375
2023-09-01,BRPT,1196.9918212890625
2023-09-04,BRPT,1157.0921630859375
2023-09-05,BRPT,1142.129638671875
2023-09-06,BRPT,1162.0794677734375
2023-09-07,BRPT,1127.1673583984375
2023-09-08,BRPT,1137.142333984375
2023-09-11,BRPT,1172.0545654296875
2023-09-12,BRPT,1196.9918212890625
2023-09-13,BRPT,1201.979248046875
2023-09-14,BRPT,1276.7913818359375
2023-09-15,BRPT,1416.4404296875
2023-09-18,BRPT,1431.4027099609375
2023-09-19,BRPT,1431.4027099609375
2023-09-20,BRPT,1441.3775634765625
2023-09-21,BRPT,1476.2899169921875
2023-09-22,BRPT,1481.27734375
2023-09-25,BRPT,1471.302490234375
2023-09-26,BRPT,1341.6282958984375
2023-09-27,BRPT,1391.5030517578125
2023-09-29,BRPT,1296.7412109375
2023-10-02,BRPT,1326.6658935546875
2023-10-03,BRPT,1366.565673828125
2023-10-04,BRPT,1281.7786865234375
2023-10-05,BRPT,1251.85400390625
2023-10-06,BRPT,1351.603271484375
2023-10-09,BRPT,1286.7662353515625
2023-10-10,BRPT,1182.0294189453125
2023-10-11,BRPT,1221.9290771484375
2023-10-12,BRPT,1132.15478515625
2023-10-13,BRPT,1142.129638671875
2023-10-16,BRPT,1127.1673583984375
2023-10-17,BRPT,1147.1171875
2023-10-18,BRPT,1162.0794677734375
2023-10-19,BRPT,1032.405517578125
2023-10-20,BRPT,1017.4430541992188
2023-10-23,BRPT,997.4931640625
2023-10-24,BRPT,1022.4305419921875
2023-10-25,BRPT,992.5056762695312
2023-10-26,BRPT,962.5809326171875
2023-10-27,BRPT,987.5182495117188
2023-10-30,BRPT,1002.4806518554688
2023-10-31,BRPT,1122.1798095703125
2023-11-01,BRPT,1017.4430541992188
2023-11-02,BRPT,997.4931640625
2023-11-03,BRPT,1037.3929443359375
2023-11-06,BRPT,1072.30517578125
2023-11-07,BRPT,1052.3553466796875
2023-11-08,BRPT,1017.4430541992188
2023-11-09,BRPT,1067.3177490234375
2023-11-10,BRPT,1172.0545654296875
2023-11-13,BRPT,1147.1171875
2023-11-14,BRPT,1137.142333984375
2023-11-15,BRPT,1162.0794677734375
2023-11-16,BRPT,1152.1046142578125
2023-11-17,BRPT,1162.0794677734375
2023-11-20,BRPT,1137.142333984375
2023-11-21,BRPT,1037.3929443359375
2023-11-22,BRPT,987.5182495117188
2023-11-23,BRPT,992.5056762695312
2023-11-24,BRPT,982.53076171875
2023-11-27,BRPT,942.6310424804688
2023-11-28,BRPT,1007.4681396484375
2023-11-29,BRPT,1027.41796875
2023-11-30,BRPT,1042.38037109375
2023-12-01,BRPT,1012.4556274414062
2023-12-04,BRPT,1012.4556274414062
2023-12-05,BRPT,1047.3677978515625
2023-12-06,BRPT,1306.716064453125
2023-12-07,BRPT,1595.9891357421875
2023-12-08,BRPT,1745.613037109375
2023-12-11,BRPT,1710.7008056640625
2023-12-12,BRPT,1750.6005859375
2023-12-13,BRPT,1705.7132568359375
2023-12-14,BRPT,1610.9515380859375
2023-12-15,BRPT,1605.9639892578125
2023-12-18,BRPT,1461.3275146484375
2023-12-19,BRPT,1566.0643310546875
2023-12-20,BRPT,1511.2021484375
2023-12-21,BRPT,1471.302490234375
2023-12-22,BRPT,1406.46533203125
2023-12-27,BRPT,1421.427734375
2023-12-28,BRPT,1371.5531005859375
2023-12-29,BRPT,1326.6658935546875
2024-01-02,BRPT,1381.528076171875
2024-01-03,BRPT,1351.603271484375
2024-01-04,BRPT,1366.565673828125
2024-01-05,BRPT,1346.6158447265625
2024-01-08,BRPT,1316.6910400390625
2024-01-09,BRPT,1077.292724609375
2024-01-10,BRPT,1112.2049560546875
2024-01-11,BRPT,1057.3428955078125
2024-01-12,BRPT,1062.3302001953125
2024-01-15,BRPT,1012.4556274414062
2024-01-16,BRPT,1062.3302001953125
2024-01-17,BRPT,1047.3677978515625
2024-01-18,BRPT,1107.2174072265625
2024-01-19,BRPT,1082.280029296875
2024-01-22,BRPT,1087.267578125
2024-01-23,BRPT,1117.1923828125
2024-01-24,BRPT,1077.292724609375
2024-01-25,BRPT,1062.3302001953125
2024-01-26,BRPT,1032.405517578125
2024-01-29,BRPT,1022.4305419921875
2024-01-30,BRPT,1012.4556274414062
2024-01-31,BRPT,1057.3428955078125
2024-02-01,BRPT,1052.3553466796875
2024-02-02,BRPT,1047.3677978515625
2024-02-05,BRPT,1027.41796875
2024-02-06,BRPT,1042.38037109375
2024-02-07,BRPT,1047.3677978515625
2024-02-12,BRPT,1012.4556274414062
2024-02-13,BRPT,972.5558471679688
2024-02-15,BRPT,1002.4806518554688
2024-02-16,BRPT,1007.4681396484375
2024-02-19,BRPT,997.4931640625
2024-02-20,BRPT,1007.4681396484375
2024-02-21,BRPT,982.53076171875
2024-02-22,BRPT,982.53076171875
2024-02-23,BRPT,972.5558471679688
2024-02-26,BRPT,952.60595703125
2024-02-27,BRPT,967.5684204101562
2024-02-28,BRPT,962.5809326171875
2024-02-29,BRPT,972.5558471679688
2024-03-01,BRPT,1002.4806518554688
2024-03-04,BRPT,1012.4556274414062
2024-03-05,BRPT,952.60595703125
2024-03-06,BRPT,977.5433349609375
2024-03-07,BRPT,1017.4430541992188
2024-03-08,BRPT,1007.4681396484375
2024-03-13,BRPT,1022.4305419921875
2024-03-14,BRPT,1032.405517578125
2024-03-15,BRPT,982.53076171875
2024-03-18,BRPT,957.5934448242188
2024-03-19,BRPT,957.5934448242188
2024-03-20,BRPT,952.60595703125
2024-03-21,BRPT,952.60595703125
2024-03-22,BRPT,942.6310424804688
2024-03-25,BRPT,967.5684204101562
2024-03-26,BRPT,972.5558471679688
2024-03-27,BRPT,942.6310424804688
2024-03-28,BRPT,942.6310424804688
2024-04-01,BRPT,947.6185302734375
2024-04-02,BRPT,997.4931640625
2024-04-03,BRPT,957.5934448242188
2024-04-04,BRPT,967.5684204101562
2024-04-05,BRPT,1002.4806518554688
2024-04-16,BRPT,1007.4681396484375
2024-04-17,BRPT,992.5056762695312
2024-04-18,BRPT,957.5934448242188
2024-04-19,BRPT,947.6185302734375
2024-04-22,BRPT,952.60595703125
2024-04-23,BRPT,937.6436157226562
2024-04-24,BRPT,947.6185302734375
2024-04-25,BRPT,927.668701171875
2024-04-26,BRPT,872.8065185546875
2024-04-29,BRPT,952.60595703125
2024-04-30,BRPT,1017.4430541992188
2024-05-02,BRPT,997.4931640625
2024-05-03,BRPT,977.5433349609375
2024-05-06,BRPT,1002.4806518554688
2024-05-07,BRPT,977.5433349609375
2024-05-08,BRPT,977.5433349609375
2024-05-13,BRPT,977.5433349609375
2024-05-14,BRPT,957.5934448242188
2024-05-15,BRPT,1027.41796875
2024-05-16,BRPT,1281.7786865234375
2024-05-17,BRPT,1336.640869140625
2024-05-20,BRPT,1196.9918212890625
2024-05-21,BRPT,1261.828857421875
2024-05-22,BRPT,1182.0294189453125
2024-05-27,BRPT,1077.292724609375
2024-05-28,BRPT,1167.0670166015625
2024-05-29,BRPT,1062.3302001953125
2024-05-30,BRPT,1047.3677978515625
2024-05-31,BRPT,1062.3302001953125
2024-06-03,BRPT,1072.30517578125
2024-06-04,BRPT,1042.38037109375
2024-06-05,BRPT,952.60595703125
2024-06-06,BRPT,972.5558471679688
2024-06-07,BRPT,962.5809326171875
2024-06-10,BRPT,1032.405517578125
2024-06-11,BRPT,982.53076171875
2024-06-12,BRPT,992.5056762695312
2024-06-13,BRPT,977.5433349609375
2024-06-14,BRPT,947.6185302734375
2024-06-19,BRPT,902.7313232421875
2024-06-20,BRPT,912.7062377929688
2024-06-21,BRPT,947.6185302734375
2024-06-24,BRPT,962.5809326171875
2024-06-25,BRPT,942.6310424804688
2024-06-26,BRPT,957.5934448242188
2024-06-27,BRPT,965.0
2024-06-28,BRPT,990.0
2024-07-01,BRPT,1130.0
2024-07-02,BRPT,1175.0
2024-07-03,BRPT,1225.0
2024-07-04,BRPT,1260.0
2024-07-05,BRPT,1220.0
2024-07-08,BRPT,1120.0
2024-07-09,BRPT,1110.0
2024-07-10,BRPT,1110.0
2024-07-11,BRPT,1110.0
2024-07-12,BRPT,1130.0
2024-07-15,BRPT,1105.0
2024-07-16,BRPT,1095.0
2024-07-17,BRPT,1055.0
2024-07-18,BRPT,1080.0
2024-07-19,BRPT,1055.0
2024-07-22,BRPT,1055.0
2024-07-23,BRPT,1065.0
2024-07-24,BRPT,1065.0
2024-07-25,BRPT,1035.0
2024-07-26,BRPT,1065.0
2024-07-29,BRPT,1090.0
2024-07-30,BRPT,1075.0
2024-07-31,BRPT,1090.0
2024-08-01,BRPT,1120.0
2024-08-02,BRPT,1090.0
2024-08-05,BRPT,1015.0
2024-08-06,BRPT,1015.0
2024-08-07,BRPT,1045.0
2024-08-08,BRPT,1035.0
2024-08-09,BRPT,1045.0
2024-08-12,BRPT,1050.0
2024-08-13,BRPT,1050.0
2024-08-14,BRPT,1125.0
2024-08-15,BRPT,1105.0
2024-08-16,BRPT,1105.0
2024-08-19,BRPT,1120.0
2024-08-20,BRPT,1125.0
2024-08-21,BRPT,1100.0
2024-08-22,BRPT,1100.0
2024-08-23,BRPT,1115.0
2024-08-26,BRPT,1125.0
2024-08-27,BRPT,1110.0
2024-08-28,BRPT,1190.0
2024-08-29,BRPT,1140.0
2024-08-30,BRPT,1145.0
2024-09-02,BRPT,1120.0
2024-09-03,BRPT,1105.0
2024-09-04,BRPT,1110.0
2024-09-05,BRPT,1095.0
2024-09-06,BRPT,1085.0
2024-09-09,BRPT,1090.0
2024-09-10,BRPT,1100.0
2024-09-11,BRPT,1190.0
2024-09-12,BRPT,1150.0
2024-09-13,BRPT,1140.0
2024-09-17,BRPT,1145.0
2024-09-18,BRPT,1140.0
2024-09-19,BRPT,1195.0
2024-09-20,BRPT,1065.0
2024-09-23,BRPT,1075.0
2024-09-24,BRPT,1120.0
2024-09-25,BRPT,1105.0
2024-09-26,BRPT,1105.0
2024-09-27,BRPT,1090.0
2024-09-30,BRPT,1050.0
2024-10-01,BRPT,1070.0
2024-10-02,BRPT,1030.0
2024-10-03,BRPT,1015.0
2024-10-04,BRPT,1010.0
2024-10-07,BRPT,1010.0
2024-10-08,BRPT,1010.0
2024-10-09,BRPT,1000.0
2024-10-10,BRPT,990.0
2024-10-11,BRPT,995.0
2024-10-14,BRPT,1015.0
2024-10-15,BRPT,1025.0
2024-10-16,BRPT,1000.0
2024-10-17,BRPT,1030.0
2024-10-18,BRPT,1020.0
2024-10-21,BRPT,1015.0
2024-10-22,BRPT,1045.0
2024-10-23,BRPT,1040.0
2024-10-24,BRPT,1020.0
2024-10-25,BRPT,1010.0
2024-10-28,BRPT,1000.0
2024-10-29,BRPT,1000.0
2024-10-30,BRPT,995.0
2024-10-31,BRPT,995.0
2024-11-01,BRPT,985.0
2024-11-04,BRPT,970.0
2024-11-05,BRPT,965.0
2024-11-06,BRPT,930.0
2024-11-07,BRPT,890.0
2024-11-08,BRPT,940.0
2024-11-11,BRPT,930.0
2024-11-12,BRPT,905.0
2024-11-13,BRPT,890.0
2024-11-14,BRPT,885.0
2024-11-15,BRPT,855.0
2024-11-18,BRPT,845.0
2024-11-19,BRPT,850.0
2024-11-20,BRPT,840.0
2024-11-21,BRPT,800.0
2024-11-22,BRPT,800.0
2024-11-25,BRPT,870.0
2024-11-26,BRPT,895.0
2024-11-28,BRPT,890.0
2024-11-29,BRPT,855.0
2024-12-02,BRPT,810.0
2024-12-03,BRPT,865.0
2024-12-04,BRPT,925.0
2024-12-05,BRPT,930.0
2024-12-06,BRPT,955.0
2024-12-09,BRPT,935.0
2024-12-10,BRPT,935.0
2024-12-11,BRPT,910.0
2024-12-12,BRPT,900.0
2024-12-13,BRPT,890.0
2024-12-16,BRPT,880.0
2024-12-17,BRPT,885.0
2024-12-18,BRPT,875.0
2024-12-19,BRPT,830.0
2024-12-20,BRPT,820.0
2024-12-23,BRPT,870.0
2024-12-24,BRPT,895.0
2024-12-27,BRPT,910.0
2024-12-30,BRPT,920.0
2025-01-02,BRPT,940.0
2025-01-03,BRPT,935.0
2025-01-06,BRPT,980.0
2025-01-07,BRPT,995.0
2025-01-08,BRPT,975.0
2025-01-09,BRPT,975.0
2025-01-10,BRPT,985.0
2025-01-13,BRPT,1010.0
2025-01-14,BRPT,970.0
2025-01-15,BRPT,950.0
2025-01-16,BRPT,955.0
2025-01-17,BRPT,940.0
2025-01-20,BRPT,940.0
2025-01-21,BRPT,920.0
2025-01-22,BRPT,930.0
2025-01-23,BRPT,915.0
2025-01-24,BRPT,905.0
2025-01-30,BRPT,925.0
2025-01-31,BRPT,920.0
2025-02-03,BRPT,910.0
2025-02-04,BRPT,925.0
2025-02-05,BRPT,935.0
2025-02-06,BRPT,910.0
2025-02-07,BRPT,815.0
2025-02-10,BRPT,815.0
2025-02-11,BRPT,810.0
2025-02-12,BRPT,820.0
2025-02-13,BRPT,800.0
2025-02-14,BRPT,810.0
2025-02-17,BRPT,870.0
2025-02-18,BRPT,860.0
2025-02-19,BRPT,855.0
2025-02-20,BRPT,840.0
2025-02-21,BRPT,850.0
2025-02-24,BRPT,825.0
2025-02-25,BRPT,815.0
2025-02-26,BRPT,825.0
2025-02-27,BRPT,800.0
2025-02-28,BRPT,785.0
2025-03-03,BRPT,820.0
2025-03-04,BRPT,800.0
2025-03-05,BRPT,795.0
2025-03-06,BRPT,815.0
2025-03-07,BRPT,820.0
2025-03-10,BRPT,810.0
2025-03-11,BRPT,800.0
2025-03-12,BRPT,795.0
2025-03-13,BRPT,800.0
2025-03-14,BRPT,780.0
2025-03-17,BRPT,775.0
2025-03-18,BRPT,655.0
2025-03-19,BRPT,670.0
2025-03-20,BRPT,675.0
2025-03-21,BRPT,700.0
2025-03-24,BRPT,655.0
2025-03-25,BRPT,645.0
2025-03-26,BRPT,680.0
2025-03-27,BRPT,710.0
2025-04-08,BRPT,645.0
2025-04-09,BRPT,600.0
2025-04-10,BRPT,655.0
2025-04-11,BRPT,665.0
2025-04-14,BRPT,695.0
2025-04-15,BRPT,705.0
2025-04-16,BRPT,730.0
2025-04-17,BRPT,765.0
2025-04-21,BRPT,765.0
2025-04-22,BRPT,770.0
2025-04-23,BRPT,775.0
2025-04-24,BRPT,765.0
2025-04-25,BRPT,750.0
2025-04-28,BRPT,755.0
2025-04-29,BRPT,755.0
2025-04-30,BRPT,745.0
2025-05-02,BRPT,755.0
2025-05-05,BRPT,770.0
2025-05-06,BRPT,780.0
2025-05-07,BRPT,845.0
2025-05-08,BRPT,820.0
2025-05-09,BRPT,820.0
2025-05-14,BRPT,855.0
2025-05-15,BRPT,860.0
2025-05-16,BRPT,875.0
2025-05-19,BRPT,880.0
2025-05-20,BRPT,930.0
2025-05-21,BRPT,980.0
2025-05-22,BRPT,1080.0
2025-05-23,BRPT,1155.0
2025-05-26,BRPT,1220.0
2025-05-27,BRPT,1350.0
2025-05-28,BRPT,1260.0
2025-06-02,BRPT,1250.0
2025-06-03,BRPT,1290.0
2025-06-04,BRPT,1290.0
2025-06-05,BRPT,1510.0
2025-06-10,BRPT,1505.0
2025-06-11,BRPT,1495.0
2025-06-12,BRPT,1485.0
2025-06-13,BRPT,1525.0
2025-06-16,BRPT,1560.0
2025-06-17,BRPT,1525.0
2025-06-18,BRPT,1540.0
2025-06-19,BRPT,1485.0
2025-06-20,BRPT,1500.0
2025-06-23,BRPT,1500.0
2025-06-24,BRPT,1520.0
2025-06-25,BRPT,1585.0
2025-06-26,BRPT,1595.0
2025-06-30,BRPT,1660.0
2025-07-01,BRPT,1655.0
2025-07-02,BRPT,1580.0
2025-07-03,BRPT,1540.0
2025-07-04,BRPT,1550.0
2025-07-07,BRPT,1660.0
2025-07-08,BRPT,1685.0
2025-07-09,BRPT,1740.0
2025-07-10,BRPT,1740.0
2025-07-11,BRPT,1800.0
2025-07-14,BRPT,2100.0
2025-07-15,BRPT,2030.0
2025-07-16,BRPT,2010.0
2025-07-17,BRPT,2180.0
2025-07-18,BRPT,2260.0
2025-07-21,BRPT,2390.0
2025-07-22,BRPT,2200.0
2025-07-23,BRPT,2210.0
2025-07-24,BRPT,2220.0
2025-07-25,BRPT,2480.0
2025-07-28,BRPT,2470.0
2025-07-29,BRPT,2610.0
2025-07-30,BRPT,2610.0
2025-07-31,BRPT,2630.0
2025-08-01,BRPT,2690.0
2025-08-04,BRPT,2570.0
2025-08-05,BRPT,2460.0
2025-08-06,BRPT,2490.0
2025-08-07,BRPT,2380.0
2025-08-08,BRPT,2460.0
2025-08-11,BRPT,2350.0
2025-08-12,BRPT,2340.0
2025-08-13,BRPT,2320.0
2025-08-14,BRPT,2300.0
2025-08-15,BRPT,2280.0
2025-08-19,BRPT,2230.0
2025-08-20,BRPT,2350.0
2025-08-21,BRPT,2280.0
2025-08-22,BRPT,2250.0
2025-08-25,BRPT,2270.0
2025-08-26,BRPT,2180.0
2025-08-27,BRPT,2290.0
2025-08-28,BRPT,2260.0
2025-08-29,BRPT,2190.0
2025-09-01,BRPT,2130.0
2025-09-02,BRPT,2280.0
2025-09-03,BRPT,2200.0
2025-09-04,BRPT,2200.0
2025-09-08,BRPT,2150.0
2025-09-09,BRPT,2150.0
2025-09-10,BRPT,2260.0
2025-09-11,BRPT,2250.0
2025-09-12,BRPT,2260.0
2025-09-15,BRPT,2340.0
2025-09-16,BRPT,2320.0
2025-09-17,BRPT,2480.0
2025-09-18,BRPT,2900.0
2025-09-19,BRPT,3000.0
2025-09-22,BRPT,3220.0
2025-09-23,BRPT,3370.0
2025-09-24,BRPT,3770.0
2025-09-25,BRPT,3510.0
2025-09-26,BRPT,3690.0
2025-09-29,BRPT,3760.0
2025-09-30,BRPT,3750.0
2025-10-01,BRPT,3790.0
2025-10-02,BRPT,3850.0
2025-10-03,BRPT,3850.0
2025-10-06,BRPT,4000.0
2025-10-07,BRPT,4140.0
2025-10-08,BRPT,4110.0
2025-10-09,BRPT,4120.0
2025-10-10,BRPT,4280.0
2025-10-13,BRPT,4210.0
2025-10-14,BRPT,3940.0
2025-10-15,BRPT,3890.0
2025-10-16,BRPT,3930.0
2025-10-17,BRPT,3650.0
2025-10-20,BRPT,3770.0
2025-10-21,BRPT,3790.0
2025-10-22,BRPT,3750.0
2025-10-23,BRPT,3740.0
2025-10-24,BRPT,3640.0
2025-10-27,BRPT,3300.0
2025-10-28,BRPT,3420.0
2025-10-29,BRPT,3560.0
2025-10-30,BRPT,3540.0
2025-10-31,BRPT,3450.0
2025-11-03,BRPT,3670.0
2025-11-04,BRPT,3500.0
2025-11-05,BRPT,3560.0
2025-11-06,BRPT,3570.0
2025-11-07,BRPT,3590.0
2025-11-10,BRPT,3590.0
2025-11-11,BRPT,3530.0
2025-11-12,BRPT,3780.0
2025-11-13,BRPT,3720.0
2025-11-14,BRPT,3780.0
2025-11-17,BRPT,3770.0
2025-11-18,BRPT,3580.0
2025-11-19,BRPT,3500.0
2025-11-20,BRPT,3470.0
2025-11-21,BRPT,3490.0
2025-11-24,BRPT,3500.0
2025-11-25,BRPT,3430.0
2025-11-26,BRPT,3510.0
2025-11-27,BRPT,3600.0
2025-11-28,BRPT,3580.0
2025-12-01,BRPT,3470.0
2025-12-02,BRPT,3500.0
2025-12-03,BRPT,3490.0
2025-12-04,BRPT,3500.0
2025-12-05,BRPT,3500.0
2025-12-08,BRPT,3400.0
2025-12-09,BRPT,3500.0
2025-12-10,BRPT,3720.0
2025-12-11,BRPT,3640.0
2025-12-12,BRPT,3710.0
2025-12-15,BRPT,3600.0
2025-12-16,BRPT,3640.0
2025-12-17,BRPT,3510.0
2025-12-18,BRPT,3450.0
2025-12-19,BRPT,3510.0
2025-12-22,BRPT,3440.0
2025-12-23,BRPT,3280.0
2025-12-24,BRPT,3130.0
2025-12-29,BRPT,3280.0
2025-12-30,BRPT,3270.0
2026-01-02,BRPT,3190.0
2026-01-05,BRPT,3190.0
2026-01-06,BRPT,3150.0
2026-01-07,BRPT,3050.0
2026-01-08,BRPT,3090.0
2026-01-09,BRPT,3100.0
2026-01-12,BRPT,2880.0
2026-01-13,BRPT,2810.0
2026-01-14,BRPT,2830.0
2026-01-15,BRPT,2830.0
2026-01-19,BRPT,2950.0
2026-01-20,BRPT,2900.0
2026-01-21,BRPT,2860.0
2026-01-22,BRPT,2750.0
2026-01-23,BRPT,2590.0
2026-01-26,BRPT,2580.0
2022-12-30,BUKA,262.0
2023-01-02,BUKA,264.0
2023-01-03,BUKA,268.0
2023-01-04,BUKA,264.0
2023-01-05,BUKA,256.0
2023-01-06,BUKA,254.0
2023-01-09,BUKA,262.0
2023-01-10,BUKA,260.0
2023-01-11,BUKA,262.0
2023-01-12,BUKA,266.0
2023-01-13,BUKA,264.0
2023-01-16,BUKA,262.0
2023-01-17,BUKA,262.0
2023-01-18,BUKA,258.0
2023-01-19,BUKA,260.0
2023-01-20,BUKA,258.0
2023-01-24,BUKA,278.0
2023-01-25,BUKA,286.0
2023-01-26,BUKA,290.0
2023-01-27,BUKA,290.0
2023-01-30,BUKA,294.0
2023-01-31,BUKA,290.0
2023-02-01,BUKA,282.0
2023-02-02,BUKA,300.0
2023-02-03,BUKA,304.0
2023-02-06,BUKA,298.0
2023-02-07,BUKA,300.0
2023-02-08,BUKA,300.0
2023-02-09,BUKA,288.0
2023-02-10,BUKA,284.0
2023-02-13,BUKA,288.0
2023-02-14,BUKA,286.0
2023-02-15,BUKA,274.0
2023-02-16,BUKA,274.0
2023-02-17,BUKA,270.0
2023-02-20,BUKA,264.0
2023-02-21,BUKA,268.0
2023-02-22,BUKA,264.0
2023-02-23,BUKA,262.0
2023-02-24,BUKA,264.0
2023-02-27,BUKA,262.0
2023-02-28,BUKA,262.0
2023-03-01,BUKA,258.0
2023-03-02,BUKA,264.0
2023-03-03,BUKA,266.0
2023-03-06,BUKA,260.0
2023-03-07,BUKA,260.0
2023-03-08,BUKA,260.0
2023-03-09,BUKA,262.0
2023-03-10,BUKA,260.0
2023-03-13,BUKA,258.0
2023-03-14,BUKA,250.0
2023-03-15,BUKA,250.0
2023-03-16,BUKA,234.0
2023-03-17,BUKA,234.0
2023-03-20,BUKA,222.0
2023-03-21,BUKA,226.0
2023-03-24,BUKA,236.0
2023-03-27,BUKA,234.0
2023-03-28,BUKA,268.0
2023-03-29,BUKA,258.0
2023-03-30,BUKA,248.0
2023-03-31,BUKA,248.0
2023-04-03,BUKA,240.0
2023-04-04,BUKA,238.0
2023-04-05,BUKA,228.0
2023-04-06,BUKA,232.0
2023-04-10,BUKA,234.0
2023-04-11,BUKA,236.0
2023-04-12,BUKA,232.0
2023-04-13,BUKA,234.0
2023-04-14,BUKA,234.0
2023-04-17,BUKA,232.0
2023-04-18,BUKA,228.0
2023-04-26,BUKA,228.0
2023-04-27,BUKA,234.0
2023-04-28,BUKA,236.0
2023-05-02,BUKA,230.0
2023-05-03,BUKA,236.0
2023-05-04,BUKA,240.0
2023-05-05,BUKA,238.0
2023-05-08,BUKA,234.0
2023-05-09,BUKA,232.0
2023-05-10,BUKA,230.0
2023-05-11,BUKA,230.0
2023-05-12,BUKA,226.0
2023-05-15,BUKA,212.0
2023-05-16,BUKA,206.0
2023-05-17,BUKA,199.0
2023-05-19,BUKA,200.0
2023-05-22,BUKA,206.0
2023-05-23,BUKA,198.0
2023-05-24,BUKA,199.0
2023-05-25,BUKA,197.0
2023-05-26,BUKA,199.0
2023-05-29,BUKA,204.0
2023-05-30,BUKA,216.0
2023-05-31,BUKA,212.0
2023-06-05,BUKA,204.0
2023-06-06,BUKA,208.0
2023-06-07,BUKA,214.0
2023-06-08,BUKA,212.0
2023-06-09,BUKA,216.0
2023-06-12,BUKA,216.0
2023-06-13,BUKA,210.0
2023-06-14,BUKA,208.0
2023-06-15,BUKA,218.0
2023-06-16,BUKA,226.0
2023-06-19,BUKA,220.0
2023-06-20,BUKA,212.0
2023-06-21,BUKA,218.0
2023-06-22,BUKA,212.0
2023-06-23,BUKA,208.0
2023-06-26,BUKA,210.0
2023-06-27,BUKA,212.0
2023-07-03,BUKA,212.0
2023-07-04,BUKA,212.0
2023-07-05,BUKA,214.0
2023-07-06,BUKA,212.0
2023-07-07,BUKA,216.0
2023-07-10,BUKA,214.0
2023-07-11,BUKA,220.0
2023-07-12,BUKA,230.0
2023-07-13,BUKA,224.0
2023-07-14,BUKA,244.0
2023-07-17,BUKA,240.0
2023-07-18,BUKA,238.0
2023-07-20,BUKA,234.0
2023-07-21,BUKA,224.0
2023-07-24,BUKA,228.0
2023-07-25,BUKA,224.0
2023-07-26,BUKA,222.0
2023-07-27,BUKA,224.0
2023-07-28,BUKA,224.0
2023-07-31,BUKA,216.0
2023-08-01,BUKA,220.0
2023-08-02,BUKA,218.0
2023-08-03,BUKA,228.0
2023-08-04,BUKA,222.0
2023-08-07,BUKA,224.0
2023-08-08,BUKA,228.0
2023-08-09,BUKA,224.0
2023-08-10,BUKA,228.0
2023-08-11,BUKA,228.0
2023-08-14,BUKA,238.0
2023-08-15,BUKA,234.0
2023-08-16,BUKA,232.0
2023-08-18,BUKA,232.0
2023-08-21,BUKA,240.0
2023-08-22,BUKA,232.0
2023-08-23,BUKA,238.0
2023-08-24,BUKA,230.0
2023-08-25,BUKA,232.0
2023-08-28,BUKA,234.0
2023-08-29,BUKA,238.0
2023-08-30,BUKA,236.0
2023-08-31,BUKA,232.0
2023-09-01,BUKA,234.0
2023-09-04,BUKA,236.0
2023-09-05,BUKA,232.0
2023-09-06,BUKA,236.0
2023-09-07,BUKA,244.0
2023-09-08,BUKA,246.0
2023-09-11,BUKA,260.0
2023-09-12,BUKA,262.0
2023-09-13,BUKA,246.0
2023-09-14,BUKA,250.0
2023-09-15,BUKA,244.0
2023-09-18,BUKA,228.0
2023-09-19,BUKA,228.0
2023-09-20,BUKA,228.0
2023-09-21,BUKA,224.0
2023-09-22,BUKA,228.0
2023-09-25,BUKA,214.0
2023-09-26,BUKA,208.0
2023-09-27,BUKA,208.0
2023-09-29,BUKA,218.0
2023-10-02,BUKA,210.0
2023-10-03,BUKA,210.0
2023-10-04,BUKA,206.0
2023-10-05,BUKA,208.0
2023-10-06,BUKA,212.0
2023-10-09,BUKA,212.0
2023-10-10,BUKA,212.0
2023-10-11,BUKA,212.0
2023-10-12,BUKA,214.0
2023-10-13,BUKA,206.0
2023-10-16,BUKA,204.0
2023-10-17,BUKA,206.0
2023-10-18,BUKA,210.0
2023-10-19,BUKA,208.0
2023-10-20,BUKA,206.0
2023-10-23,BUKA,208.0
2023-10-24,BUKA,206.0
2023-10-25,BUKA,204.0
2023-10-26,BUKA,202.0
2023-10-27,BUKA,196.0
2023-10-30,BUKA,198.0
2023-10-31,BUKA,210.0
2023-11-01,BUKA,198.0
2023-11-02,BUKA,202.0
2023-11-03,BUKA,210.0
2023-11-06,BUKA,210.0
2023-11-07,BUKA,208.0
2023-11-08,BUKA,208.0
2023-11-09,BUKA,210.0
2023-11-10,BUKA,210.0
2023-11-13,BUKA,210.0
2023-11-14,BUKA,210.0
2023-11-15,BUKA,214.0
2023-11-16,BUKA,212.0
2023-11-17,BUKA,204.0
2023-11-20,BUKA,208.0
2023-11-21,BUKA,214.0
2023-11-22,BUKA,212.0
2023-11-23,BUKA,214.0
2023-11-24,BUKA,210.0
2023-11-27,BUKA,204.0
2023-11-28,BUKA,204.0
2023-11-29,BUKA,204.0
2023-11-30,BUKA,208.0
2023-12-01,BUKA,214.0
2023-12-04,BUKA,208.0
2023-12-05,BUKA,206.0
2023-12-06,BUKA,204.0
2023-12-07,BUKA,200.0
2023-12-08,BUKA,202.0
2023-12-11,BUKA,195.0
2023-12-12,BUKA,200.0
2023-12-13,BUKA,196.0
2023-12-14,BUKA,204.0
2023-12-15,BUKA,206.0
2023-12-18,BUKA,208.0
2023-12-19,BUKA,212.0
2023-12-20,BUKA,212.0
2023-12-21,BUKA,210.0
2023-12-22,BUKA,208.0
2023-12-27,BUKA,212.0
2023-12-28,BUKA,212.0
2023-12-29,BUKA,216.0
2024-01-02,BUKA,208.0
2024-01-03,BUKA,208.0
2024-01-04,BUKA,206.0
2024-01-05,BUKA,204.0
2024-01-08,BUKA,202.0
2024-01-09,BUKA,202.0
2024-01-10,BUKA,199.0
2024-01-11,BUKA,199.0
2024-01-12,BUKA,200.0
2024-01-15,BUKA,200.0
2024-01-16,BUKA,199.0
2024-01-17,BUKA,198.0
2024-01-18,BUKA,196.0
2024-01-19,BUKA,195.0
2024-01-22,BUKA,190.0
2024-01-23,BUKA,192.0
2024-01-24,BUKA,189.0
2024-01-25,BUKA,188.0
2024-01-26,BUKA,186.0
2024-01-29,BUKA,186.0
2024-01-30,BUKA,187.0
2024-01-31,BUKA,192.0
2024-02-01,BUKA,189.0
2024-02-02,BUKA,185.0
2024-02-05,BUKA,180.0
2024-02-06,BUKA,179.0
2024-02-07,BUKA,177.0
2024-02-12,BUKA,176.0
2024-02-13,BUKA,174.0
2024-02-15,BUKA,174.0
2024-02-16,BUKA,168.0
2024-02-19,BUKA,169.0
2024-02-20,BUKA,166.0
2024-02-21,BUKA,162.0
2024-02-22,BUKA,154.0
2024-02-23,BUKA,161.0
2024-02-26,BUKA,162.0
2024-02-27,BUKA,161.0
2024-02-28,BUKA,161.0
2024-02-29,BUKA,157.0
2024-03-01,BUKA,156.0
2024-03-04,BUKA,153.0
2024-03-05,BUKA,152.0
2024-03-06,BUKA,164.0
2024-03-07,BUKA,155.0
2024-03-08,BUKA,154.0
2024-03-13,BUKA,151.0
2024-03-14,BUKA,150.0
2024-03-15,BUKA,147.0
2024-03-18,BUKA,144.0
2024-03-19,BUKA,142.0
2024-03-20,BUKA,136.0
2024-03-21,BUKA,143.0
2024-03-22,BUKA,150.0
2024-03-25,BUKA,150.0
2024-03-26,BUKA,150.0
2024-03-27,BUKA,155.0
2024-03-28,BUKA,152.0
2024-04-01,BUKA,149.0
2024-04-02,BUKA,147.0
2024-04-03,BUKA,147.0
2024-04-04,BUKA,149.0
2024-04-05,BUKA,146.0
2024-04-16,BUKA,134.0
2024-04-17,BUKA,127.0
2024-04-18,BUKA,124.0
2024-04-19,BUKA,116.0
2024-04-22,BUKA,117.0
2024-04-23,BUKA,117.0
2024-04-24,BUKA,124.0
2024-04-25,BUKA,126.0
2024-04-26,BUKA,120.0
2024-04-29,BUKA,121.0
2024-04-30,BUKA,130.0
2024-05-02,BUKA,124.0
2024-05-03,BUKA,123.0
2024-05-06,BUKA,120.0
2024-05-07,BUKA,125.0
2024-05-08,BUKA,120.0
2024-05-13,BUKA,124.0
2024-05-14,BUKA,122.0
2024-05-15,BUKA,124.0
2024-05-16,BUKA,127.0
2024-05-17,BUKA,128.0
2024-05-20,BUKA,130.0
2024-05-21,BUKA,128.0
2024-05-22,BUKA,130.0
2024-05-27,BUKA,140.0
2024-05-28,BUKA,135.0
2024-05-29,BUKA,130.0
2024-05-30,BUKA,129.0
2024-05-31,BUKA,130.0
2024-06-03,BUKA,134.0
2024-06-04,BUKA,136.0
2024-06-05,BUKA,133.0
2024-06-06,BUKA,136.0
2024-06-07,BUKA,132.0
2024-06-10,BUKA,124.0
2024-06-11,BUKA,124.0
2024-06-12,BUKA,120.0
2024-06-13,BUKA,124.0
2024-06-14,BUKA,118.0
2024-06-19,BUKA,119.0
2024-06-20,BUKA,124.0
2024-06-21,BUKA,129.0
2024-06-24,BUKA,135.0
2024-06-25,BUKA,132.0
2024-06-26,BUKA,126.0
2024-06-27,BUKA,134.0
2024-06-28,BUKA,139.0
2024-07-01,BUKA,135.0
2024-07-02,BUKA,134.0
2024-07-03,BUKA,130.0
2024-07-04,BUKA,135.0
2024-07-05,BUKA,137.0
2024-07-08,BUKA,141.0
2024-07-09,BUKA,140.0
2024-07-10,BUKA,133.0
2024-07-11,BUKA,136.0
2024-07-12,BUKA,133.0
2024-07-15,BUKA,131.0
2024-07-16,BUKA,130.0
2024-07-17,BUKA,130.0
2024-07-18,BUKA,129.0
2024-07-19,BUKA,126.0
2024-07-22,BUKA,127.0
2024-07-23,BUKA,127.0
2024-07-24,BUKA,120.0
2024-07-25,BUKA,121.0
2024-07-26,BUKA,118.0
2024-07-29,BUKA,118.0
2024-07-30,BUKA,115.0
2024-07-31,BUKA,118.0
2024-08-01,BUKA,118.0
2024-08-02,BUKA,118.0
2024-08-05,BUKA,109.0
2024-08-06,BUKA,111.0
2024-08-07,BUKA,116.0
2024-08-08,BUKA,119.0
2024-08-09,BUKA,119.0
2024-08-12,BUKA,126.0
2024-08-13,BUKA,125.0
2024-08-14,BUKA,123.0
2024-08-15,BUKA,120.0
2024-08-16,BUKA,120.0
2024-08-19,BUKA,119.0
2024-08-20,BUKA,123.0
2024-08-21,BUKA,122.0
2024-08-22,BUKA,118.0
2024-08-23,BUKA,117.0
2024-08-26,BUKA,117.0
2024-08-27,BUKA,118.0
2024-08-28,BUKA,118.0
2024-08-29,BUKA,117.0
2024-08-30,BUKA,117.0
2024-09-02,BUKA,119.0
2024-09-03,BUKA,118.0
2024-09-04,BUKA,115.0
2024-09-05,BUKA,115.0
2024-09-06,BUKA,115.0
2024-09-09,BUKA,114.0
2024-09-10,BUKA,114.0
2024-09-11,BUKA,114.0
2024-09-12,BUKA,117.0
2024-09-13,BUKA,118.0
2024-09-17,BUKA,117.0
2024-09-18,BUKA,115.0
2024-09-19,BUKA,115.0
2024-09-20,BUKA,116.0
2024-09-23,BUKA,116.0
2024-09-24,BUKA,115.0
2024-09-25,BUKA,121.0
2024-09-26,BUKA,121.0
2024-09-27,BUKA,122.0
2024-09-30,BUKA,121.0
2024-10-01,BUKA,120.0
2024-10-02,BUKA,120.0
2024-10-03,BUKA,116.0
2024-10-04,BUKA,115.0
2024-10-07,BUKA,144.0
2024-10-08,BUKA,147.0
2024-10-09,BUKA,139.0
2024-10-10,BUKA,129.0
2024-10-11,BUKA,136.0
2024-10-14,BUKA,131.0
2024-10-15,BUKA,133.0
2024-10-16,BUKA,135.0
2024-10-17,BUKA,133.0
2024-10-18,BUKA,132.0
2024-10-21,BUKA,135.0
2024-10-22,BUKA,134.0
2024-10-23,BUKA,133.0
2024-10-24,BUKA,140.0
2024-10-25,BUKA,135.0
2024-10-28,BUKA,131.0
2024-10-29,BUKA,131.0
2024-10-30,BUKA,130.0
2024-10-31,BUKA,128.0
2024-11-01,BUKA,125.0
2024-11-04,BUKA,120.0
2024-11-05,BUKA,117.0
2024-11-06,BUKA,118.0
2024-11-07,BUKA,118.0
2024-11-08,BUKA,118.0
2024-11-11,BUKA,120.0
2024-11-12,BUKA,118.0
2024-11-13,BUKA,119.0
2024-11-14,BUKA,124.0
2024-11-15,BUKA,119.0
2024-11-18,BUKA,119.0
2024-11-19,BUKA,121.0
2024-11-20,BUKA,122.0
2024-11-21,BUKA,119.0
2024-11-22,BUKA,120.0
2024-11-25,BUKA,122.0
2024-11-26,BUKA,122.0
2024-11-28,BUKA,123.0
2024-11-29,BUKA,122.0
2024-12-02,BUKA,122.0
2024-12-03,BUKA,125.0
2024-12-04,BUKA,123.0
2024-12-05,BUKA,121.0
2024-12-06,BUKA,123.0
2024-12-09,BUKA,129.0
2024-12-10,BUKA,130.0
2024-12-11,BUKA,130.0
2024-12-12,BUKA,128.0
2024-12-13,BUKA,128.0
2024-12-16,BUKA,124.0
2024-12-17,BUKA,125.0
2024-12-18,BUKA,124.0
2024-12-19,BUKA,122.0
2024-12-20,BUKA,120.0
2024-12-23,BUKA,121.0
2024-12-24,BUKA,120.0
2024-12-27,BUKA,123.0
2024-12-30,BUKA,125.0
2025-01-02,BUKA,125.0
2025-01-03,BUKA,123.0
2025-01-06,BUKA,120.0
2025-01-07,BUKA,122.0
2025-01-08,BUKA,117.0
2025-01-09,BUKA,120.0
2025-01-10,BUKA,114.0
2025-01-13,BUKA,114.0
2025-01-14,BUKA,117.0
2025-01-15,BUKA,123.0
2025-01-16,BUKA,121.0
2025-01-17,BUKA,118.0
2025-01-20,BUKA,119.0
2025-01-21,BUKA,120.0
2025-01-22,BUKA,119.0
2025-01-23,BUKA,118.0
2025-01-24,BUKA,118.0
2025-01-30,BUKA,117.0
2025-01-31,BUKA,118.0
2025-02-03,BUKA,117.0
2025-02-04,BUKA,119.0
2025-02-05,BUKA,122.0
2025-02-06,BUKA,125.0
2025-02-07,BUKA,125.0
2025-02-10,BUKA,130.0
2025-02-11,BUKA,139.0
2025-02-12,BUKA,152.0
2025-02-13,BUKA,148.0
2025-02-14,BUKA,149.0
2025-02-17,BUKA,146.0
2025-02-18,BUKA,145.0
2025-02-19,BUKA,143.0
2025-02-20,BUKA,152.0
2025-02-21,BUKA,151.0
2025-02-24,BUKA,150.0
2025-02-25,BUKA,145.0
2025-02-26,BUKA,145.0
2025-02-27,BUKA,143.0
2025-02-28,BUKA,133.0
2025-03-03,BUKA,139.0
2025-03-04,BUKA,133.0
2025-03-05,BUKA,135.0
2025-03-06,BUKA,143.0
2025-03-07,BUKA,138.0
2025-03-10,BUKA,138.0
2025-03-11,BUKA,134.0
2025-03-12,BUKA,133.0
2025-03-13,BUKA,131.0
2025-03-14,BUKA,130.0
2025-03-17,BUKA,134.0
2025-03-18,BUKA,132.0
2025-03-19,BUKA,137.0
2025-03-20,BUKA,144.0
2025-03-21,BUKA,142.0
2025-03-24,BUKA,140.0
2025-03-25,BUKA,137.0
2025-03-26,BUKA,143.0
2025-03-27,BUKA,143.0
2025-04-08,BUKA,126.0
2025-04-09,BUKA,124.0
2025-04-10,BUKA,129.0
2025-04-11,BUKA,130.0
2025-04-14,BUKA,131.0
2025-04-15,BUKA,131.0
2025-04-16,BUKA,129.0
2025-04-17,BUKA,135.0
2025-04-21,BUKA,140.0
2025-04-22,BUKA,138.0
2025-04-23,BUKA,140.0
2025-04-24,BUKA,140.0
2025-04-25,BUKA,150.0
2025-04-28,BUKA,145.0
2025-04-29,BUKA,144.0
2025-04-30,BUKA,145.0
2025-05-02,BUKA,147.0
2025-05-05,BUKA,145.0
2025-05-06,BUKA,147.0
2025-05-07,BUKA,146.0
2025-05-08,BUKA,146.0
2025-05-09,BUKA,145.0
2025-05-14,BUKA,145.0
2025-05-15,BUKA,142.0
2025-05-16,BUKA,140.0
2025-05-19,BUKA,136.0
2025-05-20,BUKA,135.0
2025-05-21,BUKA,134.0
2025-05-22,BUKA,137.0
2025-05-23,BUKA,138.0
2025-05-26,BUKA,137.0
2025-05-27,BUKA,138.0
2025-05-28,BUKA,137.0
2025-06-02,BUKA,136.0
2025-06-03,BUKA,136.0
2025-06-04,BUKA,139.0
2025-06-05,BUKA,137.0
2025-06-10,BUKA,140.0
2025-06-11,BUKA,142.0
2025-06-12,BUKA,142.0
2025-06-13,BUKA,138.0
2025-06-16,BUKA,135.0
2025-06-17,BUKA,143.0
2025-06-18,BUKA,139.0
2025-06-19,BUKA,137.0
2025-06-20,BUKA,132.0
2025-06-23,BUKA,127.0
2025-06-24,BUKA,129.0
2025-06-25,BUKA,126.0
2025-06-26,BUKA,124.0
2025-06-30,BUKA,125.0
2025-07-01,BUKA,125.0
2025-07-02,BUKA,124.0
2025-07-03,BUKA,120.0
2025-07-04,BUKA,125.0
2025-07-07,BUKA,125.0
2025-07-08,BUKA,124.0
2025-07-09,BUKA,125.0
2025-07-10,BUKA,125.0
2025-07-11,BUKA,126.0
2025-07-14,BUKA,127.0
2025-07-15,BUKA,132.0
2025-07-16,BUKA,131.0
2025-07-17,BUKA,134.0
2025-07-18,BUKA,142.0
2025-07-21,BUKA,142.0
2025-07-22,BUKA,140.0
2025-07-23,BUKA,140.0
2025-07-24,BUKA,140.0
2025-07-25,BUKA,141.0
2025-07-28,BUKA,143.0
2025-07-29,BUKA,147.0
2025-07-30,BUKA,150.0
2025-07-31,BUKA,151.0
2025-08-01,BUKA,157.0
2025-08-04,BUKA,166.0
2025-08-05,BUKA,171.0
2025-08-06,BUKA,171.0
2025-08-07,BUKA,172.0
2025-08-08,BUKA,175.0
2025-08-11,BUKA,174.0
2025-08-12,BUKA,174.0
2025-08-13,BUKA,174.0
2025-08-14,BUKA,175.0
2025-08-15,BUKA,172.0
2025-08-19,BUKA,179.0
2025-08-20,BUKA,175.0
2025-08-21,BUKA,176.0
2025-08-22,BUKA,180.0
2025-08-25,BUKA,183.0
2025-08-26,BUKA,180.0
2025-08-27,BUKA,176.0
2025-08-28,BUKA,178.0
2025-08-29,BUKA,174.0
2025-09-01,BUKA,168.0
2025-09-02,BUKA,176.0
2025-09-03,BUKA,174.0
2025-09-04,BUKA,175.0
2025-09-08,BUKA,171.0
2025-09-09,BUKA,169.0
2025-09-10,BUKA,163.0
2025-09-11,BUKA,158.0
2025-09-12,BUKA,156.0
2025-09-15,BUKA,155.0
2025-09-16,BUKA,151.0
2025-09-17,BUKA,155.0
2025-09-18,BUKA,163.0
2025-09-19,BUKA,175.0
2025-09-22,BUKA,180.0
2025-09-23,BUKA,175.0
2025-09-24,BUKA,175.0
2025-09-25,BUKA,178.0
2025-09-26,BUKA,169.0
2025-09-29,BUKA,171.0
2025-09-30,BUKA,170.0
2025-10-01,BUKA,180.0
2025-10-02,BUKA,174.0
2025-10-03,BUKA,177.0
2025-10-06,BUKA,195.0
2025-10-07,BUKA,180.0
2025-10-08,BUKA,172.0
2025-10-09,BUKA,170.0
2025-10-10,BUKA,168.0
2025-10-13,BUKA,168.0
2025-10-14,BUKA,162.0
2025-10-15,BUKA,161.0
2025-10-16,BUKA,168.0
2025-10-17,BUKA,168.0
2025-10-20,BUKA,168.0
2025-10-21,BUKA,166.0
2025-10-22,BUKA,162.0
2025-10-23,BUKA,169.0
2025-10-24,BUKA,165.0
2025-10-27,BUKA,168.0
2025-10-28,BUKA,169.0
2025-10-29,BUKA,168.0
2025-10-30,BUKA,168.0
2025-10-31,BUKA,168.0
2025-11-03,BUKA,169.0
2025-11-04,BUKA,167.0
2025-11-05,BUKA,164.0
2025-11-06,BUKA,165.0
2025-11-07,BUKA,166.0
2025-11-10,BUKA,165.0
2025-11-11,BUKA,168.0
2025-11-12,BUKA,173.0
2025-11-13,BUKA,169.0
2025-11-14,BUKA,167.0
2025-11-17,BUKA,169.0
2025-11-18,BUKA,166.0
2025-11-19,BUKA,167.0
2025-11-20,BUKA,167.0
2025-11-21,BUKA,168.0
2025-11-24,BUKA,170.0
2025-11-25,BUKA,168.0
2025-11-26,BUKA,168.0
2025-11-27,BUKA,170.0
2025-11-28,BUKA,169.0
2025-12-01,BUKA,166.0
2025-12-02,BUKA,167.0
2025-12-03,BUKA,166.0
2025-12-04,BUKA,166.0
2025-12-05,BUKA,164.0
2025-12-08,BUKA,164.0
2025-12-09,BUKA,164.0
2025-12-10,BUKA,164.0
2025-12-11,BUKA,163.0
2025-12-12,BUKA,163.0
2025-12-15,BUKA,168.0
2025-12-16,BUKA,170.0
2025-12-17,BUKA,164.0
2025-12-18,BUKA,164.0
2025-12-19,BUKA,162.0
2025-12-22,BUKA,155.0
2025-12-23,BUKA,157.0
2025-12-24,BUKA,158.0
2025-12-29,BUKA,158.0
2025-12-30,BUKA,158.0
2026-01-02,BUKA,156.0
2026-01-05,BUKA,158.0
2026-01-06,BUKA,163.0
2026-01-07,BUKA,168.0
2026-01-08,BUKA,163.0
2026-01-09,BUKA,161.0
2026-01-12,BUKA,159.0
2026-01-13,BUKA,160.0
2026-01-14,BUKA,158.0
2026-01-15,BUKA,158.0
2026-01-19,BUKA,159.0
2026-01-20,BUKA,158.0
2026-01-21,BUKA,157.0
2026-01-22,BUKA,160.0
2026-01-23,BUKA,160.0
2026-01-26,BUKA,157.0
2022-12-30,CPIN,5152.5732421875
2023-01-02,CPIN,5175.3720703125
2023-01-03,CPIN,5266.56787109375
2023-01-04,CPIN,5175.3720703125
2023-01-05,CPIN,5334.96484375
2023-01-06,CPIN,5471.7587890625
2023-01-09,CPIN,5699.74853515625
2023-01-10,CPIN,5699.74853515625
2023-01-11,CPIN,5676.94970703125
2023-01-12,CPIN,5676.94970703125
2023-01-13,CPIN,5654.15087890625
2023-01-16,CPIN,5631.35205078125
2023-01-17,CPIN,5585.75390625
2023-01-18,CPIN,5585.75390625
2023-01-19,CPIN,5517.357421875
2023-01-20,CPIN,5426.16162109375
2023-01-24,CPIN,5448.96044921875
2023-01-25,CPIN,5357.763671875
2023-01-26,CPIN,5426.16162109375
2023-01-27,CPIN,5334.96484375
2023-01-30,CPIN,5357.763671875
2023-01-31,CPIN,5312.166015625
2023-02-01,CPIN,5357.763671875
2023-02-02,CPIN,5289.3671875
2023-02-03,CPIN,5312.166015625
2023-02-06,CPIN,5289.3671875
2023-02-07,CPIN,5334.96484375
2023-02-08,CPIN,5243.7685546875
2023-02-09,CPIN,5289.3671875
2023-02-10,CPIN,5334.96484375
2023-02-13,CPIN,5243.7685546875
2023-02-14,CPIN,5312.166015625
2023-02-15,CPIN,5312.166015625
2023-02-16,CPIN,5289.3671875
2023-02-17,CPIN,5289.3671875
2023-02-20,CPIN,5380.56298828125
2023-02-21,CPIN,5334.96484375
2023-02-22,CPIN,5220.97021484375
2023-02-23,CPIN,5198.17138671875
2023-02-24,CPIN,5129.77392578125
2023-02-27,CPIN,5129.77392578125
2023-02-28,CPIN,4901.7841796875
2023-03-01,CPIN,5106.97509765625
2023-03-02,CPIN,4947.3818359375
2023-03-03,CPIN,4810.58837890625
2023-03-06,CPIN,4787.7890625
2023-03-07,CPIN,4673.79443359375
2023-03-08,CPIN,4742.19140625
2023-03-09,CPIN,4582.59814453125
2023-03-10,CPIN,4541.5595703125
2023-03-13,CPIN,4550.6796875
2023-03-14,CPIN,4514.201171875
2023-03-15,CPIN,4559.798828125
2023-03-16,CPIN,4377.4072265625
2023-03-17,CPIN,4532.4404296875
2023-03-20,CPIN,4486.84228515625
2023-03-21,CPIN,4532.4404296875
2023-03-24,CPIN,4673.79443359375
2023-03-27,CPIN,4559.798828125
2023-03-28,CPIN,4628.1962890625
2023-03-29,CPIN,4650.99560546875
2023-03-30,CPIN,4628.1962890625
2023-03-31,CPIN,4550.6796875
2023-04-03,CPIN,4395.646484375
2023-04-04,CPIN,4295.33056640625
2023-04-05,CPIN,4158.53662109375
2023-04-06,CPIN,4030.86279296875
2023-04-10,CPIN,4131.177734375
2023-04-11,CPIN,4085.58056640625
2023-04-12,CPIN,4094.699951171875
2023-04-13,CPIN,4131.177734375
2023-04-14,CPIN,4094.699951171875
2023-04-17,CPIN,4140.2978515625
2023-04-18,CPIN,4049.1015625
2023-04-26,CPIN,4149.4169921875
2023-04-27,CPIN,4222.37353515625
2023-04-28,CPIN,4185.8955078125
2023-05-02,CPIN,4222.37353515625
2023-05-03,CPIN,4331.8095703125
2023-05-04,CPIN,4386.52685546875
2023-05-05,CPIN,4368.28759765625
2023-05-08,CPIN,4267.97216796875
2023-05-09,CPIN,4267.97216796875
2023-05-10,CPIN,4267.97216796875
2023-05-11,CPIN,4277.09130859375
2023-05-12,CPIN,4322.68994140625
2023-05-15,CPIN,4582.59814453125
2023-05-16,CPIN,4541.5595703125
2023-05-17,CPIN,4559.798828125
2023-05-19,CPIN,4532.4404296875
2023-05-22,CPIN,4628.1962890625
2023-05-23,CPIN,4523.32080078125
2023-05-24,CPIN,4650.99560546875
2023-05-25,CPIN,4650.99560546875
2023-05-26,CPIN,4719.39208984375
2023-05-29,CPIN,4787.7890625
2023-05-30,CPIN,4523.32080078125
2023-05-31,CPIN,4514.201171875
2023-06-05,CPIN,4468.60302734375
2023-06-06,CPIN,4468.60302734375
2023-06-07,CPIN,4541.5595703125
2023-06-08,CPIN,4559.798828125
2023-06-09,CPIN,4582.59814453125
2023-06-12,CPIN,4650.99560546875
2023-06-13,CPIN,4582.59814453125
2023-06-14,CPIN,4628.1962890625
2023-06-15,CPIN,4650.99560546875
2023-06-16,CPIN,4742.19140625
2023-06-19,CPIN,4742.19140625
2023-06-20,CPIN,4764.990234375
2023-06-21,CPIN,4764.990234375
2023-06-22,CPIN,4696.59326171875
2023-06-23,CPIN,4742.19140625
2023-06-26,CPIN,4764.990234375
2023-06-27,CPIN,4810.58837890625
2023-07-03,CPIN,4947.3818359375
2023-07-04,CPIN,5015.77880859375
2023-07-05,CPIN,5015.77880859375
2023-07-06,CPIN,4901.7841796875
2023-07-07,CPIN,4901.7841796875
2023-07-10,CPIN,4901.7841796875
2023-07-11,CPIN,4992.97998046875
2023-07-12,CPIN,4970.18115234375
2023-07-13,CPIN,4924.5830078125
2023-07-14,CPIN,4992.97998046875
2023-07-17,CPIN,4947.3818359375
2023-07-18,CPIN,4856.18603515625
2023-07-20,CPIN,4742.19140625
2023-07-21,CPIN,4719.39208984375
2023-07-24,CPIN,4628.1962890625
2023-07-25,CPIN,4559.798828125
2023-07-26,CPIN,4559.798828125
2023-07-27,CPIN,4541.5595703125
2023-07-28,CPIN,4523.32080078125
2023-07-31,CPIN,4719.39208984375
2023-08-01,CPIN,4742.19140625
2023-08-02,CPIN,4650.99560546875
2023-08-03,CPIN,4628.1962890625
2023-08-04,CPIN,4582.59814453125
2023-08-07,CPIN,4650.99560546875
2023-08-08,CPIN,4673.79443359375
2023-08-09,CPIN,4833.38720703125
2023-08-10,CPIN,4787.7890625
2023-08-11,CPIN,4787.7890625
2023-08-14,CPIN,4856.18603515625
2023-08-15,CPIN,4856.18603515625
2023-08-16,CPIN,4810.58837890625
2023-08-18,CPIN,4764.990234375
2023-08-21,CPIN,4764.990234375
2023-08-22,CPIN,4742.19140625
2023-08-23,CPIN,4673.79443359375
2023-08-24,CPIN,4673.79443359375
2023-08-25,CPIN,4696.59326171875
2023-08-28,CPIN,4764.990234375
2023-08-29,CPIN,4856.18603515625
2023-08-30,CPIN,4742.19140625
2023-08-31,CPIN,4719.39208984375
2023-09-01,CPIN,4673.79443359375
2023-09-04,CPIN,4559.798828125
2023-09-05,CPIN,4582.59814453125
2023-09-06,CPIN,4559.798828125
2023-09-07,CPIN,4582.59814453125
2023-09-08,CPIN,4477.72314453125
2023-09-11,CPIN,4559.798828125
2023-09-12,CPIN,4550.6796875
2023-09-13,CPIN,4559.798828125
2023-09-14,CPIN,4582.59814453125
2023-09-15,CPIN,4628.1962890625
2023-09-18,CPIN,4514.201171875
2023-09-19,CPIN,4468.60302734375
2023-09-20,CPIN,4477.72314453125
2023-09-21,CPIN,4514.201171875
2023-09-22,CPIN,4532.4404296875
2023-09-25,CPIN,4532.4404296875
2023-09-26,CPIN,4901.7841796875
2023-09-27,CPIN,4901.7841796875
2023-09-29,CPIN,4947.3818359375
2023-10-02,CPIN,4947.3818359375
2023-10-03,CPIN,5038.57861328125
2023-10-04,CPIN,4970.18115234375
2023-10-05,CPIN,5129.77392578125
2023-10-06,CPIN,5175.3720703125
2023-10-09,CPIN,5084.17626953125
2023-10-10,CPIN,5061.37744140625
2023-10-11,CPIN,4970.18115234375
2023-10-12,CPIN,4650.99560546875
2023-10-13,CPIN,4742.19140625
2023-10-16,CPIN,4742.19140625
2023-10-17,CPIN,4764.990234375
2023-10-18,CPIN,4878.9853515625
2023-10-19,CPIN,4742.19140625
2023-10-20,CPIN,4742.19140625
2023-10-23,CPIN,4514.201171875
2023-10-24,CPIN,4605.39697265625
2023-10-25,CPIN,4787.7890625
2023-10-26,CPIN,4605.39697265625
2023-10-27,CPIN,4970.18115234375
2023-10-30,CPIN,4947.3818359375
2023-10-31,CPIN,5289.3671875
2023-11-01,CPIN,4901.7841796875
2023-11-02,CPIN,4901.7841796875
2023-11-03,CPIN,5015.77880859375
2023-11-06,CPIN,4992.97998046875
2023-11-07,CPIN,5061.37744140625
2023-11-08,CPIN,5175.3720703125
2023-11-09,CPIN,5152.5732421875
2023-11-10,CPIN,5106.97509765625
2023-11-13,CPIN,5106.97509765625
2023-11-14,CPIN,4992.97998046875
2023-11-15,CPIN,4970.18115234375
2023-11-16,CPIN,4924.5830078125
2023-11-17,CPIN,5110.41650390625
2023-11-20,CPIN,5017.5
2023-11-21,CPIN,5017.5
2023-11-22,CPIN,5063.9580078125
2023-11-23,CPIN,5040.72900390625
2023-11-24,CPIN,4901.35400390625
2023-11-27,CPIN,4901.35400390625
2023-11-28,CPIN,4901.35400390625
2023-11-29,CPIN,4692.29150390625
2023-11-30,CPIN,4831.66650390625
2023-12-01,CPIN,4645.8330078125
2023-12-04,CPIN,4669.0625
2023-12-05,CPIN,4738.75
2023-12-06,CPIN,4692.29150390625
2023-12-07,CPIN,4627.25
2023-12-08,CPIN,4669.0625
2023-12-11,CPIN,4715.5205078125
2023-12-12,CPIN,4645.8330078125
2023-12-13,CPIN,4692.29150390625
2023-12-14,CPIN,4761.97900390625
2023-12-15,CPIN,4645.8330078125
2023-12-18,CPIN,4617.9580078125
2023-12-19,CPIN,4715.5205078125
2023-12-20,CPIN,4669.0625
2023-12-21,CPIN,4669.0625
2023-12-22,CPIN,4645.8330078125
2023-12-27,CPIN,4627.25
2023-12-28,CPIN,4669.0625
2023-12-29,CPIN,4669.0625
2024-01-02,CPIN,4669.0625
2024-01-03,CPIN,4617.9580078125
2024-01-04,CPIN,4608.6669921875
2024-01-05,CPIN,4599.375
2024-01-08,CPIN,4571.49951171875
2024-01-09,CPIN,4478.58349609375
2024-01-10,CPIN,4432.125
2024-01-11,CPIN,4329.916015625
2024-01-12,CPIN,4348.5
2024-01-15,CPIN,4394.9580078125
2024-01-16,CPIN,4394.9580078125
2024-01-17,CPIN,4394.9580078125
2024-01-18,CPIN,4348.5
2024-01-19,CPIN,4302.04150390625
2024-01-22,CPIN,4237.0
2024-01-23,CPIN,4227.70849609375
2024-01-24,CPIN,4274.16650390625
2024-01-25,CPIN,4264.87451171875
2024-01-26,CPIN,4181.24951171875
2024-01-29,CPIN,4227.70849609375
2024-01-30,CPIN,4209.12451171875
2024-01-31,CPIN,4162.66650390625
2024-02-01,CPIN,4125.5
2024-02-02,CPIN,4311.3330078125
2024-02-05,CPIN,4385.66650390625
2024-02-06,CPIN,4497.16650390625
2024-02-07,CPIN,4376.375
2024-02-12,CPIN,4413.54150390625
2024-02-13,CPIN,4422.8330078125
2024-02-15,CPIN,4552.91650390625
2024-02-16,CPIN,4459.99951171875
2024-02-19,CPIN,4413.54150390625
2024-02-20,CPIN,4459.99951171875
2024-02-21,CPIN,4385.66650390625
2024-02-22,CPIN,4459.99951171875
2024-02-23,CPIN,4404.25
2024-02-26,CPIN,4562.2080078125
2024-02-27,CPIN,4543.625
2024-02-28,CPIN,4543.625
2024-02-29,CPIN,4497.16650390625
2024-03-01,CPIN,4580.79150390625
2024-03-04,CPIN,4552.91650390625
2024-03-05,CPIN,4487.875
2024-03-06,CPIN,4543.625
2024-03-07,CPIN,4738.75
2024-03-08,CPIN,4808.4375
2024-03-13,CPIN,4785.20849609375
2024-03-14,CPIN,4878.12451171875
2024-03-15,CPIN,4854.8955078125
2024-03-18,CPIN,4785.20849609375
2024-03-19,CPIN,4947.81201171875
2024-03-20,CPIN,4924.5830078125
2024-03-21,CPIN,4901.35400390625
2024-03-22,CPIN,4924.5830078125
2024-03-25,CPIN,4924.5830078125
2024-03-26,CPIN,4854.8955078125
2024-03-27,CPIN,4808.4375
2024-03-28,CPIN,4878.12451171875
2024-04-01,CPIN,4831.66650390625
2024-04-02,CPIN,4971.041015625
2024-04-03,CPIN,4854.8955078125
2024-04-04,CPIN,4947.81201171875
2024-04-05,CPIN,4901.35400390625
2024-04-16,CPIN,4669.0625
2024-04-17,CPIN,4715.5205078125
2024-04-18,CPIN,4515.75
2024-04-19,CPIN,4599.375
2024-04-22,CPIN,4636.54150390625
2024-04-23,CPIN,4645.8330078125
2024-04-24,CPIN,4599.375
2024-04-25,CPIN,4669.0625
2024-04-26,CPIN,4478.58349609375
2024-04-29,CPIN,4645.8330078125
2024-04-30,CPIN,4599.375
2024-05-02,CPIN,4515.75
2024-05-03,CPIN,4645.8330078125
2024-05-06,CPIN,4924.5830078125
2024-05-07,CPIN,4924.5830078125
2024-05-08,CPIN,4924.5830078125
2024-05-13,CPIN,4808.4375
2024-05-14,CPIN,4901.35400390625
2024-05-15,CPIN,4994.2705078125
2024-05-16,CPIN,4994.2705078125
2024-05-17,CPIN,4901.35400390625
2024-05-20,CPIN,4854.8955078125
2024-05-21,CPIN,4808.4375
2024-05-22,CPIN,4854.8955078125
2024-05-27,CPIN,4831.66650390625
2024-05-28,CPIN,4878.12451171875
2024-05-29,CPIN,4831.66650390625
2024-05-30,CPIN,4831.66650390625
2024-05-31,CPIN,4831.66650390625
2024-06-03,CPIN,4859.703125
2024-06-04,CPIN,4859.703125
2024-06-05,CPIN,4883.0673828125
2024-06-06,CPIN,4883.0673828125
2024-06-07,CPIN,4883.0673828125
2024-06-10,CPIN,4859.703125
2024-06-11,CPIN,4766.24755859375
2024-06-12,CPIN,4836.33935546875
2024-06-13,CPIN,4766.24755859375
2024-06-14,CPIN,4579.3359375
2024-06-19,CPIN,4504.5712890625
2024-06-20,CPIN,4467.1884765625
2024-06-21,CPIN,4467.1884765625
2024-06-24,CPIN,4766.24755859375
2024-06-25,CPIN,4696.15576171875
2024-06-26,CPIN,4742.88330078125
2024-06-27,CPIN,4696.15576171875
2024-06-28,CPIN,4742.88330078125
2024-07-01,CPIN,4766.24755859375
2024-07-02,CPIN,4742.88330078125
2024-07-03,CPIN,4812.9755859375
2024-07-04,CPIN,4906.43115234375
2024-07-05,CPIN,4929.79541015625
2024-07-08,CPIN,4929.79541015625
2024-07-09,CPIN,4953.1591796875
2024-07-10,CPIN,5069.97900390625
2024-07-11,CPIN,5163.43505859375
2024-07-12,CPIN,5186.798828125
2024-07-15,CPIN,5140.07080078125
2024-07-16,CPIN,5069.97900390625
2024-07-17,CPIN,5116.70654296875
2024-07-18,CPIN,5186.798828125
2024-07-19,CPIN,5116.70654296875
2024-07-22,CPIN,5116.70654296875
2024-07-23,CPIN,5046.615234375
2024-07-24,CPIN,5046.615234375
2024-07-25,CPIN,5069.97900390625
2024-07-26,CPIN,4953.1591796875
2024-07-29,CPIN,4836.33935546875
2024-07-30,CPIN,4859.703125
2024-07-31,CPIN,4883.0673828125
2024-08-01,CPIN,4906.43115234375
2024-08-02,CPIN,4906.43115234375
2024-08-05,CPIN,4812.9755859375
2024-08-06,CPIN,4766.24755859375
2024-08-07,CPIN,4953.1591796875
2024-08-08,CPIN,4906.43115234375
2024-08-09,CPIN,4836.33935546875
2024-08-12,CPIN,4812.9755859375
2024-08-13,CPIN,4812.9755859375
2024-08-14,CPIN,4836.33935546875
2024-08-15,CPIN,4859.703125
2024-08-16,CPIN,4812.9755859375
2024-08-19,CPIN,4672.79150390625
2024-08-20,CPIN,4766.24755859375
2024-08-21,CPIN,4719.51953125
2024-08-22,CPIN,4742.88330078125
2024-08-23,CPIN,4696.15576171875
2024-08-26,CPIN,4672.79150390625
2024-08-27,CPIN,4742.88330078125
2024-08-28,CPIN,4672.79150390625
2024-08-29,CPIN,4626.06396484375
2024-08-30,CPIN,4541.95361328125
2024-09-02,CPIN,4532.60791015625
2024-09-03,CPIN,4532.60791015625
2024-09-04,CPIN,4513.9169921875
2024-09-05,CPIN,4532.60791015625
2024-09-06,CPIN,4476.5341796875
2024-09-09,CPIN,4485.8798828125
2024-09-10,CPIN,4513.9169921875
2024-09-11,CPIN,4448.49755859375
2024-09-12,CPIN,4532.60791015625
2024-09-13,CPIN,4485.8798828125
2024-09-17,CPIN,4635.40966796875
2024-09-18,CPIN,4616.7177734375
2024-09-19,CPIN,4719.51953125
2024-09-20,CPIN,4672.79150390625
2024-09-23,CPIN,4635.40966796875
2024-09-24,CPIN,4598.02685546875
2024-09-25,CPIN,4598.02685546875
2024-09-26,CPIN,4560.64453125
2024-09-27,CPIN,4485.8798828125
2024-09-30,CPIN,4392.42431640625
2024-10-01,CPIN,4411.115234375
2024-10-02,CPIN,4420.4609375
2024-10-03,CPIN,4429.806640625
2024-10-04,CPIN,4448.49755859375
2024-10-07,CPIN,4523.26220703125
2024-10-08,CPIN,4532.60791015625
2024-10-09,CPIN,4532.60791015625
2024-10-10,CPIN,4569.990234375
2024-10-11,CPIN,4541.95361328125
2024-10-14,CPIN,4626.06396484375
2024-10-15,CPIN,4644.7548828125
2024-10-16,CPIN,4719.51953125
2024-10-17,CPIN,4672.79150390625
2024-10-18,CPIN,4766.24755859375
2024-10-21,CPIN,4719.51953125
2024-10-22,CPIN,4663.4462890625
2024-10-23,CPIN,4742.88330078125
2024-10-24,CPIN,4812.9755859375
2024-10-25,CPIN,4812.9755859375
2024-10-28,CPIN,4789.611328125
2024-10-29,CPIN,4929.79541015625
2024-10-30,CPIN,4789.611328125
2024-10-31,CPIN,4906.43115234375
2024-11-01,CPIN,4569.990234375
2024-11-04,CPIN,4654.1005859375
2024-11-05,CPIN,4579.3359375
2024-11-06,CPIN,4742.88330078125
2024-11-07,CPIN,4569.990234375
2024-11-08,CPIN,4541.95361328125
2024-11-11,CPIN,4448.49755859375
2024-11-12,CPIN,4485.8798828125
2024-11-13,CPIN,4551.298828125
2024-11-14,CPIN,4560.64453125
2024-11-15,CPIN,4476.5341796875
2024-11-18,CPIN,4448.49755859375
2024-11-19,CPIN,4439.15185546875
2024-11-20,CPIN,4401.77001953125
2024-11-21,CPIN,4355.04150390625
2024-11-22,CPIN,4392.42431640625
2024-11-25,CPIN,4373.7333984375
2024-11-26,CPIN,4364.38720703125
2024-11-28,CPIN,4439.15185546875
2024-11-29,CPIN,4364.38720703125
2024-12-02,CPIN,4411.115234375
2024-12-03,CPIN,4429.806640625
2024-12-04,CPIN,4654.1005859375
2024-12-05,CPIN,4607.37255859375
2024-12-06,CPIN,4588.68115234375
2024-12-09,CPIN,4588.68115234375
2024-12-10,CPIN,4607.37255859375
2024-12-11,CPIN,4663.4462890625
2024-12-12,CPIN,4626.06396484375
2024-12-13,CPIN,4626.06396484375
2024-12-16,CPIN,4560.64453125
2024-12-17,CPIN,4523.26220703125
2024-12-18,CPIN,4439.15185546875
2024-12-19,CPIN,4298.96826171875
2024-12-20,CPIN,4355.04150390625
2024-12-23,CPIN,4532.60791015625
2024-12-24,CPIN,4420.4609375
2024-12-27,CPIN,4448.49755859375
2024-12-30,CPIN,4448.49755859375
2025-01-02,CPIN,4495.2255859375
2025-01-03,CPIN,4476.5341796875
2025-01-06,CPIN,4504.5712890625
2025-01-07,CPIN,4504.5712890625
2025-01-08,CPIN,4513.9169921875
2025-01-09,CPIN,4485.8798828125
2025-01-10,CPIN,4411.115234375
2025-01-13,CPIN,4261.5859375
2025-01-14,CPIN,4205.51220703125
2025-01-15,CPIN,4298.96826171875
2025-01-16,CPIN,4233.548828125
2025-01-17,CPIN,4355.04150390625
2025-01-20,CPIN,4327.0048828125
2025-01-21,CPIN,4308.31396484375
2025-01-22,CPIN,4485.8798828125
2025-01-23,CPIN,4401.77001953125
2025-01-24,CPIN,4439.15185546875
2025-01-30,CPIN,4317.6591796875
2025-01-31,CPIN,4364.38720703125
2025-02-03,CPIN,4373.7333984375
2025-02-04,CPIN,4373.7333984375
2025-02-05,CPIN,4373.7333984375
2025-02-06,CPIN,4298.96826171875
2025-02-07,CPIN,4298.96826171875
2025-02-10,CPIN,4308.31396484375
2025-02-11,CPIN,4242.89501953125
2025-02-12,CPIN,4298.96826171875
2025-02-13,CPIN,4233.548828125
2025-02-14,CPIN,4270.931640625
2025-02-17,CPIN,4289.62255859375
2025-02-18,CPIN,4345.6962890625
2025-02-19,CPIN,4336.3505859375
2025-02-20,CPIN,4308.31396484375
2025-02-21,CPIN,4355.04150390625
2025-02-24,CPIN,4345.6962890625
2025-02-25,CPIN,4196.1669921875
2025-02-26,CPIN,4214.85791015625
2025-02-27,CPIN,4140.09375
2025-02-28,CPIN,3915.79931640625
2025-03-03,CPIN,4130.748046875
2025-03-04,CPIN,3981.218505859375
2025-03-05,CPIN,4476.5341796875
2025-03-06,CPIN,4102.7109375
2025-03-07,CPIN,4027.9462890625
2025-03-10,CPIN,4224.20361328125
2025-03-11,CPIN,4027.9462890625
2025-03-12,CPIN,4074.67431640625
2025-03-13,CPIN,4093.365478515625
2025-03-14,CPIN,3962.527587890625
2025-03-17,CPIN,4037.2919921875
2025-03-18,CPIN,4055.98291015625
2025-03-19,CPIN,4205.51220703125
2025-03-20,CPIN,4205.51220703125
2025-03-21,CPIN,4186.8212890625
2025-03-24,CPIN,4112.056640625
2025-03-25,CPIN,4112.056640625
2025-03-26,CPIN,4186.8212890625
2025-03-27,CPIN,4102.7109375
2025-04-08,CPIN,3719.542236328125
2025-04-09,CPIN,3784.961181640625
2025-04-10,CPIN,3906.453857421875
2025-04-11,CPIN,3850.38037109375
2025-04-14,CPIN,4037.2919921875
2025-04-15,CPIN,3971.872802734375
2025-04-16,CPIN,3981.218505859375
2025-04-17,CPIN,3962.527587890625
2025-04-21,CPIN,3887.762451171875
2025-04-22,CPIN,3784.961181640625
2025-04-23,CPIN,3915.79931640625
2025-04-24,CPIN,3999.909423828125
2025-04-25,CPIN,4130.748046875
2025-04-28,CPIN,4168.13037109375
2025-04-29,CPIN,4149.43896484375
2025-04-30,CPIN,4420.4609375
2025-05-02,CPIN,4429.806640625
2025-05-05,CPIN,4345.6962890625
2025-05-06,CPIN,4485.8798828125
2025-05-07,CPIN,4532.60791015625
2025-05-08,CPIN,4532.60791015625
2025-05-09,CPIN,4485.8798828125
2025-05-14,CPIN,4616.7177734375
2025-05-15,CPIN,4588.68115234375
2025-05-16,CPIN,4607.37255859375
2025-05-19,CPIN,4541.95361328125
2025-05-20,CPIN,4504.5712890625
2025-05-21,CPIN,4569.990234375
2025-05-22,CPIN,4560.64453125
2025-05-23,CPIN,4560.64453125
2025-05-26,CPIN,4513.9169921875
2025-05-27,CPIN,4523.26220703125
2025-05-28,CPIN,4523.26220703125
2025-06-02,CPIN,4569.990234375
2025-06-03,CPIN,4577.6357421875
2025-06-04,CPIN,4720.9853515625
2025-06-05,CPIN,4644.5322265625
2025-06-10,CPIN,4615.8623046875
2025-06-11,CPIN,4701.8720703125
2025-06-12,CPIN,4749.6552734375
2025-06-13,CPIN,4682.7587890625
2025-06-16,CPIN,4587.1923828125
2025-06-17,CPIN,4644.5322265625
2025-06-18,CPIN,4577.6357421875
2025-06-19,CPIN,4501.1826171875
2025-06-20,CPIN,4443.84228515625
2025-06-23,CPIN,4214.48291015625
2025-06-24,CPIN,4386.50244140625
2025-06-25,CPIN,4405.61572265625
2025-06-26,CPIN,4443.84228515625
2025-06-30,CPIN,4491.6259765625
2025-07-01,CPIN,4453.39892578125
2025-07-02,CPIN,4443.84228515625
2025-07-03,CPIN,4548.9658203125
2025-07-04,CPIN,4376.94580078125
2025-07-07,CPIN,4529.8525390625
2025-07-08,CPIN,4501.1826171875
2025-07-09,CPIN,4644.5322265625
2025-07-10,CPIN,4644.5322265625
2025-07-11,CPIN,4720.9853515625
2025-07-14,CPIN,4615.8623046875
2025-07-15,CPIN,4606.3056640625
2025-07-16,CPIN,4558.5224609375
2025-07-17,CPIN,4802.216796875
2025-07-18,CPIN,4730.5419921875
2025-07-21,CPIN,4730.5419921875
2025-07-22,CPIN,4720.9853515625
2025-07-23,CPIN,4802.216796875
2025-07-24,CPIN,4730.5419921875
2025-07-25,CPIN,4768.7685546875
2025-07-28,CPIN,4749.6552734375
2025-07-29,CPIN,4692.3154296875
2025-07-30,CPIN,4673.2021484375
2025-07-31,CPIN,4711.4287109375
2025-08-01,CPIN,4558.5224609375
2025-08-04,CPIN,4587.1923828125
2025-08-05,CPIN,4491.6259765625
2025-08-06,CPIN,4415.17236328125
2025-08-07,CPIN,4329.16259765625
2025-08-08,CPIN,4300.49267578125
2025-08-11,CPIN,4262.26611328125
2025-08-12,CPIN,4262.26611328125
2025-08-13,CPIN,4281.37939453125
2025-08-14,CPIN,4252.70947265625
2025-08-15,CPIN,4243.15283203125
2025-08-19,CPIN,4319.60595703125
2025-08-20,CPIN,4310.04931640625
2025-08-21,CPIN,4329.16259765625
2025-08-22,CPIN,4319.60595703125
2025-08-25,CPIN,4281.37939453125
2025-08-26,CPIN,4233.59619140625
2025-08-27,CPIN,4185.81298828125
2025-08-28,CPIN,4185.81298828125
2025-08-29,CPIN,4080.689697265625
2025-09-01,CPIN,4109.35986328125
2025-09-02,CPIN,4138.02978515625
2025-09-03,CPIN,4233.59619140625
2025-09-04,CPIN,4319.60595703125
2025-09-08,CPIN,4329.16259765625
2025-09-09,CPIN,4281.37939453125
2025-09-10,CPIN,4290.93603515625
2025-09-11,CPIN,4472.51220703125
2025-09-12,CPIN,4491.6259765625
2025-09-15,CPIN,4539.4091796875
2025-09-16,CPIN,4596.7490234375
2025-09-17,CPIN,4644.5322265625
2025-09-18,CPIN,4720.9853515625
2025-09-19,CPIN,4850.0
2025-09-22,CPIN,4539.4091796875
2025-09-23,CPIN,4577.6357421875
2025-09-24,CPIN,4472.51220703125
2025-09-25,CPIN,4606.3056640625
2025-09-26,CPIN,4625.4189453125
2025-09-29,CPIN,4587.1923828125
2025-09-30,CPIN,4453.39892578125
2025-10-01,CPIN,4472.51220703125
2025-10-02,CPIN,4472.51220703125
2025-10-03,CPIN,4625.4189453125
2025-10-06,CPIN,4548.9658203125
2025-10-07,CPIN,4539.4091796875
2025-10-08,CPIN,4520.2958984375
2025-10-09,CPIN,4644.5322265625
2025-10-10,CPIN,4520.2958984375
2025-10-13,CPIN,4491.6259765625
2025-10-14,CPIN,4453.39892578125
2025-10-15,CPIN,4434.28564453125
2025-10-16,CPIN,4644.5322265625
2025-10-17,CPIN,4749.6552734375
2025-10-20,CPIN,4720.9853515625
2025-10-21,CPIN,4673.2021484375
2025-10-22,CPIN,4945.56640625
2025-10-23,CPIN,4993.35009765625
2025-10-24,CPIN,4921.6748046875
2025-10-27,CPIN,4897.783203125
2025-10-28,CPIN,4850.0
2025-10-29,CPIN,4826.1083984375
2025-10-30,CPIN,4577.6357421875
2025-10-31,CPIN,4462.95556640625
2025-11-03,CPIN,4558.5224609375
2025-11-04,CPIN,4520.2958984375
2025-11-05,CPIN,4596.7490234375
2025-11-06,CPIN,4548.9658203125
2025-11-07,CPIN,4415.17236328125
2025-11-10,CPIN,4462.95556640625
2025-11-11,CPIN,4491.6259765625
2025-11-12,CPIN,4529.8525390625
2025-11-13,CPIN,4548.9658203125
2025-11-14,CPIN,4596.7490234375
2025-11-17,CPIN,4405.61572265625
2025-11-18,CPIN,4491.6259765625
2025-11-19,CPIN,4539.4091796875
2025-11-20,CPIN,4520.2958984375
2025-11-21,CPIN,4529.8525390625
2025-11-24,CPIN,4520.2958984375
2025-11-25,CPIN,4501.1826171875
2025-11-26,CPIN,4548.9658203125
2025-11-27,CPIN,4462.95556640625
2025-11-28,CPIN,4424.72900390625
2025-12-01,CPIN,4501.1826171875
2025-12-02,CPIN,4539.4091796875
2025-12-03,CPIN,4568.0791015625
2025-12-04,CPIN,4558.5224609375
2025-12-05,CPIN,4558.5224609375
2025-12-08,CPIN,4587.1923828125
2025-12-09,CPIN,4462.95556640625
2025-12-10,CPIN,4405.61572265625
2025-12-11,CPIN,4271.82275390625
2025-12-12,CPIN,4300.49267578125
2025-12-15,CPIN,4386.50244140625
2025-12-16,CPIN,4357.83251953125
2025-12-17,CPIN,4329.16259765625
2025-12-18,CPIN,4376.94580078125
2025-12-19,CPIN,4434.28564453125
2025-12-22,CPIN,4348.27587890625
2025-12-23,CPIN,4329.16259765625
2025-12-24,CPIN,4386.50244140625
2025-12-29,CPIN,4338.71923828125
2025-12-30,CPIN,4310.04931640625
2026-01-02,CPIN,4338.71923828125
2026-01-05,CPIN,4367.38916015625
2026-01-06,CPIN,4376.94580078125
2026-01-07,CPIN,4348.27587890625
2026-01-08,CPIN,4300.49267578125
2026-01-09,CPIN,4290.93603515625
2026-01-12,CPIN,4281.37939453125
2026-01-13,CPIN,4319.60595703125
2026-01-14,CPIN,4348.27587890625
2026-01-15,CPIN,4367.38916015625
2026-01-19,CPIN,4233.59619140625
2026-01-20,CPIN,4224.03955078125
2026-01-21,CPIN,4252.70947265625
2026-01-22,CPIN,4300.49267578125
2026-01-23,CPIN,4166.69970703125
2026-01-26,CPIN,4195.36962890625
2022-12-30,EMTK,943.7261352539062
2023-01-02,EMTK,934.5637817382812
2023-01-03,EMTK,943.7261352539062
2023-01-04,EMTK,929.9825439453125
2023-01-05,EMTK,897.9142456054688
2023-01-06,EMTK,897.9142456054688
2023-01-09,EMTK,911.6578369140625
2023-01-10,EMTK,907.0765991210938
2023-01-11,EMTK,902.4954223632812
2023-01-12,EMTK,934.5637817382812
2023-01-13,EMTK,925.4013671875
2023-01-16,EMTK,916.239013671875
2023-01-17,EMTK,925.4013671875
2023-01-18,EMTK,920.8201904296875
2023-01-19,EMTK,925.4013671875
2023-01-20,EMTK,939.14501953125
2023-01-24,EMTK,975.7946166992188
2023-01-25,EMTK,989.5380249023438
2023-01-26,EMTK,1026.1876220703125
2023-01-27,EMTK,998.7005615234375
2023-01-30,EMTK,971.2131958007812
2023-01-31,EMTK,989.5380249023438
2023-02-01,EMTK,998.7005615234375
2023-02-02,EMTK,1007.8629150390625
2023-02-03,EMTK,1076.5809326171875
2023-02-06,EMTK,1067.41845703125
2023-02-07,EMTK,1058.256103515625
2023-02-08,EMTK,1071.9996337890625
2023-02-09,EMTK,998.7005615234375
2023-02-10,EMTK,989.5380249023438
2023-02-13,EMTK,1003.2815551757812
2023-02-14,EMTK,984.95703125
2023-02-15,EMTK,980.375732421875
2023-02-16,EMTK,994.119384765625
2023-02-17,EMTK,984.95703125
2023-02-20,EMTK,966.6322021484375
2023-02-21,EMTK,952.888671875
2023-02-22,EMTK,925.4013671875
2023-02-23,EMTK,907.0765991210938
2023-02-24,EMTK,902.4954223632812
2023-02-27,EMTK,888.7518310546875
2023-02-28,EMTK,870.427001953125
2023-03-01,EMTK,875.00830078125
2023-03-02,EMTK,870.427001953125
2023-03-03,EMTK,870.427001953125
2023-03-06,EMTK,847.5211181640625
2023-03-07,EMTK,792.5467529296875
2023-03-08,EMTK,774.221923828125
2023-03-09,EMTK,797.1278686523438
2023-03-10,EMTK,797.1278686523438
2023-03-13,EMTK,801.7091064453125
2023-03-14,EMTK,751.3159790039062
2023-03-15,EMTK,714.6663818359375
2023-03-16,EMTK,691.7604370117188
2023-03-17,EMTK,691.7604370117188
2023-03-20,EMTK,668.8545532226562
2023-03-21,EMTK,678.016845703125
2023-03-24,EMTK,691.7604370117188
2023-03-27,EMTK,678.016845703125
2023-03-28,EMTK,732.9912109375
2023-03-29,EMTK,742.153564453125
2023-03-30,EMTK,714.6663818359375
2023-03-31,EMTK,723.828857421875
2023-04-03,EMTK,728.4099731445312
2023-04-04,EMTK,755.8971557617188
2023-04-05,EMTK,769.6406860351562
2023-04-06,EMTK,751.3159790039062
2023-04-10,EMTK,700.9227905273438
2023-04-11,EMTK,710.0852661132812
2023-04-12,EMTK,700.9227905273438
2023-04-13,EMTK,732.9912109375
2023-04-14,EMTK,723.828857421875
2023-04-17,EMTK,714.6663818359375
2023-04-18,EMTK,700.9227905273438
2023-04-26,EMTK,678.016845703125
2023-04-27,EMTK,659.6920776367188
2023-04-28,EMTK,645.9484252929688
2023-05-02,EMTK,632.2048950195312
2023-05-03,EMTK,623.0425415039062
2023-05-04,EMTK,636.7860717773438
2023-05-05,EMTK,636.7860717773438
2023-05-08,EMTK,641.3673095703125
2023-05-09,EMTK,664.2732543945312
2023-05-10,EMTK,664.2732543945312
2023-05-11,EMTK,655.11083984375
2023-05-12,EMTK,641.3673095703125
2023-05-15,EMTK,641.3673095703125
2023-05-16,EMTK,600.1365356445312
2023-05-17,EMTK,586.3930053710938
2023-05-19,EMTK,618.4613037109375
2023-05-22,EMTK,632.2048950195312
2023-05-23,EMTK,604.7177124023438
2023-05-24,EMTK,586.3930053710938
2023-05-25,EMTK,568.068115234375
2023-05-26,EMTK,545.1622314453125
2023-05-29,EMTK,535.9998168945312
2023-05-30,EMTK,558.90576171875
2023-05-31,EMTK,545.1622314453125
2023-06-05,EMTK,558.90576171875
2023-06-06,EMTK,563.4869995117188
2023-06-07,EMTK,568.068115234375
2023-06-08,EMTK,563.4869995117188
2023-06-09,EMTK,572.6494140625
2023-06-12,EMTK,595.5553588867188
2023-06-13,EMTK,632.2048950195312
2023-06-14,EMTK,632.2048950195312
2023-06-15,EMTK,627.6237182617188
2023-06-16,EMTK,705.5040893554688
2023-06-19,EMTK,687.17919921875
2023-06-20,EMTK,668.8545532226562
2023-06-21,EMTK,700.9227905273438
2023-06-22,EMTK,664.2732543945312
2023-06-23,EMTK,659.6602783203125
2023-06-26,EMTK,650.4342651367188
2023-06-27,EMTK,655.0472412109375
2023-07-03,EMTK,668.8862915039062
2023-07-04,EMTK,687.3382568359375
2023-07-05,EMTK,691.9512939453125
2023-07-06,EMTK,687.3382568359375
2023-07-07,EMTK,678.1122436523438
2023-07-10,EMTK,664.2732543945312
2023-07-11,EMTK,701.1773681640625
2023-07-12,EMTK,687.3382568359375
2023-07-13,EMTK,696.5642700195312
2023-07-14,EMTK,710.4034423828125
2023-07-17,EMTK,719.62939453125
2023-07-18,EMTK,701.1773681640625
2023-07-20,EMTK,687.3382568359375
2023-07-21,EMTK,668.8862915039062
2023-07-24,EMTK,655.0472412109375
2023-07-25,EMTK,655.0472412109375
2023-07-26,EMTK,659.6602783203125
2023-07-27,EMTK,655.0472412109375
2023-07-28,EMTK,613.5301513671875
2023-07-31,EMTK,599.6912231445312
2023-08-01,EMTK,576.6260986328125
2023-08-02,EMTK,576.6260986328125
2023-08-03,EMTK,585.8521118164062
2023-08-04,EMTK,567.4000854492188
2023-08-07,EMTK,576.6260986328125
2023-08-08,EMTK,572.0130615234375
2023-08-09,EMTK,576.6260986328125
2023-08-10,EMTK,585.8521118164062
2023-08-11,EMTK,581.2390747070312
2023-08-14,EMTK,572.0130615234375
2023-08-15,EMTK,567.4000854492188
2023-08-16,EMTK,567.4000854492188
2023-08-18,EMTK,567.4000854492188
2023-08-21,EMTK,567.4000854492188
2023-08-22,EMTK,562.7870483398438
2023-08-23,EMTK,562.7870483398438
2023-08-24,EMTK,544.3350830078125
2023-08-25,EMTK,544.3350830078125
2023-08-28,EMTK,548.9480590820312
2023-08-29,EMTK,539.7220458984375
2023-08-30,EMTK,535.1090087890625
2023-08-31,EMTK,525.8829956054688
2023-09-01,EMTK,544.3350830078125
2023-09-04,EMTK,553.5610961914062
2023-09-05,EMTK,548.9480590820312
2023-09-06,EMTK,530.4959716796875
2023-09-07,EMTK,539.7220458984375
2023-09-08,EMTK,530.4959716796875
2023-09-11,EMTK,553.5610961914062
2023-09-12,EMTK,539.7220458984375
2023-09-13,EMTK,525.8829956054688
2023-09-14,EMTK,530.4959716796875
2023-09-15,EMTK,502.8179931640625
2023-09-18,EMTK,493.59197998046875
2023-09-19,EMTK,498.2049560546875
2023-09-20,EMTK,516.656982421875
2023-09-21,EMTK,502.8179931640625
2023-09-22,EMTK,507.43096923828125
2023-09-25,EMTK,502.8179931640625
2023-09-26,EMTK,530.4959716796875
2023-09-27,EMTK,535.1090087890625
2023-09-29,EMTK,539.7220458984375
2023-10-02,EMTK,558.1741333007812
2023-10-03,EMTK,548.9480590820312
2023-10-04,EMTK,539.7220458984375
2023-10-05,EMTK,535.1090087890625
2023-10-06,EMTK,595.078125
2023-10-09,EMTK,585.8521118164062
2023-10-10,EMTK,590.465087890625
2023-10-11,EMTK,562.7870483398438
2023-10-12,EMTK,595.078125
2023-10-13,EMTK,567.4000854492188
2023-10-16,EMTK,562.7870483398438
2023-10-17,EMTK,558.1741333007812
2023-10-18,EMTK,553.5610961914062
2023-10-19,EMTK,535.1090087890625
2023-10-20,EMTK,530.4959716796875
2023-10-23,EMTK,516.656982421875
2023-10-24,EMTK,507.43096923828125
2023-10-25,EMTK,507.43096923828125
2023-10-26,EMTK,498.2049560546875
2023-10-27,EMTK,498.2049560546875
2023-10-30,EMTK,465.9139099121094
2023-10-31,EMTK,461.3008728027344
2023-11-01,EMTK,455.7652587890625
2023-11-02,EMTK,470.52691650390625
2023-11-03,EMTK,493.59197998046875
2023-11-06,EMTK,498.2049560546875
2023-11-07,EMTK,493.59197998046875
2023-11-08,EMTK,498.2049560546875
2023-11-09,EMTK,512.0440063476562
2023-11-10,EMTK,516.656982421875
2023-11-13,EMTK,512.0440063476562
2023-11-14,EMTK,498.2049560546875
2023-11-15,EMTK,535.1090087890625
2023-11-16,EMTK,535.1090087890625
2023-11-17,EMTK,530.4959716796875
2023-11-20,EMTK,535.1090087890625
2023-11-21,EMTK,535.1090087890625
2023-11-22,EMTK,544.3350830078125
2023-11-23,EMTK,576.6260986328125
2023-11-24,EMTK,581.2390747070312
2023-11-27,EMTK,581.2390747070312
2023-11-28,EMTK,585.8521118164062
2023-11-29,EMTK,567.4000854492188
2023-11-30,EMTK,595.078125
2023-12-01,EMTK,604.3041381835938
2023-12-04,EMTK,595.078125
2023-12-05,EMTK,581.2390747070312
2023-12-06,EMTK,558.1741333007812
2023-12-07,EMTK,558.1741333007812
2023-12-08,EMTK,535.1090087890625
2023-12-11,EMTK,507.43096923828125
2023-12-12,EMTK,498.2049560546875
2023-12-13,EMTK,512.0440063476562
2023-12-14,EMTK,530.4959716796875
2023-12-15,EMTK,525.8829956054688
2023-12-18,EMTK,525.8829956054688
2023-12-19,EMTK,521.27001953125
2023-12-20,EMTK,521.27001953125
2023-12-21,EMTK,512.0440063476562
2023-12-22,EMTK,502.8179931640625
2023-12-27,EMTK,516.656982421875
2023-12-28,EMTK,521.27001953125
2023-12-29,EMTK,544.3350830078125
2024-01-02,EMTK,539.7220458984375
2024-01-03,EMTK,530.4959716796875
2024-01-04,EMTK,521.27001953125
2024-01-05,EMTK,521.27001953125
2024-01-08,EMTK,512.0440063476562
2024-01-09,EMTK,512.0440063476562
2024-01-10,EMTK,530.4959716796875
2024-01-11,EMTK,516.656982421875
2024-01-12,EMTK,512.0440063476562
2024-01-15,EMTK,502.8179931640625
2024-01-16,EMTK,507.43096923828125
2024-01-17,EMTK,507.43096923828125
2024-01-18,EMTK,512.0440063476562
2024-01-19,EMTK,493.59197998046875
2024-01-22,EMTK,493.59197998046875
2024-01-23,EMTK,493.59197998046875
2024-01-24,EMTK,484.36590576171875
2024-01-25,EMTK,479.7529296875
2024-01-26,EMTK,457.6105041503906
2024-01-29,EMTK,433.6228332519531
2024-01-30,EMTK,431.7776184082031
2024-01-31,EMTK,428.0872497558594
2024-02-01,EMTK,455.7652587890625
2024-02-02,EMTK,446.5392761230469
2024-02-05,EMTK,426.24200439453125
2024-02-06,EMTK,437.313232421875
2024-02-07,EMTK,435.468017578125
2024-02-12,EMTK,437.313232421875
2024-02-13,EMTK,428.0872497558594
2024-02-15,EMTK,433.6228332519531
2024-02-16,EMTK,420.7063903808594
2024-02-19,EMTK,420.7063903808594
2024-02-20,EMTK,429.93243408203125
2024-02-21,EMTK,431.7776184082031
2024-02-22,EMTK,426.24200439453125
2024-02-23,EMTK,435.468017578125
2024-02-26,EMTK,426.24200439453125
2024-02-27,EMTK,429.93243408203125
2024-02-28,EMTK,422.5516357421875
2024-02-29,EMTK,433.6228332519531
2024-03-01,EMTK,437.313232421875
2024-03-04,EMTK,426.24200439453125
2024-03-05,EMTK,420.7063903808594
2024-03-06,EMTK,433.6228332519531
2024-03-07,EMTK,424.3968200683594
2024-03-08,EMTK,428.0872497558594
2024-03-13,EMTK,420.7063903808594
2024-03-14,EMTK,417.0160217285156
2024-03-15,EMTK,381.9571228027344
2024-03-18,EMTK,413.3255615234375
2024-03-19,EMTK,402.2543640136719
2024-03-20,EMTK,400.4091796875
2024-03-21,EMTK,398.56396484375
2024-03-22,EMTK,409.63519287109375
2024-03-25,EMTK,405.94476318359375
2024-03-26,EMTK,405.94476318359375
2024-03-27,EMTK,398.56396484375
2024-03-28,EMTK,402.2543640136719
2024-04-01,EMTK,404.0995788574219
2024-04-02,EMTK,402.2543640136719
2024-04-03,EMTK,391.1831970214844
2024-04-04,EMTK,394.8735656738281
2024-04-05,EMTK,396.7187805175781
2024-04-16,EMTK,380.1119384765625
2024-04-17,EMTK,367.1955261230469
2024-04-18,EMTK,359.814697265625
2024-04-19,EMTK,341.3626403808594
2024-04-22,EMTK,343.2078857421875
2024-04-23,EMTK,343.2078857421875
2024-04-24,EMTK,341.3626403808594
2024-04-25,EMTK,337.6722717285156
2024-04-26,EMTK,322.9106140136719
2024-04-29,EMTK,345.0530700683594
2024-04-30,EMTK,356.124267578125
2024-05-02,EMTK,348.74346923828125
2024-05-03,EMTK,346.89825439453125
2024-05-06,EMTK,369.04071044921875
2024-05-07,EMTK,405.94476318359375
2024-05-08,EMTK,383.8023376464844
2024-05-13,EMTK,396.7187805175781
2024-05-14,EMTK,393.0283508300781
2024-05-15,EMTK,383.8023376464844
2024-05-16,EMTK,394.8735656738281
2024-05-17,EMTK,407.78997802734375
2024-05-20,EMTK,415.1708068847656
2024-05-21,EMTK,407.78997802734375
2024-05-22,EMTK,407.78997802734375
2024-05-27,EMTK,417.0160217285156
2024-05-28,EMTK,405.94476318359375
2024-05-29,EMTK,396.7187805175781
2024-05-30,EMTK,389.3379211425781
2024-05-31,EMTK,391.1831970214844
2024-06-03,EMTK,389.3379211425781
2024-06-04,EMTK,389.3379211425781
2024-06-05,EMTK,363.5050964355469
2024-06-06,EMTK,372.7311096191406
2024-06-07,EMTK,359.814697265625
2024-06-10,EMTK,352.4338684082031
2024-06-11,EMTK,346.89825439453125
2024-06-12,EMTK,341.3626403808594
2024-06-13,EMTK,350.58868408203125
2024-06-14,EMTK,337.6722717285156
2024-06-19,EMTK,324.7558288574219
2024-06-20,EMTK,345.0530700683594
2024-06-21,EMTK,350.58868408203125
2024-06-24,EMTK,357.969482421875
2024-06-25,EMTK,363.562744140625
2024-06-26,EMTK,359.83392333984375
2024-06-27,EMTK,363.562744140625
2024-06-28,EMTK,361.6983337402344
2024-07-01,EMTK,365.4272155761719
2024-07-02,EMTK,361.6983337402344
2024-07-03,EMTK,369.1560363769531
2024-07-04,EMTK,391.52911376953125
2024-07-05,EMTK,387.8002624511719
2024-07-08,EMTK,415.76666259765625
2024-07-09,EMTK,410.1733703613281
2024-07-10,EMTK,400.85125732421875
2024-07-11,EMTK,415.76666259765625
2024-07-12,EMTK,404.5801086425781
2024-07-15,EMTK,412.03778076171875
2024-07-16,EMTK,410.1733703613281
2024-07-17,EMTK,415.76666259765625
2024-07-18,EMTK,400.85125732421875
2024-07-19,EMTK,393.3935546875
2024-07-22,EMTK,395.2579650878906
2024-07-23,EMTK,408.3089599609375
2024-07-24,EMTK,402.7156677246094
2024-07-25,EMTK,402.7156677246094
2024-07-26,EMTK,397.1224060058594
2024-07-29,EMTK,398.98681640625
2024-07-30,EMTK,393.3935546875
2024-07-31,EMTK,380.3425598144531
2024-08-01,EMTK,374.7492980957031
2024-08-02,EMTK,374.7492980957031
2024-08-05,EMTK,352.376220703125
2024-08-06,EMTK,361.6983337402344
2024-08-07,EMTK,367.2915954589844
2024-08-08,EMTK,361.6983337402344
2024-08-09,EMTK,363.562744140625
2024-08-12,EMTK,363.562744140625
2024-08-13,EMTK,365.4272155761719
2024-08-14,EMTK,372.8848876953125
2024-08-15,EMTK,369.1560363769531
2024-08-16,EMTK,372.8848876953125
2024-08-19,EMTK,372.8848876953125
2024-08-20,EMTK,387.8002624511719
2024-08-21,EMTK,382.2070007324219
2024-08-22,EMTK,369.1560363769531
2024-08-23,EMTK,372.8848876953125
2024-08-26,EMTK,374.7492980957031
2024-08-27,EMTK,374.7492980957031
2024-08-28,EMTK,372.8848876953125
2024-08-29,EMTK,365.4272155761719
2024-08-30,EMTK,374.7492980957031
2024-09-02,EMTK,391.52911376953125
2024-09-03,EMTK,382.2070007324219
2024-09-04,EMTK,374.7492980957031
2024-09-05,EMTK,376.61376953125
2024-09-06,EMTK,374.7492980957031
2024-09-09,EMTK,367.2915954589844
2024-09-10,EMTK,367.2915954589844
2024-09-11,EMTK,371.0204772949219
2024-09-12,EMTK,376.61376953125
2024-09-13,EMTK,382.2070007324219
2024-09-17,EMTK,378.4781494140625
2024-09-18,EMTK,387.8002624511719
2024-09-19,EMTK,382.2070007324219
2024-09-20,EMTK,367.2915954589844
2024-09-23,EMTK,378.4781494140625
2024-09-24,EMTK,372.8848876953125
2024-09-25,EMTK,385.93585205078125
2024-09-26,EMTK,387.8002624511719
2024-09-27,EMTK,384.0714111328125
2024-09-30,EMTK,385.93585205078125
2024-10-01,EMTK,389.6647033691406
2024-10-02,EMTK,376.61376953125
2024-10-03,EMTK,380.3425598144531
2024-10-04,EMTK,372.8848876953125
2024-10-07,EMTK,398.98681640625
2024-10-08,EMTK,421.35992431640625
2024-10-09,EMTK,408.3089599609375
2024-10-10,EMTK,402.7156677246094
2024-10-11,EMTK,404.5801086425781
2024-10-14,EMTK,410.1733703613281
2024-10-15,EMTK,410.1733703613281
2024-10-16,EMTK,404.5801086425781
2024-10-17,EMTK,400.85125732421875
2024-10-18,EMTK,408.3089599609375
2024-10-21,EMTK,470.76715087890625
2024-10-22,EMTK,470.76715087890625
2024-10-23,EMTK,453.0551452636719
2024-10-24,EMTK,475.4282531738281
2024-10-25,EMTK,458.6484069824219
2024-10-28,EMTK,449.3262939453125
2024-10-29,EMTK,462.37725830078125
2024-10-30,EMTK,454.9195556640625
2024-10-31,EMTK,475.4282531738281
2024-11-01,EMTK,451.1907043457031
2024-11-04,EMTK,445.5974426269531
2024-11-05,EMTK,419.4955139160156
2024-11-06,EMTK,428.8175964355469
2024-11-07,EMTK,419.4955139160156
2024-11-08,EMTK,440.004150390625
2024-11-11,EMTK,456.78399658203125
2024-11-12,EMTK,462.37725830078125
2024-11-13,EMTK,466.1060791015625
2024-11-14,EMTK,466.1060791015625
2024-11-15,EMTK,449.3262939453125
2024-11-18,EMTK,428.8175964355469
2024-11-19,EMTK,443.7330322265625
2024-11-20,EMTK,454.9195556640625
2024-11-21,EMTK,447.46185302734375
2024-11-22,EMTK,451.1907043457031
2024-11-25,EMTK,441.86859130859375
2024-11-26,EMTK,449.3262939453125
2024-11-28,EMTK,456.78399658203125
2024-11-29,EMTK,453.0551452636719
2024-12-02,EMTK,475.4282531738281
2024-12-03,EMTK,512.7167358398438
2024-12-04,EMTK,503.3946228027344
2024-12-05,EMTK,494.0724182128906
2024-12-06,EMTK,536.02197265625
2024-12-09,EMTK,536.02197265625
2024-12-10,EMTK,577.9715576171875
2024-12-11,EMTK,559.3273315429688
2024-12-12,EMTK,568.6494140625
2024-12-13,EMTK,545.3441772460938
2024-12-16,EMTK,536.02197265625
2024-12-17,EMTK,517.3778076171875
2024-12-18,EMTK,522.0388793945312
2024-12-19,EMTK,494.0724182128906
2024-12-20,EMTK,489.411376953125
2024-12-23,EMTK,508.0556640625
2024-12-24,EMTK,480.08929443359375
2024-12-27,EMTK,453.0551452636719
2024-12-30,EMTK,458.6484069824219
2025-01-02,EMTK,489.411376953125
2025-01-03,EMTK,489.411376953125
2025-01-06,EMTK,512.7167358398438
2025-01-07,EMTK,489.411376953125
2025-01-08,EMTK,489.411376953125
2025-01-09,EMTK,484.7503662109375
2025-01-10,EMTK,489.411376953125
2025-01-13,EMTK,466.1060791015625
2025-01-14,EMTK,503.3946228027344
2025-01-15,EMTK,526.6998901367188
2025-01-16,EMTK,498.7334899902344
2025-01-17,EMTK,503.3946228027344
2025-01-20,EMTK,512.7167358398438
2025-01-21,EMTK,522.0388793945312
2025-01-22,EMTK,517.3778076171875
2025-01-23,EMTK,517.3778076171875
2025-01-24,EMTK,503.3946228027344
2025-01-30,EMTK,536.02197265625
2025-01-31,EMTK,526.6998901367188
2025-02-03,EMTK,498.7334899902344
2025-02-04,EMTK,512.7167358398438
2025-02-05,EMTK,531.3609008789062
2025-02-06,EMTK,536.02197265625
2025-02-07,EMTK,550.0052490234375
2025-02-10,EMTK,536.02197265625
2025-02-11,EMTK,540.6830444335938
2025-02-12,EMTK,559.3273315429688
2025-02-13,EMTK,573.3104858398438
2025-02-14,EMTK,577.9715576171875
2025-02-17,EMTK,568.6494140625
2025-02-18,EMTK,582.632568359375
2025-02-19,EMTK,587.293701171875
2025-02-20,EMTK,596.6158447265625
2025-02-21,EMTK,596.6158447265625
2025-02-24,EMTK,596.6158447265625
2025-02-25,EMTK,517.3778076171875
2025-02-26,EMTK,517.3778076171875
2025-02-27,EMTK,526.6998901367188
2025-02-28,EMTK,508.0556640625
2025-03-03,EMTK,522.0388793945312
2025-03-04,EMTK,503.3946228027344
2025-03-05,EMTK,512.7167358398438
2025-03-06,EMTK,536.02197265625
2025-03-07,EMTK,503.3946228027344
2025-03-10,EMTK,512.7167358398438
2025-03-11,EMTK,503.3946228027344
2025-03-12,EMTK,494.0724182128906
2025-03-13,EMTK,484.7503662109375
2025-03-14,EMTK,475.4282531738281
2025-03-17,EMTK,484.7503662109375
2025-03-18,EMTK,458.6484069824219
2025-03-19,EMTK,489.411376953125
2025-03-20,EMTK,498.7334899902344
2025-03-21,EMTK,498.7334899902344
2025-03-24,EMTK,480.08929443359375
2025-03-25,EMTK,464.24169921875
2025-03-26,EMTK,494.0724182128906
2025-03-27,EMTK,508.0556640625
2025-04-08,EMTK,449.3262939453125
2025-04-09,EMTK,447.46185302734375
2025-04-10,EMTK,484.7503662109375
2025-04-11,EMTK,475.4282531738281
2025-04-14,EMTK,480.08929443359375
2025-04-15,EMTK,470.76715087890625
2025-04-16,EMTK,462.37725830078125
2025-04-17,EMTK,480.08929443359375
2025-04-21,EMTK,475.4282531738281
2025-04-22,EMTK,470.76715087890625
2025-04-23,EMTK,470.76715087890625
2025-04-24,EMTK,470.76715087890625
2025-04-25,EMTK,498.7334899902344
2025-04-28,EMTK,503.3946228027344
2025-04-29,EMTK,498.7334899902344
2025-04-30,EMTK,498.7334899902344
2025-05-02,EMTK,540.6830444335938
2025-05-05,EMTK,554.666259765625
2025-05-06,EMTK,554.666259765625
2025-05-07,EMTK,554.666259765625
2025-05-08,EMTK,567.49658203125
2025-05-09,EMTK,577.3661499023438
2025-05-14,EMTK,572.4313354492188
2025-05-15,EMTK,567.49658203125
2025-05-16,EMTK,557.6271362304688
2025-05-19,EMTK,562.5618286132812
2025-05-20,EMTK,542.8228759765625
2025-05-21,EMTK,532.953369140625
2025-05-22,EMTK,528.0185546875
2025-05-23,EMTK,537.8881225585938
2025-05-26,EMTK,542.8228759765625
2025-05-27,EMTK,542.8228759765625
2025-05-28,EMTK,562.5618286132812
2025-06-02,EMTK,562.5618286132812
2025-06-03,EMTK,552.6923828125
2025-06-04,EMTK,567.49658203125
2025-06-05,EMTK,557.6271362304688
2025-06-10,EMTK,572.4313354492188
2025-06-11,EMTK,562.5618286132812
2025-06-12,EMTK,562.5618286132812
2025-06-13,EMTK,542.8228759765625
2025-06-16,EMTK,532.953369140625
2025-06-17,EMTK,547.7576293945312
2025-06-18,EMTK,532.953369140625
2025-06-19,EMTK,513.21435546875
2025-06-20,EMTK,503.3448486328125
2025-06-23,EMTK,479.65802001953125
2025-06-24,EMTK,479.65802001953125
2025-06-25,EMTK,465.8406982421875
2025-06-26,EMTK,467.8146057128906
2025-06-30,EMTK,477.6841125488281
2025-07-01,EMTK,475.710205078125
2025-07-02,EMTK,471.7624206542969
2025-07-03,EMTK,471.7624206542969
2025-07-04,EMTK,465.8406982421875
2025-07-07,EMTK,469.78851318359375
2025-07-08,EMTK,471.7624206542969
2025-07-09,EMTK,475.710205078125
2025-07-10,EMTK,481.63189697265625
2025-07-11,EMTK,483.6058349609375
2025-07-14,EMTK,483.6058349609375
2025-07-15,EMTK,485.5797119140625
2025-07-16,EMTK,513.21435546875
2025-07-17,EMTK,537.8881225585938
2025-07-18,EMTK,572.4313354492188
2025-07-21,EMTK,606.974609375
2025-07-22,EMTK,597.1051635742188
2025-07-23,EMTK,602.0398559570312
2025-07-24,EMTK,582.3009033203125
2025-07-25,EMTK,602.0398559570312
2025-07-28,EMTK,611.9093627929688
2025-07-29,EMTK,602.0398559570312
2025-07-30,EMTK,626.7136840820312
2025-07-31,EMTK,616.8441162109375
2025-08-01,EMTK,656.3221435546875
2025-08-04,EMTK,750.08251953125
2025-08-05,EMTK,784.625732421875
2025-08-06,EMTK,769.8214721679688
2025-08-07,EMTK,794.4953002929688
2025-08-08,EMTK,868.5165405273438
2025-08-11,EMTK,947.4725952148438
2025-08-12,EMTK,937.6030883789062
2025-08-13,EMTK,962.2769165039062
2025-08-14,EMTK,1001.7549438476562
2025-08-15,EMTK,942.537841796875
2025-08-19,EMTK,1065.90673828125
2025-08-20,EMTK,1070.841552734375
2025-08-21,EMTK,1036.298095703125
2025-08-22,EMTK,1154.7322998046875
2025-08-25,EMTK,1361.991943359375
2025-08-26,EMTK,1342.2529296875
2025-08-27,EMTK,1273.1663818359375
2025-08-28,EMTK,1283.035888671875
2025-08-29,EMTK,1199.14501953125
2025-09-01,EMTK,1233.688232421875
2025-09-02,EMTK,1297.840087890625
2025-09-03,EMTK,1322.513916015625
2025-09-04,EMTK,1287.9705810546875
2025-09-08,EMTK,1228.7535400390625
2025-09-09,EMTK,1223.8187255859375
2025-09-10,EMTK,1213.94921875
2025-09-11,EMTK,1204.0797119140625
2025-09-12,EMTK,1209.0145263671875
2025-09-15,EMTK,1253.4273681640625
2025-09-16,EMTK,1134.9931640625
2025-09-17,EMTK,1110.3194580078125
2025-09-18,EMTK,1228.7535400390625
2025-09-19,EMTK,1209.0145263671875
2025-09-22,EMTK,1218.884033203125
2025-09-23,EMTK,1209.0145263671875
2025-09-24,EMTK,1189.2755126953125
2025-09-25,EMTK,1209.0145263671875
2025-09-26,EMTK,1297.840087890625
2025-09-29,EMTK,1278.10107421875
2025-09-30,EMTK,1238.6231689453125
2025-10-01,EMTK,1544.5777587890625
2025-10-02,EMTK,1519.904052734375
2025-10-03,EMTK,1480.4259033203125
2025-10-06,EMTK,1485.3607177734375
2025-10-07,EMTK,1465.6217041015625
2025-10-08,EMTK,1406.4046630859375
2025-10-09,EMTK,1426.1436767578125
2025-10-10,EMTK,1406.4046630859375
2025-10-13,EMTK,1366.9266357421875
2025-10-14,EMTK,1292.9052734375
2025-10-15,EMTK,1352.1224365234375
2025-10-16,EMTK,1366.9266357421875
2025-10-17,EMTK,1228.7535400390625
2025-10-20,EMTK,1322.513916015625
2025-10-21,EMTK,1283.035888671875
2025-10-22,EMTK,1228.7535400390625
2025-10-23,EMTK,1189.2755126953125
2025-10-24,EMTK,1085.645751953125
2025-10-27,EMTK,1056.037109375
2025-10-28,EMTK,1164.601806640625
2025-10-29,EMTK,1134.9931640625
2025-10-30,EMTK,1169.5364990234375
2025-10-31,EMTK,1169.5364990234375
2025-11-03,EMTK,1189.2755126953125
2025-11-04,EMTK,1149.7974853515625
2025-11-05,EMTK,1199.14501953125
2025-11-06,EMTK,1159.6671142578125
2025-11-07,EMTK,1258.362060546875
2025-11-10,EMTK,1278.10107421875
2025-11-11,EMTK,1253.4273681640625
2025-11-12,EMTK,1268.2315673828125
2025-11-13,EMTK,1243.557861328125
2025-11-14,EMTK,1213.94921875
2025-11-17,EMTK,1194.2103271484375
2025-11-18,EMTK,1174.4713134765625
2025-11-19,EMTK,1164.601806640625
2025-11-20,EMTK,1149.7344970703125
2025-11-21,EMTK,1248.849609375
2025-11-24,EMTK,1283.539794921875
2025-11-25,EMTK,1243.893798828125
2025-11-26,EMTK,1258.7611083984375
2025-11-27,EMTK,1253.8052978515625
2025-11-28,EMTK,1214.1593017578125
2025-12-01,EMTK,1199.2919921875
2025-12-02,EMTK,1283.539794921875
2025-12-03,EMTK,1278.5841064453125
2025-12-04,EMTK,1278.5841064453125
2025-12-05,EMTK,1333.0972900390625
2025-12-08,EMTK,1303.36279296875
2025-12-09,EMTK,1323.185791015625
2025-12-10,EMTK,1407.43359375
2025-12-11,EMTK,1362.8319091796875
2025-12-12,EMTK,1343.0087890625
2025-12-15,EMTK,1338.0531005859375
2025-12-16,EMTK,1456.9910888671875
2025-12-17,EMTK,1323.185791015625
2025-12-18,EMTK,1224.07080078125
2025-12-19,EMTK,1214.1593017578125
2025-12-22,EMTK,1129.9114990234375
2025-12-23,EMTK,1100.177001953125
2025-12-24,EMTK,1075.398193359375
2025-12-29,EMTK,1105.1326904296875
2025-12-30,EMTK,1075.398193359375
2026-01-02,EMTK,1090.2655029296875
2026-01-05,EMTK,1065.4866943359375
2026-01-06,EMTK,1115.044189453125
2026-01-07,EMTK,1149.7344970703125
2026-01-08,EMTK,1139.822998046875
2026-01-09,EMTK,1129.9114990234375
2026-01-12,EMTK,1055.5751953125
2026-01-13,EMTK,1006.0177001953125
2026-01-14,EMTK,1035.752197265625
2026-01-15,EMTK,1040.7080078125
2026-01-19,EMTK,1025.8406982421875
2026-01-20,EMTK,1030.7965087890625
2026-01-21,EMTK,1065.4866943359375
2026-01-22,EMTK,1035.752197265625
2026-01-23,EMTK,1025.8406982421875
2026-01-26,EMTK,1001.0619506835938
2022-12-30,ESSA,852.234130859375
2023-01-02,ESSA,856.8911743164062
2023-01-03,ESSA,861.5481567382812
2023-01-04,ESSA,842.9201049804688
2023-01-05,ESSA,787.035888671875
2023-01-06,ESSA,740.4656982421875
2023-01-09,ESSA,768.4078369140625
2023-01-10,ESSA,777.721923828125
2023-01-11,ESSA,782.37890625
2023-01-12,ESSA,768.4078369140625
2023-01-13,ESSA,828.9490966796875
2023-01-16,ESSA,866.2052001953125
2023-01-17,ESSA,898.8042602539062
2023-01-18,ESSA,894.1472778320312
2023-01-19,ESSA,908.1183471679688
2023-01-20,ESSA,912.775390625
2023-01-24,ESSA,912.775390625
2023-01-25,ESSA,908.1183471679688
2023-01-26,ESSA,945.3744506835938
2023-01-27,ESSA,922.0894165039062
2023-01-30,ESSA,922.0894165039062
2023-01-31,ESSA,922.0894165039062
2023-02-01,ESSA,959.3455200195312
2023-02-02,ESSA,908.1183471679688
2023-02-03,ESSA,922.0894165039062
2023-02-06,ESSA,889.490234375
2023-02-07,ESSA,884.8333129882812
2023-02-08,ESSA,889.490234375
2023-02-09,ESSA,926.7464599609375
2023-02-10,ESSA,926.7464599609375
2023-02-13,ESSA,926.7464599609375
2023-02-14,ESSA,926.7464599609375
2023-02-15,ESSA,908.1183471679688
2023-02-16,ESSA,917.432373046875
2023-02-17,ESSA,917.432373046875
2023-02-20,ESSA,856.8911743164062
2023-02-21,ESSA,861.5481567382812
2023-02-22,ESSA,875.519287109375
2023-02-23,ESSA,884.8333129882812
2023-02-24,ESSA,977.9735717773438
2023-02-27,ESSA,987.2876586914062
2023-02-28,ESSA,996.6016845703125
2023-03-01,ESSA,987.2876586914062
2023-03-02,ESSA,964.0026245117188
2023-03-03,ESSA,959.3455200195312
2023-03-06,ESSA,898.8042602539062
2023-03-07,ESSA,926.7464599609375
2023-03-08,ESSA,945.3744506835938
2023-03-09,ESSA,931.4035034179688
2023-03-10,ESSA,912.775390625
2023-03-13,ESSA,903.4613647460938
2023-03-14,ESSA,875.519287109375
2023-03-15,ESSA,912.775390625
2023-03-16,ESSA,898.8042602539062
2023-03-17,ESSA,884.8333129882812
2023-03-20,ESSA,875.519287109375
2023-03-21,ESSA,875.519287109375
2023-03-24,ESSA,903.4613647460938
2023-03-27,ESSA,898.8042602539062
2023-03-28,ESSA,918.3435668945312
2023-03-29,ESSA,923.2283325195312
2023-03-30,ESSA,923.2283325195312
2023-03-31,ESSA,923.2283325195312
2023-04-03,ESSA,937.8827514648438
2023-04-04,ESSA,918.3435668945312
2023-04-05,ESSA,903.6890869140625
2023-04-06,ESSA,913.4586791992188
2023-04-10,ESSA,898.8043212890625
2023-04-11,ESSA,908.5739135742188
2023-04-12,ESSA,845.0714721679688
2023-04-13,ESSA,786.4537963867188
2023-04-14,ESSA,732.720947265625
2023-04-17,ESSA,688.7576293945312
2023-04-18,ESSA,703.4120483398438
2023-04-26,ESSA,718.0664672851562
2023-04-27,ESSA,703.4120483398438
2023-04-28,ESSA,683.8728637695312
2023-05-02,ESSA,639.9096069335938
2023-05-03,ESSA,610.6007690429688
2023-05-04,ESSA,615.4855346679688
2023-05-05,ESSA,581.2919311523438
2023-05-08,ESSA,600.8311767578125
2023-05-09,ESSA,610.6007690429688
2023-05-10,ESSA,630.1400146484375
2023-05-11,ESSA,591.0615234375
2023-05-12,ESSA,566.637451171875
2023-05-15,ESSA,595.9462890625
2023-05-16,ESSA,561.752685546875
2023-05-17,ESSA,571.5222778320312
2023-05-19,ESSA,542.2134399414062
2023-05-22,ESSA,527.55908203125
2023-05-23,ESSA,517.7894287109375
2023-05-24,ESSA,522.6742553710938
2023-05-25,ESSA,503.135009765625
2023-05-26,ESSA,508.0198059082031
2023-05-29,ESSA,493.36541748046875
2023-05-30,ESSA,498.2502136230469
2023-05-31,ESSA,476.7570495605469
2023-06-05,ESSA,517.7894287109375
2023-06-06,ESSA,561.752685546875
2023-06-07,ESSA,566.637451171875
2023-06-08,ESSA,581.2919311523438
2023-06-09,ESSA,581.2919311523438
2023-06-12,ESSA,571.5222778320312
2023-06-13,ESSA,561.752685546875
2023-06-14,ESSA,605.7159423828125
2023-06-15,ESSA,610.6007690429688
2023-06-16,ESSA,630.1400146484375
2023-06-19,ESSA,625.2551879882812
2023-06-20,ESSA,566.637451171875
2023-06-21,ESSA,581.2919311523438
2023-06-22,ESSA,571.5222778320312
2023-06-23,ESSA,547.0983276367188
2023-06-26,ESSA,537.3286743164062
2023-06-27,ESSA,566.637451171875
2023-07-03,ESSA,566.637451171875
2023-07-04,ESSA,566.637451171875
2023-07-05,ESSA,615.4855346679688
2023-07-06,ESSA,639.9096069335938
2023-07-07,ESSA,654.5640258789062
2023-07-10,ESSA,654.5640258789062
2023-07-11,ESSA,674.1032104492188
2023-07-12,ESSA,654.5640258789062
2023-07-13,ESSA,664.3336181640625
2023-07-14,ESSA,664.3336181640625
2023-07-17,ESSA,688.7576293945312
2023-07-18,ESSA,683.8728637695312
2023-07-20,ESSA,664.3336181640625
2023-07-21,ESSA,625.2551879882812
2023-07-24,ESSA,654.5640258789062
2023-07-25,ESSA,649.67919921875
2023-07-26,ESSA,630.1400146484375
2023-07-27,ESSA,635.0247802734375
2023-07-28,ESSA,639.9096069335938
2023-07-31,ESSA,576.4071044921875
2023-08-01,ESSA,586.1766967773438
2023-08-02,ESSA,615.4855346679688
2023-08-03,ESSA,615.4855346679688
2023-08-04,ESSA,586.1766967773438
2023-08-07,ESSA,586.1766967773438
2023-08-08,ESSA,581.2919311523438
2023-08-09,ESSA,547.0983276367188
2023-08-10,ESSA,591.0615234375
2023-08-11,ESSA,620.370361328125
2023-08-14,ESSA,644.7943725585938
2023-08-15,ESSA,639.9096069335938
2023-08-16,ESSA,625.2551879882812
2023-08-18,ESSA,615.4855346679688
2023-08-21,ESSA,654.5640258789062
2023-08-22,ESSA,639.9096069335938
2023-08-23,ESSA,630.1400146484375
2023-08-24,ESSA,620.370361328125
2023-08-25,ESSA,620.370361328125
2023-08-28,ESSA,610.6007690429688
2023-08-29,ESSA,625.2551879882812
2023-08-30,ESSA,586.1766967773438
2023-08-31,ESSA,591.0615234375
2023-09-01,ESSA,605.7159423828125
2023-09-04,ESSA,639.9096069335938
2023-09-05,ESSA,630.1400146484375
2023-09-06,ESSA,654.5640258789062
2023-09-07,ESSA,630.1400146484375
2023-09-08,ESSA,625.2551879882812
2023-09-11,ESSA,654.5640258789062
2023-09-12,ESSA,683.8728637695312
2023-09-13,ESSA,727.8360595703125
2023-09-14,ESSA,718.0664672851562
2023-09-15,ESSA,766.91455078125
2023-09-18,ESSA,737.605712890625
2023-09-19,ESSA,791.3385620117188
2023-09-20,ESSA,796.223388671875
2023-09-21,ESSA,752.2601318359375
2023-09-22,ESSA,737.605712890625
2023-09-25,ESSA,752.2601318359375
2023-09-26,ESSA,722.9512939453125
2023-09-27,ESSA,742.4905395507812
2023-09-29,ESSA,776.6841430664062
2023-10-02,ESSA,752.2601318359375
2023-10-03,ESSA,708.296875
2023-10-04,ESSA,669.2183837890625
2023-10-05,ESSA,630.1400146484375
2023-10-06,ESSA,654.5640258789062
2023-10-09,ESSA,727.8360595703125
2023-10-10,ESSA,737.605712890625
2023-10-11,ESSA,737.605712890625
2023-10-12,ESSA,678.988037109375
2023-10-13,ESSA,693.6424560546875
2023-10-16,ESSA,708.296875
2023-10-17,ESSA,708.296875
2023-10-18,ESSA,722.9512939453125
2023-10-19,ESSA,678.988037109375
2023-10-20,ESSA,678.988037109375
2023-10-23,ESSA,649.67919921875
2023-10-24,ESSA,664.3336181640625
2023-10-25,ESSA,659.4488525390625
2023-10-26,ESSA,635.0247802734375
2023-10-27,ESSA,615.4855346679688
2023-10-30,ESSA,600.8311767578125
2023-10-31,ESSA,586.1766967773438
2023-11-01,ESSA,547.0983276367188
2023-11-02,ESSA,561.752685546875
2023-11-03,ESSA,581.2919311523438
2023-11-06,ESSA,581.2919311523438
2023-11-07,ESSA,561.752685546875
2023-11-08,ESSA,556.8678588867188
2023-11-09,ESSA,591.0615234375
2023-11-10,ESSA,586.1766967773438
2023-11-13,ESSA,600.8311767578125
2023-11-14,ESSA,625.2551879882812
2023-11-15,ESSA,620.370361328125
2023-11-16,ESSA,620.370361328125
2023-11-17,ESSA,581.2919311523438
2023-11-20,ESSA,576.4071044921875
2023-11-21,ESSA,586.1766967773438
2023-11-22,ESSA,571.5222778320312
2023-11-23,ESSA,556.8678588867188
2023-11-24,ESSA,556.8678588867188
2023-11-27,ESSA,561.752685546875
2023-11-28,ESSA,571.5222778320312
2023-11-29,ESSA,571.5222778320312
2023-11-30,ESSA,542.2134399414062
2023-12-01,ESSA,556.8678588867188
2023-12-04,ESSA,586.1766967773438
2023-12-05,ESSA,581.2919311523438
2023-12-06,ESSA,566.637451171875
2023-12-07,ESSA,551.9830932617188
2023-12-08,ESSA,547.0983276367188
2023-12-11,ESSA,517.7894287109375
2023-12-12,ESSA,508.0198059082031
2023-12-13,ESSA,493.36541748046875
2023-12-14,ESSA,503.135009765625
2023-12-15,ESSA,498.2502136230469
2023-12-18,ESSA,488.4806213378906
2023-12-19,ESSA,503.135009765625
2023-12-20,ESSA,517.7894287109375
2023-12-21,ESSA,503.135009765625
2023-12-22,ESSA,498.2502136230469
2023-12-27,ESSA,512.9046020507812
2023-12-28,ESSA,508.0198059082031
2023-12-29,ESSA,517.7894287109375
2024-01-02,ESSA,547.0983276367188
2024-01-03,ESSA,551.9830932617188
2024-01-04,ESSA,576.4071044921875
2024-01-05,ESSA,556.8678588867188
2024-01-08,ESSA,561.752685546875
2024-01-09,ESSA,551.9830932617188
2024-01-10,ESSA,556.8678588867188
2024-01-11,ESSA,551.9830932617188
2024-01-12,ESSA,591.0615234375
2024-01-15,ESSA,576.4071044921875
2024-01-16,ESSA,576.4071044921875
2024-01-17,ESSA,566.637451171875
2024-01-18,ESSA,551.9830932617188
2024-01-19,ESSA,576.4071044921875
2024-01-22,ESSA,571.5222778320312
2024-01-23,ESSA,556.8678588867188
2024-01-24,ESSA,532.44384765625
2024-01-25,ESSA,522.6742553710938
2024-01-26,ESSA,498.2502136230469
2024-01-29,ESSA,503.135009765625
2024-01-30,ESSA,488.4806213378906
2024-01-31,ESSA,480.6649169921875
2024-02-01,ESSA,498.2502136230469
2024-02-02,ESSA,493.36541748046875
2024-02-05,ESSA,532.44384765625
2024-02-06,ESSA,517.7894287109375
2024-02-07,ESSA,512.9046020507812
2024-02-12,ESSA,508.0198059082031
2024-02-13,ESSA,512.9046020507812
2024-02-15,ESSA,547.0983276367188
2024-02-16,ESSA,532.44384765625
2024-02-19,ESSA,503.135009765625
2024-02-20,ESSA,503.135009765625
2024-02-21,ESSA,508.0198059082031
2024-02-22,ESSA,508.0198059082031
2024-02-23,ESSA,517.7894287109375
2024-02-26,ESSA,498.2502136230469
2024-02-27,ESSA,498.2502136230469
2024-02-28,ESSA,498.2502136230469
2024-02-29,ESSA,503.135009765625
2024-03-01,ESSA,498.2502136230469
2024-03-04,ESSA,503.135009765625
2024-03-05,ESSA,517.7894287109375
2024-03-06,ESSA,537.3286743164062
2024-03-07,ESSA,532.44384765625
2024-03-08,ESSA,527.55908203125
2024-03-13,ESSA,566.637451171875
2024-03-14,ESSA,551.9830932617188
2024-03-15,ESSA,547.0983276367188
2024-03-18,ESSA,556.8678588867188
2024-03-19,ESSA,586.1766967773438
2024-03-20,ESSA,591.0615234375
2024-03-21,ESSA,620.370361328125
2024-03-22,ESSA,639.9096069335938
2024-03-25,ESSA,635.0247802734375
2024-03-26,ESSA,630.1400146484375
2024-03-27,ESSA,654.5640258789062
2024-03-28,ESSA,659.4488525390625
2024-04-01,ESSA,649.6063232421875
2024-04-02,ESSA,708.6614379882812
2024-04-03,ESSA,708.6614379882812
2024-04-04,ESSA,718.5039672851562
2024-04-05,ESSA,708.6614379882812
2024-04-16,ESSA,738.18896484375
2024-04-17,ESSA,713.5827026367188
2024-04-18,ESSA,738.18896484375
2024-04-19,ESSA,738.18896484375
2024-04-22,ESSA,733.2677001953125
2024-04-23,ESSA,718.5039672851562
2024-04-24,ESSA,738.18896484375
2024-04-25,ESSA,762.7952880859375
2024-04-26,ESSA,762.7952880859375
2024-04-29,ESSA,772.6378173828125
2024-04-30,ESSA,767.716552734375
2024-05-02,ESSA,733.2677001953125
2024-05-03,ESSA,767.716552734375
2024-05-06,ESSA,772.6378173828125
2024-05-07,ESSA,816.9291381835938
2024-05-08,ESSA,807.0866088867188
2024-05-13,ESSA,787.401611328125
2024-05-14,ESSA,772.6378173828125
2024-05-15,ESSA,772.6378173828125
2024-05-16,ESSA,797.2440795898438
2024-05-17,ESSA,802.1653442382812
2024-05-20,ESSA,821.8504028320312
2024-05-21,ESSA,821.8504028320312
2024-05-22,ESSA,802.1653442382812
2024-05-27,ESSA,762.7952880859375
2024-05-28,ESSA,792.3228149414062
2024-05-29,ESSA,792.3228149414062
2024-05-30,ESSA,802.1653442382812
2024-05-31,ESSA,757.8740234375
2024-06-03,ESSA,777.55908203125
2024-06-04,ESSA,787.401611328125
2024-06-05,ESSA,703.7401733398438
2024-06-06,ESSA,708.6614379882812
2024-06-07,ESSA,703.7401733398438
2024-06-10,ESSA,713.5827026367188
2024-06-11,ESSA,792.3228149414062
2024-06-12,ESSA,792.3228149414062
2024-06-13,ESSA,782.4803466796875
2024-06-14,ESSA,762.7952880859375
2024-06-19,ESSA,767.716552734375
2024-06-20,ESSA,752.9527587890625
2024-06-21,ESSA,752.9527587890625
2024-06-24,ESSA,738.18896484375
2024-06-25,ESSA,738.18896484375
2024-06-26,ESSA,743.1102294921875
2024-06-27,ESSA,743.1102294921875
2024-06-28,ESSA,757.8740234375
2024-07-01,ESSA,777.55908203125
2024-07-02,ESSA,787.401611328125
2024-07-03,ESSA,787.401611328125
2024-07-04,ESSA,777.55908203125
2024-07-05,ESSA,777.55908203125
2024-07-08,ESSA,807.0866088867188
2024-07-09,ESSA,826.7716674804688
2024-07-10,ESSA,851.3779296875
2024-07-11,ESSA,816.9291381835938
2024-07-12,ESSA,826.7716674804688
2024-07-15,ESSA,812.0078735351562
2024-07-16,ESSA,856.2991943359375
2024-07-17,ESSA,846.4567260742188
2024-07-18,ESSA,836.6141967773438
2024-07-19,ESSA,836.6141967773438
2024-07-22,ESSA,821.8504028320312
2024-07-23,ESSA,816.9291381835938
2024-07-24,ESSA,797.2440795898438
2024-07-25,ESSA,777.55908203125
2024-07-26,ESSA,807.0866088867188
2024-07-29,ESSA,816.9291381835938
2024-07-30,ESSA,831.6929321289062
2024-07-31,ESSA,826.7716674804688
2024-08-01,ESSA,826.7716674804688
2024-08-02,ESSA,787.401611328125
2024-08-05,ESSA,743.1102294921875
2024-08-06,ESSA,757.8740234375
2024-08-07,ESSA,787.401611328125
2024-08-08,ESSA,772.6378173828125
2024-08-09,ESSA,777.55908203125
2024-08-12,ESSA,797.2440795898438
2024-08-13,ESSA,812.0078735351562
2024-08-14,ESSA,807.0866088867188
2024-08-15,ESSA,792.3228149414062
2024-08-16,ESSA,787.401611328125
2024-08-19,ESSA,792.3228149414062
2024-08-20,ESSA,787.401611328125
2024-08-21,ESSA,782.4803466796875
2024-08-22,ESSA,762.7952880859375
2024-08-23,ESSA,752.9527587890625
2024-08-26,ESSA,792.3228149414062
2024-08-27,ESSA,792.3228149414062
2024-08-28,ESSA,797.2440795898438
2024-08-29,ESSA,851.3779296875
2024-08-30,ESSA,875.9842529296875
2024-09-02,ESSA,871.06298828125
2024-09-03,ESSA,851.3779296875
2024-09-04,ESSA,831.6929321289062
2024-09-05,ESSA,831.6929321289062
2024-09-06,ESSA,851.3779296875
2024-09-09,ESSA,812.0078735351562
2024-09-10,ESSA,802.1653442382812
2024-09-11,ESSA,821.8504028320312
2024-09-12,ESSA,807.0866088867188
2024-09-13,ESSA,807.0866088867188
2024-09-17,ESSA,807.0866088867188
2024-09-18,ESSA,797.2440795898438
2024-09-19,ESSA,787.401611328125
2024-09-20,ESSA,787.401611328125
2024-09-23,ESSA,807.0866088867188
2024-09-24,ESSA,812.0078735351562
2024-09-25,ESSA,851.3779296875
2024-09-26,ESSA,875.9842529296875
2024-09-27,ESSA,851.3779296875
2024-09-30,ESSA,871.06298828125
2024-10-01,ESSA,949.8031616210938
2024-10-02,ESSA,949.8031616210938
2024-10-03,ESSA,944.8818969726562
2024-10-04,ESSA,910.43310546875
2024-10-07,ESSA,920.2755737304688
2024-10-08,ESSA,920.2755737304688
2024-10-09,ESSA,930.1181030273438
2024-10-10,ESSA,930.1181030273438
2024-10-11,ESSA,925.1968383789062
2024-10-14,ESSA,920.2755737304688
2024-10-15,ESSA,939.9606323242188
2024-10-16,ESSA,915.3543090820312
2024-10-17,ESSA,935.0393676757812
2024-10-18,ESSA,920.2755737304688
2024-10-21,ESSA,939.9606323242188
2024-10-22,ESSA,964.5669555664062
2024-10-23,ESSA,935.0393676757812
2024-10-24,ESSA,959.6456909179688
2024-10-25,ESSA,930.1181030273438
2024-10-28,ESSA,935.0393676757812
2024-10-29,ESSA,925.1968383789062
2024-10-30,ESSA,949.8031616210938
2024-10-31,ESSA,969.4882202148438
2024-11-01,ESSA,949.8031616210938
2024-11-04,ESSA,935.0393676757812
2024-11-05,ESSA,915.3543090820312
2024-11-06,ESSA,920.2755737304688
2024-11-07,ESSA,866.1417236328125
2024-11-08,ESSA,826.7716674804688
2024-11-11,ESSA,802.1653442382812
2024-11-12,ESSA,856.2991943359375
2024-11-13,ESSA,812.0078735351562
2024-11-14,ESSA,816.9291381835938
2024-11-15,ESSA,826.7716674804688
2024-11-18,ESSA,826.7716674804688
2024-11-19,ESSA,841.5354614257812
2024-11-20,ESSA,821.8504028320312
2024-11-21,ESSA,826.7716674804688
2024-11-22,ESSA,821.8504028320312
2024-11-25,ESSA,807.0866088867188
2024-11-26,ESSA,821.8504028320312
2024-11-28,ESSA,797.2440795898438
2024-11-29,ESSA,807.0866088867188
2024-12-02,ESSA,816.9291381835938
2024-12-03,ESSA,826.7716674804688
2024-12-04,ESSA,812.0078735351562
2024-12-05,ESSA,797.2440795898438
2024-12-06,ESSA,802.1653442382812
2024-12-09,ESSA,802.1653442382812
2024-12-10,ESSA,802.1653442382812
2024-12-11,ESSA,797.2440795898438
2024-12-12,ESSA,797.2440795898438
2024-12-13,ESSA,792.3228149414062
2024-12-16,ESSA,787.401611328125
2024-12-17,ESSA,777.55908203125
2024-12-18,ESSA,757.8740234375
2024-12-19,ESSA,743.1102294921875
2024-12-20,ESSA,802.1653442382812
2024-12-23,ESSA,826.7716674804688
2024-12-24,ESSA,792.3228149414062
2024-12-27,ESSA,807.0866088867188
2024-12-30,ESSA,797.2440795898438
2025-01-02,ESSA,812.0078735351562
2025-01-03,ESSA,826.7716674804688
2025-01-06,ESSA,792.3228149414062
2025-01-07,ESSA,802.1653442382812
2025-01-08,ESSA,782.4803466796875
2025-01-09,ESSA,797.2440795898438
2025-01-10,ESSA,797.2440795898438
2025-01-13,ESSA,812.0078735351562
2025-01-14,ESSA,851.3779296875
2025-01-15,ESSA,851.3779296875
2025-01-16,ESSA,831.6929321289062
2025-01-17,ESSA,841.5354614257812
2025-01-20,ESSA,831.6929321289062
2025-01-21,ESSA,831.6929321289062
2025-01-22,ESSA,856.2991943359375
2025-01-23,ESSA,836.6141967773438
2025-01-24,ESSA,836.6141967773438
2025-01-30,ESSA,836.6141967773438
2025-01-31,ESSA,836.6141967773438
2025-02-03,ESSA,812.0078735351562
2025-02-04,ESSA,812.0078735351562
2025-02-05,ESSA,797.2440795898438
2025-02-06,ESSA,792.3228149414062
2025-02-07,ESSA,826.7716674804688
2025-02-10,ESSA,797.2440795898438
2025-02-11,ESSA,807.0866088867188
2025-02-12,ESSA,807.0866088867188
2025-02-13,ESSA,792.3228149414062
2025-02-14,ESSA,792.3228149414062
2025-02-17,ESSA,792.3228149414062
2025-02-18,ESSA,792.3228149414062
2025-02-19,ESSA,797.2440795898438
2025-02-20,ESSA,787.401611328125
2025-02-21,ESSA,767.716552734375
2025-02-24,ESSA,738.18896484375
2025-02-25,ESSA,738.18896484375
2025-02-26,ESSA,728.346435546875
2025-02-27,ESSA,718.5039672851562
2025-02-28,ESSA,718.5039672851562
2025-03-03,ESSA,698.8189086914062
2025-03-04,ESSA,634.842529296875
2025-03-05,ESSA,629.9212646484375
2025-03-06,ESSA,644.68505859375
2025-03-07,ESSA,659.4488525390625
2025-03-10,ESSA,639.7637939453125
2025-03-11,ESSA,590.5512084960938
2025-03-12,ESSA,590.5512084960938
2025-03-13,ESSA,585.6299438476562
2025-03-14,ESSA,575.7874145507812
2025-03-17,ESSA,556.1023559570312
2025-03-18,ESSA,546.2598266601562
2025-03-19,ESSA,551.1810913085938
2025-03-20,ESSA,570.8661499023438
2025-03-21,ESSA,556.1023559570312
2025-03-24,ESSA,551.1810913085938
2025-03-25,ESSA,546.2598266601562
2025-03-26,ESSA,561.0236206054688
2025-03-27,ESSA,590.5512084960938
2025-04-08,ESSA,531.49609375
2025-04-09,ESSA,570.8661499023438
2025-04-10,ESSA,615.157470703125
2025-04-11,ESSA,605.31494140625
2025-04-14,ESSA,615.157470703125
2025-04-15,ESSA,625.0
2025-04-16,ESSA,600.3936767578125
2025-04-17,ESSA,605.31494140625
2025-04-21,ESSA,580.7086791992188
2025-04-22,ESSA,610.2362060546875
2025-04-23,ESSA,620.0787353515625
2025-04-24,ESSA,615.157470703125
2025-04-25,ESSA,625.0
2025-04-28,ESSA,625.0
2025-04-29,ESSA,620.0
2025-04-30,ESSA,605.0
2025-05-02,ESSA,590.0
2025-05-05,ESSA,615.0
2025-05-06,ESSA,645.0
2025-05-07,ESSA,630.0
2025-05-08,ESSA,610.0
2025-05-09,ESSA,560.0
2025-05-14,ESSA,585.0
2025-05-15,ESSA,575.0
2025-05-16,ESSA,575.0
2025-05-19,ESSA,610.0
2025-05-20,ESSA,630.0
2025-05-21,ESSA,635.0
2025-05-22,ESSA,625.0
2025-05-23,ESSA,620.0
2025-05-26,ESSA,605.0
2025-05-27,ESSA,600.0
2025-05-28,ESSA,590.0
2025-06-02,ESSA,580.0
2025-06-03,ESSA,565.0
2025-06-04,ESSA,600.0
2025-06-05,ESSA,595.0
2025-06-10,ESSA,585.0
2025-06-11,ESSA,590.0
2025-06-12,ESSA,590.0
2025-06-13,ESSA,635.0
2025-06-16,ESSA,615.0
2025-06-17,ESSA,610.0
2025-06-18,ESSA,705.0
2025-06-19,ESSA,690.0
2025-06-20,ESSA,665.0
2025-06-23,ESSA,680.0
2025-06-24,ESSA,615.0
2025-06-25,ESSA,580.0
2025-06-26,ESSA,570.0
2025-06-30,ESSA,580.0
2025-07-01,ESSA,585.0
2025-07-02,ESSA,570.0
2025-07-03,ESSA,590.0
2025-07-04,ESSA,575.0
2025-07-07,ESSA,570.0
2025-07-08,ESSA,580.0
2025-07-09,ESSA,585.0
2025-07-10,ESSA,595.0
2025-07-11,ESSA,600.0
2025-07-14,ESSA,580.0
2025-07-15,ESSA,585.0
2025-07-16,ESSA,585.0
2025-07-17,ESSA,585.0
2025-07-18,ESSA,585.0
2025-07-21,ESSA,575.0
2025-07-22,ESSA,575.0
2025-07-23,ESSA,570.0
2025-07-24,ESSA,620.0
2025-07-25,ESSA,635.0
2025-07-28,ESSA,620.0
2025-07-29,ESSA,625.0
2025-07-30,ESSA,635.0
2025-07-31,ESSA,630.0
2025-08-01,ESSA,635.0
2025-08-04,ESSA,640.0
2025-08-05,ESSA,640.0
2025-08-06,ESSA,630.0
2025-08-07,ESSA,620.0
2025-08-08,ESSA,600.0
2025-08-11,ESSA,595.0
2025-08-12,ESSA,590.0
2025-08-13,ESSA,585.0
2025-08-14,ESSA,585.0
2025-08-15,ESSA,575.0
2025-08-19,ESSA,585.0
2025-08-20,ESSA,590.0
2025-08-21,ESSA,585.0
2025-08-22,ESSA,585.0
2025-08-25,ESSA,575.0
2025-08-26,ESSA,575.0
2025-08-27,ESSA,590.0
2025-08-28,ESSA,580.0
2025-08-29,ESSA,565.0
2025-09-01,ESSA,560.0
2025-09-02,ESSA,575.0
2025-09-03,ESSA,590.0
2025-09-04,ESSA,605.0
2025-09-08,ESSA,605.0
2025-09-09,ESSA,625.0
2025-09-10,ESSA,610.0
2025-09-11,ESSA,685.0
2025-09-12,ESSA,680.0
2025-09-15,ESSA,660.0
2025-09-16,ESSA,655.0
2025-09-17,ESSA,660.0
2025-09-18,ESSA,635.0
2025-09-19,ESSA,635.0
2025-09-22,ESSA,630.0
2025-09-23,ESSA,635.0
2025-09-24,ESSA,620.0
2025-09-25,ESSA,670.0
2025-09-26,ESSA,650.0
2025-09-29,ESSA,705.0
2025-09-30,ESSA,700.0
2025-10-01,ESSA,745.0
2025-10-02,ESSA,720.0
2025-10-03,ESSA,715.0
2025-10-06,ESSA,720.0
2025-10-07,ESSA,695.0
2025-10-08,ESSA,720.0
2025-10-09,ESSA,700.0
2025-10-10,ESSA,690.0
2025-10-13,ESSA,660.0
2025-10-14,ESSA,625.0
2025-10-15,ESSA,605.0
2025-10-16,ESSA,605.0
2025-10-17,ESSA,590.0
2025-10-20,ESSA,600.0
2025-10-21,ESSA,615.0
2025-10-22,ESSA,605.0
2025-10-23,ESSA,605.0
2025-10-24,ESSA,610.0
2025-10-27,ESSA,590.0
2025-10-28,ESSA,590.0
2025-10-29,ESSA,610.0
2025-10-30,ESSA,630.0
2025-10-31,ESSA,615.0
2025-11-03,ESSA,630.0
2025-11-04,ESSA,615.0
2025-11-05,ESSA,615.0
2025-11-06,ESSA,625.0
2025-11-07,ESSA,655.0
2025-11-10,ESSA,665.0
2025-11-11,ESSA,670.0
2025-11-12,ESSA,665.0
2025-11-13,ESSA,655.0
2025-11-14,ESSA,680.0
2025-11-17,ESSA,695.0
2025-11-18,ESSA,665.0
2025-11-19,ESSA,670.0
2025-11-20,ESSA,650.0
2025-11-21,ESSA,630.0
2025-11-24,ESSA,635.0
2025-11-25,ESSA,625.0
2025-11-26,ESSA,635.0
2025-11-27,ESSA,620.0
2025-11-28,ESSA,620.0
2025-12-01,ESSA,610.0
2025-12-02,ESSA,610.0
2025-12-03,ESSA,635.0
2025-12-04,ESSA,625.0
2025-12-05,ESSA,630.0
2025-12-08,ESSA,640.0
2025-12-09,ESSA,635.0
2025-12-10,ESSA,630.0
2025-12-11,ESSA,610.0
2025-12-12,ESSA,610.0
2025-12-15,ESSA,655.0
2025-12-16,ESSA,635.0
2025-12-17,ESSA,635.0
2025-12-18,ESSA,620.0
2025-12-19,ESSA,610.0
2025-12-22,ESSA,645.0
2025-12-23,ESSA,625.0
2025-12-24,ESSA,620.0
2025-12-29,ESSA,620.0
2025-12-30,ESSA,605.0
2026-01-02,ESSA,615.0
2026-01-05,ESSA,620.0
2026-01-06,ESSA,640.0
2026-01-07,ESSA,635.0
2026-01-08,ESSA,620.0
2026-01-09,ESSA,620.0
2026-01-12,ESSA,625.0
2026-01-13,ESSA,670.0
2026-01-14,ESSA,695.0
2026-01-15,ESSA,660.0
2026-01-19,ESSA,675.0
2026-01-20,ESSA,665.0
2026-01-21,ESSA,665.0
2026-01-22,ESSA,670.0
2026-01-23,ESSA,705.0
2026-01-26,ESSA,730.0
2022-12-30,GOTO,91.0
2023-01-02,GOTO,93.0
2023-01-03,GOTO,95.0
2023-01-04,GOTO,96.0
2023-01-05,GOTO,92.0
2023-01-06,GOTO,95.0
2023-01-09,GOTO,93.0
2023-01-10,GOTO,95.0
2023-01-11,GOTO,94.0
2023-01-12,GOTO,97.0
2023-01-13,GOTO,105.0
2023-01-16,GOTO,107.0
2023-01-17,GOTO,114.0
2023-01-18,GOTO,114.0
2023-01-19,GOTO,115.0
2023-01-20,GOTO,114.0
2023-01-24,GOTO,119.0
2023-01-25,GOTO,117.0
2023-01-26,GOTO,115.0
2023-01-27,GOTO,117.0
2023-01-30,GOTO,113.0
2023-01-31,GOTO,112.0
2023-02-01,GOTO,113.0
2023-02-02,GOTO,124.0
2023-02-03,GOTO,124.0
2023-02-06,GOTO,120.0
2023-02-07,GOTO,123.0
2023-02-08,GOTO,120.0
2023-02-09,GOTO,112.0
2023-02-10,GOTO,105.0
2023-02-13,GOTO,116.0
2023-02-14,GOTO,119.0
2023-02-15,GOTO,118.0
2023-02-16,GOTO,121.0
2023-02-17,GOTO,125.0
2023-02-20,GOTO,122.0
2023-02-21,GOTO,121.0
2023-02-22,GOTO,116.0
2023-02-23,GOTO,116.0
2023-02-24,GOTO,120.0
2023-02-27,GOTO,118.0
2023-02-28,GOTO,118.0
2023-03-01,GOTO,122.0
2023-03-02,GOTO,121.0
2023-03-03,GOTO,124.0
2023-03-06,GOTO,128.0
2023-03-07,GOTO,129.0
2023-03-08,GOTO,130.0
2023-03-09,GOTO,129.0
2023-03-10,GOTO,125.0
2023-03-13,GOTO,126.0
2023-03-14,GOTO,121.0
2023-03-15,GOTO,121.0
2023-03-16,GOTO,117.0
2023-03-17,GOTO,116.0
2023-03-20,GOTO,108.0
2023-03-21,GOTO,110.0
2023-03-24,GOTO,115.0
2023-03-27,GOTO,115.0
2023-03-28,GOTO,118.0
2023-03-29,GOTO,116.0
2023-03-30,GOTO,112.0
2023-03-31,GOTO,109.0
2023-04-03,GOTO,110.0
2023-04-04,GOTO,110.0
2023-04-05,GOTO,107.0
2023-04-06,GOTO,101.0
2023-04-10,GOTO,94.0
2023-04-11,GOTO,99.0
2023-04-12,GOTO,93.0
2023-04-13,GOTO,91.0
2023-04-14,GOTO,92.0
2023-04-17,GOTO,92.0
2023-04-18,GOTO,95.0
2023-04-26,GOTO,95.0
2023-04-27,GOTO,99.0
2023-04-28,GOTO,104.0
2023-05-02,GOTO,103.0
2023-05-03,GOTO,100.0
2023-05-04,GOTO,109.0
2023-05-05,GOTO,106.0
2023-05-08,GOTO,106.0
2023-05-09,GOTO,109.0
2023-05-10,GOTO,118.0
2023-05-11,GOTO,116.0
2023-05-12,GOTO,116.0
2023-05-15,GOTO,117.0
2023-05-16,GOTO,118.0
2023-05-17,GOTO,113.0
2023-05-19,GOTO,115.0
2023-05-22,GOTO,114.0
2023-05-23,GOTO,115.0
2023-05-24,GOTO,114.0
2023-05-25,GOTO,111.0
2023-05-26,GOTO,104.0
2023-05-29,GOTO,108.0
2023-05-30,GOTO,109.0
2023-05-31,GOTO,147.0
2023-06-05,GOTO,125.0
2023-06-06,GOTO,119.0
2023-06-07,GOTO,116.0
2023-06-08,GOTO,125.0
2023-06-09,GOTO,127.0
2023-06-12,GOTO,124.0
2023-06-13,GOTO,121.0
2023-06-14,GOTO,116.0
2023-06-15,GOTO,116.0
2023-06-16,GOTO,117.0
2023-06-19,GOTO,117.0
2023-06-20,GOTO,118.0
2023-06-21,GOTO,118.0
2023-06-22,GOTO,115.0
2023-06-23,GOTO,113.0
2023-06-26,GOTO,114.0
2023-06-27,GOTO,110.0
2023-07-03,GOTO,112.0
2023-07-04,GOTO,109.0
2023-07-05,GOTO,109.0
2023-07-06,GOTO,112.0
2023-07-07,GOTO,108.0
2023-07-10,GOTO,108.0
2023-07-11,GOTO,106.0
2023-07-12,GOTO,108.0
2023-07-13,GOTO,109.0
2023-07-14,GOTO,113.0
2023-07-17,GOTO,118.0
2023-07-18,GOTO,115.0
2023-07-20,GOTO,114.0
2023-07-21,GOTO,113.0
2023-07-24,GOTO,111.0
2023-07-25,GOTO,114.0
2023-07-26,GOTO,113.0
2023-07-27,GOTO,111.0
2023-07-28,GOTO,111.0
2023-07-31,GOTO,113.0
2023-08-01,GOTO,112.0
2023-08-02,GOTO,109.0
2023-08-03,GOTO,109.0
2023-08-04,GOTO,108.0
2023-08-07,GOTO,109.0
2023-08-08,GOTO,104.0
2023-08-09,GOTO,93.0
2023-08-10,GOTO,94.0
2023-08-11,GOTO,91.0
2023-08-14,GOTO,91.0
2023-08-15,GOTO,97.0
2023-08-16,GOTO,93.0
2023-08-18,GOTO,92.0
2023-08-21,GOTO,88.0
2023-08-22,GOTO,88.0
2023-08-23,GOTO,86.0
2023-08-24,GOTO,85.0
2023-08-25,GOTO,84.0
2023-08-28,GOTO,85.0
2023-08-29,GOTO,91.0
2023-08-30,GOTO,91.0
2023-08-31,GOTO,96.0
2023-09-01,GOTO,95.0
2023-09-04,GOTO,93.0
2023-09-05,GOTO,90.0
2023-09-06,GOTO,91.0
2023-09-07,GOTO,94.0
2023-09-08,GOTO,93.0
2023-09-11,GOTO,89.0
2023-09-12,GOTO,88.0
2023-09-13,GOTO,87.0
2023-09-14,GOTO,88.0
2023-09-15,GOTO,92.0
2023-09-18,GOTO,92.0
2023-09-19,GOTO,90.0
2023-09-20,GOTO,90.0
2023-09-21,GOTO,88.0
2023-09-22,GOTO,87.0
2023-09-25,GOTO,87.0
2023-09-26,GOTO,87.0
2023-09-27,GOTO,86.0
2023-09-29,GOTO,85.0
2023-10-02,GOTO,85.0
2023-10-03,GOTO,83.0
2023-10-04,GOTO,82.0
2023-10-05,GOTO,84.0
2023-10-06,GOTO,84.0
2023-10-09,GOTO,83.0
2023-10-10,GOTO,82.0
2023-10-11,GOTO,79.0
2023-10-12,GOTO,73.0
2023-10-13,GOTO,67.0
2023-10-16,GOTO,66.0
2023-10-17,GOTO,65.0
2023-10-18,GOTO,63.0
2023-10-19,GOTO,64.0
2023-10-20,GOTO,60.0
2023-10-23,GOTO,63.0
2023-10-24,GOTO,63.0
2023-10-25,GOTO,60.0
2023-10-26,GOTO,57.0
2023-10-27,GOTO,56.0
2023-10-30,GOTO,56.0
2023-10-31,GOTO,60.0
2023-11-01,GOTO,62.0
2023-11-02,GOTO,71.0
2023-11-03,GOTO,70.0
2023-11-06,GOTO,76.0
2023-11-07,GOTO,77.0
2023-11-08,GOTO,76.0
2023-11-09,GOTO,75.0
2023-11-10,GOTO,76.0
2023-11-13,GOTO,79.0
2023-11-14,GOTO,81.0
2023-11-15,GOTO,86.0
2023-11-16,GOTO,86.0
2023-11-17,GOTO,84.0
2023-11-20,GOTO,89.0
2023-11-21,GOTO,88.0
2023-11-22,GOTO,84.0
2023-11-23,GOTO,94.0
2023-11-24,GOTO,94.0
2023-11-27,GOTO,95.0
2023-11-28,GOTO,91.0
2023-11-29,GOTO,94.0
2023-11-30,GOTO,97.0
2023-12-01,GOTO,109.0
2023-12-04,GOTO,100.0
2023-12-05,GOTO,101.0
2023-12-06,GOTO,92.0
2023-12-07,GOTO,95.0
2023-12-08,GOTO,108.0
2023-12-11,GOTO,86.0
2023-12-12,GOTO,94.0
2023-12-13,GOTO,89.0
2023-12-14,GOTO,94.0
2023-12-15,GOTO,93.0
2023-12-18,GOTO,86.0
2023-12-19,GOTO,87.0
2023-12-20,GOTO,88.0
2023-12-21,GOTO,88.0
2023-12-22,GOTO,86.0
2023-12-27,GOTO,85.0
2023-12-28,GOTO,85.0
2023-12-29,GOTO,86.0
2024-01-02,GOTO,87.0
2024-01-03,GOTO,88.0
2024-01-04,GOTO,87.0
2024-01-05,GOTO,86.0
2024-01-08,GOTO,86.0
2024-01-09,GOTO,88.0
2024-01-10,GOTO,87.0
2024-01-11,GOTO,91.0
2024-01-12,GOTO,91.0
2024-01-15,GOTO,91.0
2024-01-16,GOTO,90.0
2024-01-17,GOTO,87.0
2024-01-18,GOTO,87.0
2024-01-19,GOTO,86.0
2024-01-22,GOTO,87.0
2024-01-23,GOTO,85.0
2024-01-24,GOTO,84.0
2024-01-25,GOTO,84.0
2024-01-26,GOTO,82.0
2024-01-29,GOTO,78.0
2024-01-30,GOTO,87.0
2024-01-31,GOTO,88.0
2024-02-01,GOTO,90.0
2024-02-02,GOTO,90.0
2024-02-05,GOTO,84.0
2024-02-06,GOTO,84.0
2024-02-07,GOTO,84.0
2024-02-12,GOTO,86.0
2024-02-13,GOTO,86.0
2024-02-15,GOTO,85.0
2024-02-16,GOTO,83.0
2024-02-19,GOTO,84.0
2024-02-20,GOTO,83.0
2024-02-21,GOTO,80.0
2024-02-22,GOTO,79.0
2024-02-23,GOTO,79.0
2024-02-26,GOTO,78.0
2024-02-27,GOTO,80.0
2024-02-28,GOTO,75.0
2024-02-29,GOTO,71.0
2024-03-01,GOTO,69.0
2024-03-04,GOTO,64.0
2024-03-05,GOTO,63.0
2024-03-06,GOTO,74.0
2024-03-07,GOTO,70.0
2024-03-08,GOTO,70.0
2024-03-13,GOTO,67.0
2024-03-14,GOTO,70.0
2024-03-15,GOTO,71.0
2024-03-18,GOTO,73.0
2024-03-19,GOTO,72.0
2024-03-20,GOTO,65.0
2024-03-21,GOTO,67.0
2024-03-22,GOTO,68.0
2024-03-25,GOTO,68.0
2024-03-26,GOTO,68.0
2024-03-27,GOTO,66.0
2024-03-28,GOTO,69.0
2024-04-01,GOTO,68.0
2024-04-02,GOTO,70.0
2024-04-03,GOTO,68.0
2024-04-04,GOTO,69.0
2024-04-05,GOTO,68.0
2024-04-16,GOTO,65.0
2024-04-17,GOTO,62.0
2024-04-18,GOTO,62.0
2024-04-19,GOTO,59.0
2024-04-22,GOTO,59.0
2024-04-23,GOTO,61.0
2024-04-24,GOTO,64.0
2024-04-25,GOTO,62.0
2024-04-26,GOTO,61.0
2024-04-29,GOTO,63.0
2024-04-30,GOTO,63.0
2024-05-02,GOTO,63.0
2024-05-03,GOTO,66.0
2024-05-06,GOTO,69.0
2024-05-07,GOTO,65.0
2024-05-08,GOTO,67.0
2024-05-13,GOTO,67.0
2024-05-14,GOTO,65.0
2024-05-15,GOTO,66.0
2024-05-16,GOTO,66.0
2024-05-17,GOTO,66.0
2024-05-20,GOTO,65.0
2024-05-21,GOTO,64.0
2024-05-22,GOTO,66.0
2024-05-27,GOTO,70.0
2024-05-28,GOTO,74.0
2024-05-29,GOTO,71.0
2024-05-30,GOTO,67.0
2024-05-31,GOTO,65.0
2024-06-03,GOTO,64.0
2024-06-04,GOTO,61.0
2024-06-05,GOTO,59.0
2024-06-06,GOTO,60.0
2024-06-07,GOTO,58.0
2024-06-10,GOTO,56.0
2024-06-11,GOTO,53.0
2024-06-12,GOTO,52.0
2024-06-13,GOTO,52.0
2024-06-14,GOTO,52.0
2024-06-19,GOTO,50.0
2024-06-20,GOTO,50.0
2024-06-21,GOTO,50.0
2024-06-24,GOTO,51.0
2024-06-25,GOTO,50.0
2024-06-26,GOTO,50.0
2024-06-27,GOTO,50.0
2024-06-28,GOTO,50.0
2024-07-01,GOTO,50.0
2024-07-02,GOTO,50.0
2024-07-03,GOTO,50.0
2024-07-04,GOTO,50.0
2024-07-05,GOTO,50.0
2024-07-08,GOTO,50.0
2024-07-09,GOTO,50.0
2024-07-10,GOTO,50.0
2024-07-11,GOTO,50.0
2024-07-12,GOTO,50.0
2024-07-15,GOTO,50.0
2024-07-16,GOTO,50.0
2024-07-17,GOTO,51.0
2024-07-18,GOTO,51.0
2024-07-19,GOTO,50.0
2024-07-22,GOTO,51.0
2024-07-23,GOTO,55.0
2024-07-24,GOTO,54.0
2024-07-25,GOTO,54.0
2024-07-26,GOTO,53.0
2024-07-29,GOTO,54.0
2024-07-30,GOTO,55.0
2024-07-31,GOTO,53.0
2024-08-01,GOTO,53.0
2024-08-02,GOTO,53.0
2024-08-05,GOTO,51.0
2024-08-06,GOTO,50.0
2024-08-07,GOTO,50.0
2024-08-08,GOTO,50.0
2024-08-09,GOTO,51.0
2024-08-12,GOTO,51.0
2024-08-13,GOTO,52.0
2024-08-14,GOTO,53.0
2024-08-15,GOTO,54.0
2024-08-16,GOTO,54.0
2024-08-19,GOTO,54.0
2024-08-20,GOTO,53.0
2024-08-21,GOTO,53.0
2024-08-22,GOTO,52.0
2024-08-23,GOTO,53.0
2024-08-26,GOTO,52.0
2024-08-27,GOTO,52.0
2024-08-28,GOTO,51.0
2024-08-29,GOTO,51.0
2024-08-30,GOTO,52.0
2024-09-02,GOTO,53.0
2024-09-03,GOTO,52.0
2024-09-04,GOTO,52.0
2024-09-05,GOTO,52.0
2024-09-06,GOTO,53.0
2024-09-09,GOTO,53.0
2024-09-10,GOTO,56.0
2024-09-11,GOTO,56.0
2024-09-12,GOTO,60.0
2024-09-13,GOTO,61.0
2024-09-17,GOTO,65.0
2024-09-18,GOTO,61.0
2024-09-19,GOTO,63.0
2024-09-20,GOTO,63.0
2024-09-23,GOTO,65.0
2024-09-24,GOTO,63.0
2024-09-25,GOTO,66.0
2024-09-26,GOTO,70.0
2024-09-27,GOTO,70.0
2024-09-30,GOTO,66.0
2024-10-01,GOTO,67.0
2024-10-02,GOTO,65.0
2024-10-03,GOTO,64.0
2024-10-04,GOTO,60.0
2024-10-07,GOTO,60.0
2024-10-08,GOTO,60.0
2024-10-09,GOTO,60.0
2024-10-10,GOTO,60.0
2024-10-11,GOTO,60.0
2024-10-14,GOTO,65.0
2024-10-15,GOTO,66.0
2024-10-16,GOTO,68.0
2024-10-17,GOTO,68.0
2024-10-18,GOTO,68.0
2024-10-21,GOTO,68.0
2024-10-22,GOTO,72.0
2024-10-23,GOTO,74.0
2024-10-24,GOTO,72.0
2024-10-25,GOTO,70.0
2024-10-28,GOTO,68.0
2024-10-29,GOTO,70.0
2024-10-30,GOTO,71.0
2024-10-31,GOTO,68.0
2024-11-01,GOTO,68.0
2024-11-04,GOTO,65.0
2024-11-05,GOTO,66.0
2024-11-06,GOTO,64.0
2024-11-07,GOTO,61.0
2024-11-08,GOTO,63.0
2024-11-11,GOTO,65.0
2024-11-12,GOTO,68.0
2024-11-13,GOTO,67.0
2024-11-14,GOTO,65.0
2024-11-15,GOTO,64.0
2024-11-18,GOTO,68.0
2024-11-19,GOTO,74.0
2024-11-20,GOTO,72.0
2024-11-21,GOTO,72.0
2024-11-22,GOTO,78.0
2024-11-25,GOTO,76.0
2024-11-26,GOTO,74.0
2024-11-28,GOTO,72.0
2024-11-29,GOTO,71.0
2024-12-02,GOTO,70.0
2024-12-03,GOTO,75.0
2024-12-04,GOTO,75.0
2024-12-05,GOTO,75.0
2024-12-06,GOTO,77.0
2024-12-09,GOTO,78.0
2024-12-10,GOTO,80.0
2024-12-11,GOTO,78.0
2024-12-12,GOTO,77.0
2024-12-13,GOTO,76.0
2024-12-16,GOTO,72.0
2024-12-17,GOTO,70.0
2024-12-18,GOTO,70.0
2024-12-19,GOTO,68.0
2024-12-20,GOTO,69.0
2024-12-23,GOTO,71.0
2024-12-24,GOTO,68.0
2024-12-27,GOTO,63.0
2024-12-30,GOTO,70.0
2025-01-02,GOTO,71.0
2025-01-03,GOTO,78.0
2025-01-06,GOTO,80.0
2025-01-07,GOTO,80.0
2025-01-08,GOTO,80.0
2025-01-09,GOTO,80.0
2025-01-10,GOTO,81.0
2025-01-13,GOTO,79.0
2025-01-14,GOTO,80.0
2025-01-15,GOTO,80.0
2025-01-16,GOTO,80.0
2025-01-17,GOTO,84.0
2025-01-20,GOTO,86.0
2025-01-21,GOTO,84.0
2025-01-22,GOTO,84.0
2025-01-23,GOTO,86.0
2025-01-24,GOTO,83.0
2025-01-30,GOTO,80.0
2025-01-31,GOTO,81.0
2025-02-03,GOTO,81.0
2025-02-04,GOTO,87.0
2025-02-05,GOTO,85.0
2025-02-06,GOTO,83.0
2025-02-07,GOTO,83.0
2025-02-10,GOTO,82.0
2025-02-11,GOTO,81.0
2025-02-12,GOTO,83.0
2025-02-13,GOTO,81.0
2025-02-14,GOTO,81.0
2025-02-17,GOTO,82.0
2025-02-18,GOTO,79.0
2025-02-19,GOTO,80.0
2025-02-20,GOTO,80.0
2025-02-21,GOTO,80.0
2025-02-24,GOTO,79.0
2025-02-25,GOTO,78.0
2025-02-26,GOTO,77.0
2025-02-27,GOTO,76.0
2025-02-28,GOTO,75.0
2025-03-03,GOTO,80.0
2025-03-04,GOTO,77.0
2025-03-05,GOTO,82.0
2025-03-06,GOTO,82.0
2025-03-07,GOTO,86.0
2025-03-10,GOTO,85.0
2025-03-11,GOTO,80.0
2025-03-12,GOTO,83.0
2025-03-13,GOTO,81.0
2025-03-14,GOTO,80.0
2025-03-17,GOTO,79.0
2025-03-18,GOTO,83.0
2025-03-19,GOTO,82.0
2025-03-20,GOTO,81.0
2025-03-21,GOTO,81.0
2025-03-24,GOTO,80.0
2025-03-25,GOTO,79.0
2025-03-26,GOTO,83.0
2025-03-27,GOTO,83.0
2025-04-08,GOTO,71.0
2025-04-09,GOTO,67.0
2025-04-10,GOTO,76.0
2025-04-11,GOTO,77.0
2025-04-14,GOTO,80.0
2025-04-15,GOTO,79.0
2025-04-16,GOTO,80.0
2025-04-17,GOTO,80.0
2025-04-21,GOTO,79.0
2025-04-22,GOTO,79.0
2025-04-23,GOTO,80.0
2025-04-24,GOTO,80.0
2025-04-25,GOTO,84.0
2025-04-28,GOTO,82.0
2025-04-29,GOTO,85.0
2025-04-30,GOTO,85.0
2025-05-02,GOTO,82.0
2025-05-05,GOTO,83.0
2025-05-06,GOTO,83.0
2025-05-07,GOTO,84.0
2025-05-08,GOTO,81.0
2025-05-09,GOTO,81.0
2025-05-14,GOTO,79.0
2025-05-15,GOTO,73.0
2025-05-16,GOTO,73.0
2025-05-19,GOTO,71.0
2025-05-20,GOTO,72.0
2025-05-21,GOTO,70.0
2025-05-22,GOTO,72.0
2025-05-23,GOTO,72.0
2025-05-26,GOTO,68.0
2025-05-27,GOTO,66.0
2025-05-28,GOTO,64.0
2025-06-02,GOTO,62.0
2025-06-03,GOTO,62.0
2025-06-04,GOTO,62.0
2025-06-05,GOTO,61.0
2025-06-10,GOTO,66.0
2025-06-11,GOTO,68.0
2025-06-12,GOTO,67.0
2025-06-13,GOTO,64.0
2025-06-16,GOTO,64.0
2025-06-17,GOTO,64.0
2025-06-18,GOTO,63.0
2025-06-19,GOTO,61.0
2025-06-20,GOTO,59.0
2025-06-23,GOTO,57.0
2025-06-24,GOTO,57.0
2025-06-25,GOTO,59.0
2025-06-26,GOTO,60.0
2025-06-30,GOTO,58.0
2025-07-01,GOTO,59.0
2025-07-02,GOTO,57.0
2025-07-03,GOTO,57.0
2025-07-04,GOTO,59.0
2025-07-07,GOTO,60.0
2025-07-08,GOTO,60.0
2025-07-09,GOTO,59.0
2025-07-10,GOTO,60.0
2025-07-11,GOTO,59.0
2025-07-14,GOTO,59.0
2025-07-15,GOTO,59.0
2025-07-16,GOTO,59.0
2025-07-17,GOTO,60.0
2025-07-18,GOTO,58.0
2025-07-21,GOTO,57.0
2025-07-22,GOTO,58.0
2025-07-23,GOTO,60.0
2025-07-24,GOTO,59.0
2025-07-25,GOTO,58.0
2025-07-28,GOTO,59.0
2025-07-29,GOTO,59.0
2025-07-30,GOTO,64.0
2025-07-31,GOTO,65.0
2025-08-01,GOTO,65.0
2025-08-04,GOTO,63.0
2025-08-05,GOTO,65.0
2025-08-06,GOTO,65.0
2025-08-07,GOTO,63.0
2025-08-08,GOTO,62.0
2025-08-11,GOTO,62.0
2025-08-12,GOTO,65.0
2025-08-13,GOTO,64.0
2025-08-14,GOTO,62.0
2025-08-15,GOTO,62.0
2025-08-19,GOTO,61.0
2025-08-20,GOTO,61.0
2025-08-21,GOTO,61.0
2025-08-22,GOTO,61.0
2025-08-25,GOTO,60.0
2025-08-26,GOTO,61.0
2025-08-27,GOTO,60.0
2025-08-28,GOTO,59.0
2025-08-29,GOTO,58.0
2025-09-01,GOTO,58.0
2025-09-02,GOTO,58.0
2025-09-03,GOTO,58.0
2025-09-04,GOTO,59.0
2025-09-08,GOTO,58.0
2025-09-09,GOTO,56.0
2025-09-10,GOTO,56.0
2025-09-11,GOTO,57.0
2025-09-12,GOTO,57.0
2025-09-15,GOTO,57.0
2025-09-16,GOTO,57.0
2025-09-17,GOTO,57.0
2025-09-18,GOTO,56.0
2025-09-19,GOTO,55.0
2025-09-22,GOTO,54.0
2025-09-23,GOTO,54.0
2025-09-24,GOTO,53.0
2025-09-25,GOTO,55.0
2025-09-26,GOTO,57.0
2025-09-29,GOTO,56.0
2025-09-30,GOTO,54.0
2025-10-01,GOTO,55.0
2025-10-02,GOTO,54.0
2025-10-03,GOTO,57.0
2025-10-06,GOTO,57.0
2025-10-07,GOTO,56.0
2025-10-08,GOTO,56.0
2025-10-09,GOTO,55.0
2025-10-10,GOTO,54.0
2025-10-13,GOTO,55.0
2025-10-14,GOTO,55.0
2025-10-15,GOTO,54.0
2025-10-16,GOTO,55.0
2025-10-17,GOTO,55.0
2025-10-20,GOTO,55.0
2025-10-21,GOTO,56.0
2025-10-22,GOTO,54.0
2025-10-23,GOTO,56.0
2025-10-24,GOTO,55.0
2025-10-27,GOTO,55.0
2025-10-28,GOTO,55.0
2025-10-29,GOTO,56.0
2025-10-30,GOTO,60.0
2025-10-31,GOTO,60.0
2025-11-03,GOTO,59.0
2025-11-04,GOTO,57.0
2025-11-05,GOTO,62.0
2025-11-06,GOTO,61.0
2025-11-07,GOTO,61.0
2025-11-10,GOTO,67.0
2025-11-11,GOTO,67.0
2025-11-12,GOTO,65.0
2025-11-13,GOTO,64.0
2025-11-14,GOTO,65.0
2025-11-17,GOTO,62.0
2025-11-18,GOTO,61.0
2025-11-19,GOTO,60.0
2025-11-20,GOTO,60.0
2025-11-21,GOTO,64.0
2025-11-24,GOTO,65.0
2025-11-25,GOTO,65.0
2025-11-26,GOTO,65.0
2025-11-27,GOTO,65.0
2025-11-28,GOTO,64.0
2025-12-01,GOTO,67.0
2025-12-02,GOTO,65.0
2025-12-03,GOTO,64.0
2025-12-04,GOTO,64.0
2025-12-05,GOTO,64.0
2025-12-08,GOTO,70.0
2025-12-09,GOTO,71.0
2025-12-10,GOTO,70.0
2025-12-11,GOTO,68.0
2025-12-12,GOTO,66.0
2025-12-15,GOTO,65.0
2025-12-16,GOTO,68.0
2025-12-17,GOTO,66.0
2025-12-18,GOTO,65.0
2025-12-19,GOTO,65.0
2025-12-22,GOTO,64.0
2025-12-23,GOTO,64.0
2025-12-24,GOTO,65.0
2025-12-29,GOTO,64.0
2025-12-30,GOTO,64.0
2026-01-02,GOTO,69.0
2026-01-05,GOTO,68.0
2026-01-06,GOTO,68.0
2026-01-07,GOTO,67.0
2026-01-08,GOTO,66.0
2026-01-09,GOTO,66.0
2026-01-12,GOTO,66.0
2026-01-13,GOTO,67.0
2026-01-14,GOTO,69.0
2026-01-15,GOTO,68.0
2026-01-19,GOTO,66.0
2026-01-20,GOTO,66.0
2026-01-21,GOTO,64.0
2026-01-22,GOTO,62.0
2026-01-23,GOTO,60.0
2026-01-26,GOTO,60.0
2022-12-30,HRUM,1620.0
2023-01-02,HRUM,1620.0
2023-01-03,HRUM,1645.0
2023-01-04,HRUM,1625.0
2023-01-05,HRUM,1530.0
2023-01-06,HRUM,1520.0
2023-01-09,HRUM,1575.0
2023-01-10,HRUM,1630.0
2023-01-11,HRUM,1640.0
2023-01-12,HRUM,1615.0
2023-01-13,HRUM,1670.0
2023-01-16,HRUM,1695.0
2023-01-17,HRUM,1730.0
2023-01-18,HRUM,1725.0
2023-01-19,HRUM,1745.0
2023-01-20,HRUM,1755.0
2023-01-24,HRUM,1725.0
2023-01-25,HRUM,1725.0
2023-01-26,HRUM,1685.0
2023-01-27,HRUM,1690.0
2023-01-30,HRUM,1695.0
2023-01-31,HRUM,1730.0
2023-02-01,HRUM,1745.0
2023-02-02,HRUM,1695.0
2023-02-03,HRUM,1645.0
2023-02-06,HRUM,1640.0
2023-02-07,HRUM,1690.0
2023-02-08,HRUM,1695.0
2023-02-09,HRUM,1675.0
2023-02-10,HRUM,1650.0
2023-02-13,HRUM,1625.0
2023-02-14,HRUM,1630.0
2023-02-15,HRUM,1640.0
2023-02-16,HRUM,1605.0
2023-02-17,HRUM,1605.0
2023-02-20,HRUM,1615.0
2023-02-21,HRUM,1605.0
2023-02-22,HRUM,1575.0
2023-02-23,HRUM,1600.0
2023-02-24,HRUM,1590.0
2023-02-27,HRUM,1590.0
2023-02-28,HRUM,1630.0
2023-03-01,HRUM,1655.0
2023-03-02,HRUM,1670.0
2023-03-03,HRUM,1690.0
2023-03-06,HRUM,1660.0
2023-03-07,HRUM,1665.0
2023-03-08,HRUM,1630.0
2023-03-09,HRUM,1610.0
2023-03-10,HRUM,1635.0
2023-03-13,HRUM,1625.0
2023-03-14,HRUM,1555.0
2023-03-15,HRUM,1530.0
2023-03-16,HRUM,1425.0
2023-03-17,HRUM,1465.0
2023-03-20,HRUM,1440.0
2023-03-21,HRUM,1390.0
2023-03-24,HRUM,1390.0
2023-03-27,HRUM,1405.0
2023-03-28,HRUM,1460.0
2023-03-29,HRUM,1500.0
2023-03-30,HRUM,1475.0
2023-03-31,HRUM,1460.0
2023-04-03,HRUM,1485.0
2023-04-04,HRUM,1570.0
2023-04-05,HRUM,1550.0
2023-04-06,HRUM,1585.0
2023-04-10,HRUM,1550.0
2023-04-11,HRUM,1550.0
2023-04-12,HRUM,1565.0
2023-04-13,HRUM,1575.0
2023-04-14,HRUM,1545.0
2023-04-17,HRUM,1500.0
2023-04-18,HRUM,1510.0
2023-04-26,HRUM,1540.0
2023-04-27,HRUM,1510.0
2023-04-28,HRUM,1510.0
2023-05-02,HRUM,1460.0
2023-05-03,HRUM,1445.0
2023-05-04,HRUM,1470.0
2023-05-05,HRUM,1380.0
2023-05-08,HRUM,1420.0
2023-05-09,HRUM,1430.0
2023-05-10,HRUM,1410.0
2023-05-11,HRUM,1375.0
2023-05-12,HRUM,1350.0
2023-05-15,HRUM,1295.0
2023-05-16,HRUM,1250.0
2023-05-17,HRUM,1280.0
2023-05-19,HRUM,1260.0
2023-05-22,HRUM,1285.0
2023-05-23,HRUM,1300.0
2023-05-24,HRUM,1285.0
2023-05-25,HRUM,1280.0
2023-05-26,HRUM,1260.0
2023-05-29,HRUM,1305.0
2023-05-30,HRUM,1360.0
2023-05-31,HRUM,1410.0
2023-06-05,HRUM,1440.0
2023-06-06,HRUM,1425.0
2023-06-07,HRUM,1385.0
2023-06-08,HRUM,1480.0
2023-06-09,HRUM,1455.0
2023-06-12,HRUM,1485.0
2023-06-13,HRUM,1505.0
2023-06-14,HRUM,1470.0
2023-06-15,HRUM,1460.0
2023-06-16,HRUM,1460.0
2023-06-19,HRUM,1430.0
2023-06-20,HRUM,1410.0
2023-06-21,HRUM,1400.0
2023-06-22,HRUM,1435.0
2023-06-23,HRUM,1445.0
2023-06-26,HRUM,1415.0
2023-06-27,HRUM,1420.0
2023-07-03,HRUM,1495.0
2023-07-04,HRUM,1580.0
2023-07-05,HRUM,1590.0
2023-07-06,HRUM,1620.0
2023-07-07,HRUM,1585.0
2023-07-10,HRUM,1605.0
2023-07-11,HRUM,1610.0
2023-07-12,HRUM,1595.0
2023-07-13,HRUM,1525.0
2023-07-14,HRUM,1525.0
2023-07-17,HRUM,1530.0
2023-07-18,HRUM,1490.0
2023-07-20,HRUM,1540.0
2023-07-21,HRUM,1545.0
2023-07-24,HRUM,1555.0
2023-07-25,HRUM,1555.0
2023-07-26,HRUM,1705.0
2023-07-27,HRUM,1655.0
2023-07-28,HRUM,1670.0
2023-07-31,HRUM,1660.0
2023-08-01,HRUM,1685.0
2023-08-02,HRUM,1630.0
2023-08-03,HRUM,1640.0
2023-08-04,HRUM,1605.0
2023-08-07,HRUM,1630.0
2023-08-08,HRUM,1640.0
2023-08-09,HRUM,1620.0
2023-08-10,HRUM,1635.0
2023-08-11,HRUM,1610.0
2023-08-14,HRUM,1570.0
2023-08-15,HRUM,1580.0
2023-08-16,HRUM,1585.0
2023-08-18,HRUM,1560.0
2023-08-21,HRUM,1580.0
2023-08-22,HRUM,1640.0
2023-08-23,HRUM,1635.0
2023-08-24,HRUM,1610.0
2023-08-25,HRUM,1600.0
2023-08-28,HRUM,1615.0
2023-08-29,HRUM,1600.0
2023-08-30,HRUM,1585.0
2023-08-31,HRUM,1560.0
2023-09-01,HRUM,1575.0
2023-09-04,HRUM,1620.0
2023-09-05,HRUM,1605.0
2023-09-06,HRUM,1695.0
2023-09-07,HRUM,1670.0
2023-09-08,HRUM,1665.0
2023-09-11,HRUM,1695.0
2023-09-12,HRUM,1735.0
2023-09-13,HRUM,1760.0
2023-09-14,HRUM,1800.0
2023-09-15,HRUM,1810.0
2023-09-18,HRUM,1780.0
2023-09-19,HRUM,1845.0
2023-09-20,HRUM,1810.0
2023-09-21,HRUM,1790.0
2023-09-22,HRUM,1820.0
2023-09-25,HRUM,1820.0
2023-09-26,HRUM,1735.0
2023-09-27,HRUM,1870.0
2023-09-29,HRUM,1885.0
2023-10-02,HRUM,1820.0
2023-10-03,HRUM,1735.0
2023-10-04,HRUM,1695.0
2023-10-05,HRUM,1635.0
2023-10-06,HRUM,1660.0
2023-10-09,HRUM,1680.0
2023-10-10,HRUM,1670.0
2023-10-11,HRUM,1675.0
2023-10-12,HRUM,1620.0
2023-10-13,HRUM,1670.0
2023-10-16,HRUM,1705.0
2023-10-17,HRUM,1700.0
2023-10-18,HRUM,1725.0
2023-10-19,HRUM,1760.0
2023-10-20,HRUM,1760.0
2023-10-23,HRUM,1720.0
2023-10-24,HRUM,1735.0
2023-10-25,HRUM,1760.0
2023-10-26,HRUM,1725.0
2023-10-27,HRUM,1735.0
2023-10-30,HRUM,1600.0
2023-10-31,HRUM,1615.0
2023-11-01,HRUM,1510.0
2023-11-02,HRUM,1525.0
2023-11-03,HRUM,1515.0
2023-11-06,HRUM,1515.0
2023-11-07,HRUM,1470.0
2023-11-08,HRUM,1465.0
2023-11-09,HRUM,1475.0
2023-11-10,HRUM,1460.0
2023-11-13,HRUM,1445.0
2023-11-14,HRUM,1470.0
2023-11-15,HRUM,1450.0
2023-11-16,HRUM,1440.0
2023-11-17,HRUM,1410.0
2023-11-20,HRUM,1415.0
2023-11-21,HRUM,1420.0
2023-11-22,HRUM,1435.0
2023-11-23,HRUM,1415.0
2023-11-24,HRUM,1440.0
2023-11-27,HRUM,1445.0
2023-11-28,HRUM,1455.0
2023-11-29,HRUM,1435.0
2023-11-30,HRUM,1385.0
2023-12-01,HRUM,1400.0
2023-12-04,HRUM,1365.0
2023-12-05,HRUM,1320.0
2023-12-06,HRUM,1270.0
2023-12-07,HRUM,1265.0
2023-12-08,HRUM,1330.0
2023-12-11,HRUM,1330.0
2023-12-12,HRUM,1310.0
2023-12-13,HRUM,1280.0
2023-12-14,HRUM,1320.0
2023-12-15,HRUM,1330.0
2023-12-18,HRUM,1305.0
2023-12-19,HRUM,1305.0
2023-12-20,HRUM,1315.0
2023-12-21,HRUM,1310.0
2023-12-22,HRUM,1305.0
2023-12-27,HRUM,1350.0
2023-12-28,HRUM,1345.0
2023-12-29,HRUM,1335.0
2024-01-02,HRUM,1380.0
2024-01-03,HRUM,1355.0
2024-01-04,HRUM,1385.0
2024-01-05,HRUM,1375.0
2024-01-08,HRUM,1380.0
2024-01-09,HRUM,1345.0
2024-01-10,HRUM,1360.0
2024-01-11,HRUM,1345.0
2024-01-12,HRUM,1350.0
2024-01-15,HRUM,1340.0
2024-01-16,HRUM,1335.0
2024-01-17,HRUM,1325.0
2024-01-18,HRUM,1310.0
2024-01-19,HRUM,1315.0
2024-01-22,HRUM,1285.0
2024-01-23,HRUM,1235.0
2024-01-24,HRUM,1150.0
2024-01-25,HRUM,1180.0
2024-01-26,HRUM,1155.0
2024-01-29,HRUM,1150.0
2024-01-30,HRUM,1200.0
2024-01-31,HRUM,1175.0
2024-02-01,HRUM,1190.0
2024-02-02,HRUM,1180.0
2024-02-05,HRUM,1155.0
2024-02-06,HRUM,1140.0
2024-02-07,HRUM,1105.0
2024-02-12,HRUM,1115.0
2024-02-13,HRUM,1135.0
2024-02-15,HRUM,1190.0
2024-02-16,HRUM,1175.0
2024-02-19,HRUM,1175.0
2024-02-20,HRUM,1175.0
2024-02-21,HRUM,1155.0
2024-02-22,HRUM,1210.0
2024-02-23,HRUM,1225.0
2024-02-26,HRUM,1220.0
2024-02-27,HRUM,1200.0
2024-02-28,HRUM,1230.0
2024-02-29,HRUM,1250.0
2024-03-01,HRUM,1260.0
2024-03-04,HRUM,1260.0
2024-03-05,HRUM,1240.0
2024-03-06,HRUM,1265.0
2024-03-07,HRUM,1320.0
2024-03-08,HRUM,1295.0
2024-03-13,HRUM,1360.0
2024-03-14,HRUM,1380.0
2024-03-15,HRUM,1410.0
2024-03-18,HRUM,1440.0
2024-03-19,HRUM,1395.0
2024-03-20,HRUM,1365.0
2024-03-21,HRUM,1390.0
2024-03-22,HRUM,1385.0
2024-03-25,HRUM,1355.0
2024-03-26,HRUM,1335.0
2024-03-27,HRUM,1380.0
2024-03-28,HRUM,1350.0
2024-04-01,HRUM,1355.0
2024-04-02,HRUM,1425.0
2024-04-03,HRUM,1470.0
2024-04-04,HRUM,1455.0
2024-04-05,HRUM,1440.0
2024-04-16,HRUM,1565.0
2024-04-17,HRUM,1565.0
2024-04-18,HRUM,1370.0
2024-04-19,HRUM,1290.0
2024-04-22,HRUM,1335.0
2024-04-23,HRUM,1355.0
2024-04-24,HRUM,1300.0
2024-04-25,HRUM,1320.0
2024-04-26,HRUM,1300.0
2024-04-29,HRUM,1390.0
2024-04-30,HRUM,1410.0
2024-05-02,HRUM,1350.0
2024-05-03,HRUM,1375.0
2024-05-06,HRUM,1385.0
2024-05-07,HRUM,1400.0
2024-05-08,HRUM,1345.0
2024-05-13,HRUM,1345.0
2024-05-14,HRUM,1345.0
2024-05-15,HRUM,1305.0
2024-05-16,HRUM,1300.0
2024-05-17,HRUM,1395.0
2024-05-20,HRUM,1410.0
2024-05-21,HRUM,1365.0
2024-05-22,HRUM,1330.0
2024-05-27,HRUM,1320.0
2024-05-28,HRUM,1385.0
2024-05-29,HRUM,1385.0
2024-05-30,HRUM,1365.0
2024-05-31,HRUM,1400.0
2024-06-03,HRUM,1350.0
2024-06-04,HRUM,1345.0
2024-06-05,HRUM,1245.0
2024-06-06,HRUM,1190.0
2024-06-07,HRUM,1115.0
2024-06-10,HRUM,1150.0
2024-06-11,HRUM,1150.0
2024-06-12,HRUM,1110.0
2024-06-13,HRUM,1115.0
2024-06-14,HRUM,1105.0
2024-06-19,HRUM,1055.0
2024-06-20,HRUM,1140.0
2024-06-21,HRUM,1130.0
2024-06-24,HRUM,1120.0
2024-06-25,HRUM,1125.0
2024-06-26,HRUM,1145.0
2024-06-27,HRUM,1130.0
2024-06-28,HRUM,1140.0
2024-07-01,HRUM,1205.0
2024-07-02,HRUM,1210.0
2024-07-03,HRUM,1195.0
2024-07-04,HRUM,1210.0
2024-07-05,HRUM,1195.0
2024-07-08,HRUM,1200.0
2024-07-09,HRUM,1225.0
2024-07-10,HRUM,1220.0
2024-07-11,HRUM,1225.0
2024-07-12,HRUM,1260.0
2024-07-15,HRUM,1220.0
2024-07-16,HRUM,1230.0
2024-07-17,HRUM,1230.0
2024-07-18,HRUM,1235.0
2024-07-19,HRUM,1240.0
2024-07-22,HRUM,1245.0
2024-07-23,HRUM,1230.0
2024-07-24,HRUM,1230.0
2024-07-25,HRUM,1190.0
2024-07-26,HRUM,1195.0
2024-07-29,HRUM,1190.0
2024-07-30,HRUM,1180.0
2024-07-31,HRUM,1190.0
2024-08-01,HRUM,1210.0
2024-08-02,HRUM,1185.0
2024-08-05,HRUM,1120.0
2024-08-06,HRUM,1175.0
2024-08-07,HRUM,1160.0
2024-08-08,HRUM,1160.0
2024-08-09,HRUM,1160.0
2024-08-12,HRUM,1320.0
2024-08-13,HRUM,1320.0
2024-08-14,HRUM,1345.0
2024-08-15,HRUM,1380.0
2024-08-16,HRUM,1335.0
2024-08-19,HRUM,1315.0
2024-08-20,HRUM,1345.0
2024-08-21,HRUM,1345.0
2024-08-22,HRUM,1295.0
2024-08-23,HRUM,1335.0
2024-08-26,HRUM,1350.0
2024-08-27,HRUM,1430.0
2024-08-28,HRUM,1415.0
2024-08-29,HRUM,1375.0
2024-08-30,HRUM,1340.0
2024-09-02,HRUM,1355.0
2024-09-03,HRUM,1330.0
2024-09-04,HRUM,1325.0
2024-09-05,HRUM,1360.0
2024-09-06,HRUM,1340.0
2024-09-09,HRUM,1315.0
2024-09-10,HRUM,1315.0
2024-09-11,HRUM,1290.0
2024-09-12,HRUM,1350.0
2024-09-13,HRUM,1340.0
2024-09-17,HRUM,1350.0
2024-09-18,HRUM,1340.0
2024-09-19,HRUM,1355.0
2024-09-20,HRUM,1365.0
2024-09-23,HRUM,1420.0
2024-09-24,HRUM,1425.0
2024-09-25,HRUM,1405.0
2024-09-26,HRUM,1415.0
2024-09-27,HRUM,1390.0
2024-09-30,HRUM,1380.0
2024-10-01,HRUM,1410.0
2024-10-02,HRUM,1420.0
2024-10-03,HRUM,1430.0
2024-10-04,HRUM,1405.0
2024-10-07,HRUM,1415.0
2024-10-08,HRUM,1380.0
2024-10-09,HRUM,1340.0
2024-10-10,HRUM,1340.0
2024-10-11,HRUM,1340.0
2024-10-14,HRUM,1335.0
2024-10-15,HRUM,1365.0
2024-10-16,HRUM,1340.0
2024-10-17,HRUM,1345.0
2024-10-18,HRUM,1325.0
2024-10-21,HRUM,1320.0
2024-10-22,HRUM,1345.0
2024-10-23,HRUM,1325.0
2024-10-24,HRUM,1315.0
2024-10-25,HRUM,1310.0
2024-10-28,HRUM,1240.0
2024-10-29,HRUM,1185.0
2024-10-30,HRUM,1200.0
2024-10-31,HRUM,1210.0
2024-11-01,HRUM,1200.0
2024-11-04,HRUM,1185.0
2024-11-05,HRUM,1210.0
2024-11-06,HRUM,1185.0
2024-11-07,HRUM,1135.0
2024-11-08,HRUM,1145.0
2024-11-11,HRUM,1160.0
2024-11-12,HRUM,1190.0
2024-11-13,HRUM,1185.0
2024-11-14,HRUM,1175.0
2024-11-15,HRUM,1145.0
2024-11-18,HRUM,1120.0
2024-11-19,HRUM,1155.0
2024-11-20,HRUM,1180.0
2024-11-21,HRUM,1155.0
2024-11-22,HRUM,1130.0
2024-11-25,HRUM,1125.0
2024-11-26,HRUM,1125.0
2024-11-28,HRUM,1110.0
2024-11-29,HRUM,1090.0
2024-12-02,HRUM,1080.0
2024-12-03,HRUM,1080.0
2024-12-04,HRUM,1125.0
2024-12-05,HRUM,1105.0
2024-12-06,HRUM,1105.0
2024-12-09,HRUM,1115.0
2024-12-10,HRUM,1150.0
2024-12-11,HRUM,1145.0
2024-12-12,HRUM,1135.0
2024-12-13,HRUM,1130.0
2024-12-16,HRUM,1100.0
2024-12-17,HRUM,1065.0
2024-12-18,HRUM,1085.0
2024-12-19,HRUM,1020.0
2024-12-20,HRUM,1025.0
2024-12-23,HRUM,1030.0
2024-12-24,HRUM,1030.0
2024-12-27,HRUM,1025.0
2024-12-30,HRUM,1035.0
2025-01-02,HRUM,1060.0
2025-01-03,HRUM,1040.0
2025-01-06,HRUM,1035.0
2025-01-07,HRUM,995.0
2025-01-08,HRUM,965.0
2025-01-09,HRUM,950.0
2025-01-10,HRUM,950.0
2025-01-13,HRUM,975.0
2025-01-14,HRUM,1010.0
2025-01-15,HRUM,995.0
2025-01-16,HRUM,1000.0
2025-01-17,HRUM,1000.0
2025-01-20,HRUM,1000.0
2025-01-21,HRUM,980.0
2025-01-22,HRUM,970.0
2025-01-23,HRUM,950.0
2025-01-24,HRUM,910.0
2025-01-30,HRUM,900.0
2025-01-31,HRUM,895.0
2025-02-03,HRUM,880.0
2025-02-04,HRUM,870.0
2025-02-05,HRUM,895.0
2025-02-06,HRUM,860.0
2025-02-07,HRUM,860.0
2025-02-10,HRUM,845.0
2025-02-11,HRUM,820.0
2025-02-12,HRUM,845.0
2025-02-13,HRUM,850.0
2025-02-14,HRUM,850.0
2025-02-17,HRUM,860.0
2025-02-18,HRUM,840.0
2025-02-19,HRUM,830.0
2025-02-20,HRUM,840.0
2025-02-21,HRUM,825.0
2025-02-24,HRUM,825.0
2025-02-25,HRUM,785.0
2025-02-26,HRUM,755.0
2025-02-27,HRUM,770.0
2025-02-28,HRUM,695.0
2025-03-03,HRUM,705.0
2025-03-04,HRUM,710.0
2025-03-05,HRUM,715.0
2025-03-06,HRUM,745.0
2025-03-07,HRUM,770.0
2025-03-10,HRUM,770.0
2025-03-11,HRUM,760.0
2025-03-12,HRUM,745.0
2025-03-13,HRUM,745.0
2025-03-14,HRUM,730.0
2025-03-17,HRUM,750.0
2025-03-18,HRUM,715.0
2025-03-19,HRUM,710.0
2025-03-20,HRUM,705.0
2025-03-21,HRUM,700.0
2025-03-24,HRUM,700.0
2025-03-25,HRUM,685.0
2025-03-26,HRUM,715.0
2025-03-27,HRUM,695.0
2025-04-08,HRUM,615.0
2025-04-09,HRUM,605.0
2025-04-10,HRUM,650.0
2025-04-11,HRUM,660.0
2025-04-14,HRUM,685.0
2025-04-15,HRUM,695.0
2025-04-16,HRUM,695.0
2025-04-17,HRUM,695.0
2025-04-21,HRUM,715.0
2025-04-22,HRUM,855.0
2025-04-23,HRUM,790.0
2025-04-24,HRUM,765.0
2025-04-25,HRUM,790.0
2025-04-28,HRUM,780.0
2025-04-29,HRUM,770.0
2025-04-30,HRUM,765.0
2025-05-02,HRUM,760.0
2025-05-05,HRUM,795.0
2025-05-06,HRUM,830.0
2025-05-07,HRUM,850.0
2025-05-08,HRUM,805.0
2025-05-09,HRUM,805.0
2025-05-14,HRUM,810.0
2025-05-15,HRUM,795.0
2025-05-16,HRUM,820.0
2025-05-19,HRUM,825.0
2025-05-20,HRUM,805.0
2025-05-21,HRUM,825.0
2025-05-22,HRUM,835.0
2025-05-23,HRUM,830.0
2025-05-26,HRUM,825.0
2025-05-27,HRUM,835.0
2025-05-28,HRUM,810.0
2025-06-02,HRUM,790.0
2025-06-03,HRUM,800.0
2025-06-04,HRUM,900.0
2025-06-05,HRUM,870.0
2025-06-10,HRUM,865.0
2025-06-11,HRUM,880.0
2025-06-12,HRUM,875.0
2025-06-13,HRUM,895.0
2025-06-16,HRUM,905.0
2025-06-17,HRUM,890.0
2025-06-18,HRUM,880.0
2025-06-19,HRUM,860.0
2025-06-20,HRUM,830.0
2025-06-23,HRUM,815.0
2025-06-24,HRUM,815.0
2025-06-25,HRUM,795.0
2025-06-26,HRUM,810.0
2025-06-30,HRUM,830.0
2025-07-01,HRUM,825.0
2025-07-02,HRUM,805.0
2025-07-03,HRUM,815.0
2025-07-04,HRUM,810.0
2025-07-07,HRUM,795.0
2025-07-08,HRUM,795.0
2025-07-09,HRUM,805.0
2025-07-10,HRUM,825.0
2025-07-11,HRUM,840.0
2025-07-14,HRUM,830.0
2025-07-15,HRUM,815.0
2025-07-16,HRUM,820.0
2025-07-17,HRUM,835.0
2025-07-18,HRUM,815.0
2025-07-21,HRUM,840.0
2025-07-22,HRUM,830.0
2025-07-23,HRUM,840.0
2025-07-24,HRUM,820.0
2025-07-25,HRUM,810.0
2025-07-28,HRUM,810.0
2025-07-29,HRUM,810.0
2025-07-30,HRUM,810.0
2025-07-31,HRUM,790.0
2025-08-01,HRUM,825.0
2025-08-04,HRUM,890.0
2025-08-05,HRUM,855.0
2025-08-06,HRUM,870.0
2025-08-07,HRUM,880.0
2025-08-08,HRUM,850.0
2025-08-11,HRUM,870.0
2025-08-12,HRUM,865.0
2025-08-13,HRUM,885.0
2025-08-14,HRUM,895.0
2025-08-15,HRUM,860.0
2025-08-19,HRUM,860.0
2025-08-20,HRUM,865.0
2025-08-21,HRUM,870.0
2025-08-22,HRUM,860.0
2025-08-25,HRUM,855.0
2025-08-26,HRUM,900.0
2025-08-27,HRUM,930.0
2025-08-28,HRUM,940.0
2025-08-29,HRUM,915.0
2025-09-01,HRUM,895.0
2025-09-02,HRUM,920.0
2025-09-03,HRUM,1075.0
2025-09-04,HRUM,1035.0
2025-09-08,HRUM,1040.0
2025-09-09,HRUM,1090.0
2025-09-10,HRUM,1070.0
2025-09-11,HRUM,1105.0
2025-09-12,HRUM,1135.0
2025-09-15,HRUM,1135.0
2025-09-16,HRUM,1095.0
2025-09-17,HRUM,1105.0
2025-09-18,HRUM,1075.0
2025-09-19,HRUM,1045.0
2025-09-22,HRUM,1055.0
2025-09-23,HRUM,1120.0
2025-09-24,HRUM,1080.0
2025-09-25,HRUM,1070.0
2025-09-26,HRUM,1105.0
2025-09-29,HRUM,1165.0
2025-09-30,HRUM,1130.0
2025-10-01,HRUM,1240.0
2025-10-02,HRUM,1240.0
2025-10-03,HRUM,1190.0
2025-10-06,HRUM,1195.0
2025-10-07,HRUM,1180.0
2025-10-08,HRUM,1305.0
2025-10-09,HRUM,1245.0
2025-10-10,HRUM,1230.0
2025-10-13,HRUM,1250.0
2025-10-14,HRUM,1195.0
2025-10-15,HRUM,1170.0
2025-10-16,HRUM,1190.0
2025-10-17,HRUM,1080.0
2025-10-20,HRUM,1080.0
2025-10-21,HRUM,1130.0
2025-10-22,HRUM,1095.0
2025-10-23,HRUM,1080.0
2025-10-24,HRUM,1085.0
2025-10-27,HRUM,1105.0
2025-10-28,HRUM,1090.0
2025-10-29,HRUM,1175.0
2025-10-30,HRUM,1175.0
2025-10-31,HRUM,1170.0
2025-11-03,HRUM,1110.0
2025-11-04,HRUM,1080.0
2025-11-05,HRUM,1030.0
2025-11-06,HRUM,1035.0
2025-11-07,HRUM,1040.0
2025-11-10,HRUM,1065.0
2025-11-11,HRUM,1070.0
2025-11-12,HRUM,1050.0
2025-11-13,HRUM,1030.0
2025-11-14,HRUM,1010.0
2025-11-17,HRUM,1015.0
2025-11-18,HRUM,980.0
2025-11-19,HRUM,990.0
2025-11-20,HRUM,980.0
2025-11-21,HRUM,970.0
2025-11-24,HRUM,985.0
2025-11-25,HRUM,1005.0
2025-11-26,HRUM,1000.0
2025-11-27,HRUM,995.0
2025-11-28,HRUM,1005.0
2025-12-01,HRUM,1045.0
2025-12-02,HRUM,1040.0
2025-12-03,HRUM,1030.0
2025-12-04,HRUM,1005.0
2025-12-05,HRUM,1005.0
2025-12-08,HRUM,1040.0
2025-12-09,HRUM,1030.0
2025-12-10,HRUM,1020.0
2025-12-11,HRUM,985.0
2025-12-12,HRUM,1005.0
2025-12-15,HRUM,1000.0
2025-12-16,HRUM,995.0
2025-12-17,HRUM,1005.0
2025-12-18,HRUM,1015.0
2025-12-19,HRUM,1000.0
2025-12-22,HRUM,1020.0
2025-12-23,HRUM,1060.0
2025-12-24,HRUM,1035.0
2025-12-29,HRUM,1065.0
2025-12-30,HRUM,1075.0
2026-01-02,HRUM,1095.0
2026-01-05,HRUM,1085.0
2026-01-06,HRUM,1155.0
2026-01-07,HRUM,1200.0
2026-01-08,HRUM,1135.0
2026-01-09,HRUM,1165.0
2026-01-12,HRUM,1155.0
2026-01-13,HRUM,1210.0
2026-01-14,HRUM,1285.0
2026-01-15,HRUM,1230.0
2026-01-19,HRUM,1170.0
2026-01-20,HRUM,1195.0
2026-01-21,HRUM,1185.0
2026-01-22,HRUM,1185.0
2026-01-23,HRUM,1190.0
2026-01-26,HRUM,1240.0
2022-12-30,INCO,6902.46484375
2023-01-02,INCO,6853.85595703125
2023-01-03,INCO,6902.46484375
2023-01-04,INCO,7096.90087890625
2023-01-05,INCO,6902.46484375
2023-01-06,INCO,7145.509765625
2023-01-09,INCO,7218.4228515625
2023-01-10,INCO,7048.29150390625
2023-01-11,INCO,7121.205078125
2023-01-12,INCO,7121.205078125
2023-01-13,INCO,7218.4228515625
2023-01-16,INCO,7242.7275390625
2023-01-17,INCO,7388.55419921875
2023-01-18,INCO,7291.33642578125
2023-01-19,INCO,7291.33642578125
2023-01-20,INCO,7339.9453125
2023-01-24,INCO,7194.11865234375
2023-01-25,INCO,7096.90087890625
2023-01-26,INCO,7072.59619140625
2023-01-27,INCO,7218.4228515625
2023-01-30,INCO,7121.205078125
2023-01-31,INCO,7218.4228515625
2023-02-01,INCO,7364.25
2023-02-02,INCO,7218.4228515625
2023-02-03,INCO,7169.81396484375
2023-02-06,INCO,7048.29150390625
2023-02-07,INCO,7121.205078125
2023-02-08,INCO,7072.59619140625
2023-02-09,INCO,6951.07373046875
2023-02-10,INCO,6999.6826171875
2023-02-13,INCO,6926.76953125
2023-02-14,INCO,6926.76953125
2023-02-15,INCO,6756.63818359375
2023-02-16,INCO,6635.11572265625
2023-02-17,INCO,6586.5068359375
2023-02-20,INCO,6489.2890625
2023-02-21,INCO,6586.5068359375
2023-02-22,INCO,6610.8115234375
2023-02-23,INCO,6416.3759765625
2023-02-24,INCO,6440.6806640625
2023-02-27,INCO,6464.98486328125
2023-02-28,INCO,6635.11572265625
2023-03-01,INCO,6732.33349609375
2023-03-02,INCO,6635.11572265625
2023-03-03,INCO,6635.11572265625
2023-03-06,INCO,6586.5068359375
2023-03-07,INCO,6367.76708984375
2023-03-08,INCO,6246.24462890625
2023-03-09,INCO,6173.33154296875
2023-03-10,INCO,6221.9404296875
2023-03-13,INCO,6003.2001953125
2023-03-14,INCO,5905.982421875
2023-03-15,INCO,5978.8955078125
2023-03-16,INCO,5978.8955078125
2023-03-17,INCO,6173.33154296875
2023-03-20,INCO,6197.6357421875
2023-03-21,INCO,6173.33154296875
2023-03-24,INCO,6246.24462890625
2023-03-27,INCO,6246.24462890625
2023-03-28,INCO,6343.462890625
2023-03-29,INCO,6416.3759765625
2023-03-30,INCO,6440.6806640625
2023-03-31,INCO,6464.98486328125
2023-04-03,INCO,6586.5068359375
2023-04-04,INCO,6562.20263671875
2023-04-05,INCO,6464.98486328125
2023-04-06,INCO,6221.9404296875
2023-04-10,INCO,6221.9404296875
2023-04-11,INCO,6343.462890625
2023-04-12,INCO,6270.54931640625
2023-04-13,INCO,6197.6357421875
2023-04-14,INCO,6392.07177734375
2023-04-17,INCO,6270.54931640625
2023-04-18,INCO,6416.3759765625
2023-04-26,INCO,6416.3759765625
2023-04-27,INCO,6416.3759765625
2023-04-28,INCO,6780.9423828125
2023-05-02,INCO,6780.9423828125
2023-05-03,INCO,6708.029296875
2023-05-04,INCO,6829.5517578125
2023-05-05,INCO,6805.2470703125
2023-05-08,INCO,6780.9423828125
2023-05-09,INCO,6878.16064453125
2023-05-10,INCO,6780.9423828125
2023-05-11,INCO,6708.029296875
2023-05-12,INCO,6513.59326171875
2023-05-15,INCO,6513.59326171875
2023-05-16,INCO,6378.9541015625
2023-05-17,INCO,6403.58349609375
2023-05-19,INCO,6305.06689453125
2023-05-22,INCO,6231.17919921875
2023-05-23,INCO,6354.3251953125
2023-05-24,INCO,6526.72900390625
2023-05-25,INCO,6452.841796875
2023-05-26,INCO,6477.470703125
2023-05-29,INCO,6354.3251953125
2023-05-30,INCO,6428.21240234375
2023-05-31,INCO,6206.5498046875
2023-06-05,INCO,6502.10009765625
2023-06-06,INCO,6502.10009765625
2023-06-07,INCO,6502.10009765625
2023-06-08,INCO,6378.9541015625
2023-06-09,INCO,6255.80810546875
2023-06-12,INCO,6305.06689453125
2023-06-13,INCO,6354.3251953125
2023-06-14,INCO,6428.21240234375
2023-06-15,INCO,6502.10009765625
2023-06-16,INCO,6502.10009765625
2023-06-19,INCO,6403.58349609375
2023-06-20,INCO,6378.9541015625
2023-06-21,INCO,6329.69580078125
2023-06-22,INCO,6255.80810546875
2023-06-23,INCO,6206.5498046875
2023-06-26,INCO,6206.5498046875
2023-06-27,INCO,6206.5498046875
2023-07-03,INCO,6181.9208984375
2023-07-04,INCO,6157.29150390625
2023-07-05,INCO,6231.17919921875
2023-07-06,INCO,6255.80810546875
2023-07-07,INCO,6231.17919921875
2023-07-10,INCO,6206.5498046875
2023-07-11,INCO,6354.3251953125
2023-07-12,INCO,6305.06689453125
2023-07-13,INCO,6378.9541015625
2023-07-14,INCO,6280.4375
2023-07-17,INCO,6305.06689453125
2023-07-18,INCO,6329.69580078125
2023-07-20,INCO,6452.841796875
2023-07-21,INCO,6502.10009765625
2023-07-24,INCO,6477.470703125
2023-07-25,INCO,6551.3583984375
2023-07-26,INCO,6600.61669921875
2023-07-27,INCO,6551.3583984375
2023-07-28,INCO,6723.7626953125
2023-07-31,INCO,6773.02099609375
2023-08-01,INCO,6797.64990234375
2023-08-02,INCO,6773.02099609375
2023-08-03,INCO,6674.50439453125
2023-08-04,INCO,6674.50439453125
2023-08-07,INCO,6575.9873046875
2023-08-08,INCO,6428.21240234375
2023-08-09,INCO,6354.3251953125
2023-08-10,INCO,6280.4375
2023-08-11,INCO,6231.17919921875
2023-08-14,INCO,6305.06689453125
2023-08-15,INCO,6280.4375
2023-08-16,INCO,6058.77490234375
2023-08-18,INCO,5984.8876953125
2023-08-21,INCO,5935.62939453125
2023-08-22,INCO,5960.25830078125
2023-08-23,INCO,5886.37060546875
2023-08-24,INCO,5886.37060546875
2023-08-25,INCO,5861.74169921875
2023-08-28,INCO,5886.37060546875
2023-08-29,INCO,5911.0
2023-08-30,INCO,5861.74169921875
2023-08-31,INCO,5812.4833984375
2023-09-01,INCO,5837.1123046875
2023-09-04,INCO,5886.37060546875
2023-09-05,INCO,5911.0
2023-09-06,INCO,5911.0
2023-09-07,INCO,5911.0
2023-09-08,INCO,5787.85400390625
2023-09-11,INCO,5787.85400390625
2023-09-12,INCO,5787.85400390625
2023-09-13,INCO,5713.966796875
2023-09-14,INCO,5763.22509765625
2023-09-15,INCO,5812.4833984375
2023-09-18,INCO,5812.4833984375
2023-09-19,INCO,5664.70849609375
2023-09-20,INCO,5640.0791015625
2023-09-21,INCO,5590.82080078125
2023-09-22,INCO,5615.4501953125
2023-09-25,INCO,5590.82080078125
2023-09-26,INCO,5492.30419921875
2023-09-27,INCO,5541.5625
2023-09-29,INCO,5566.19189453125
2023-10-02,INCO,5492.30419921875
2023-10-03,INCO,5492.30419921875
2023-10-04,INCO,5344.529296875
2023-10-05,INCO,5270.6416015625
2023-10-06,INCO,5443.0458984375
2023-10-09,INCO,5590.82080078125
2023-10-10,INCO,5541.5625
2023-10-11,INCO,5467.6748046875
2023-10-12,INCO,5393.78759765625
2023-10-13,INCO,5344.529296875
2023-10-16,INCO,5443.0458984375
2023-10-17,INCO,5566.19189453125
2023-10-18,INCO,5664.70849609375
2023-10-19,INCO,5689.33740234375
2023-10-20,INCO,5664.70849609375
2023-10-23,INCO,5492.30419921875
2023-10-24,INCO,5590.82080078125
2023-10-25,INCO,5443.0458984375
2023-10-26,INCO,5319.89990234375
2023-10-27,INCO,5048.97900390625
2023-10-30,INCO,5147.49560546875
2023-10-31,INCO,4876.5751953125
2023-11-01,INCO,4768.20654296875
2023-11-02,INCO,4778.05810546875
2023-11-03,INCO,4856.87158203125
2023-11-06,INCO,4847.02001953125
2023-11-07,INCO,4866.72314453125
2023-11-08,INCO,4748.50341796875
2023-11-09,INCO,4630.283203125
2023-11-10,INCO,4571.17333984375
2023-11-13,INCO,4571.17333984375
2023-11-14,INCO,4709.0966796875
2023-11-15,INCO,4482.50830078125
2023-11-16,INCO,4630.283203125
2023-11-17,INCO,4521.9150390625
2023-11-20,INCO,4581.02490234375
2023-11-21,INCO,4581.02490234375
2023-11-22,INCO,4482.50830078125
2023-11-23,INCO,4521.9150390625
2023-11-24,INCO,4521.9150390625
2023-11-27,INCO,4452.953125
2023-11-28,INCO,4315.02978515625
2023-11-29,INCO,4620.431640625
2023-11-30,INCO,4433.25
2023-12-01,INCO,4334.7333984375
2023-12-04,INCO,4344.5849609375
2023-12-05,INCO,4255.919921875
2023-12-06,INCO,4383.99169921875
2023-12-07,INCO,4246.068359375
2023-12-08,INCO,4295.32666015625
2023-12-11,INCO,4127.84814453125
2023-12-12,INCO,4157.4033203125
2023-12-13,INCO,3960.3701171875
2023-12-14,INCO,4108.14501953125
2023-12-15,INCO,4157.4033203125
2023-12-18,INCO,4147.5517578125
2023-12-19,INCO,4108.14501953125
2023-12-20,INCO,4177.1064453125
2023-12-21,INCO,4186.95849609375
2023-12-22,INCO,4206.66162109375
2023-12-27,INCO,4275.62353515625
2023-12-28,INCO,4305.17822265625
2023-12-29,INCO,4246.068359375
2024-01-02,INCO,4354.4365234375
2024-01-03,INCO,4354.4365234375
2024-01-04,INCO,4324.8818359375
2024-01-05,INCO,4246.068359375
2024-01-08,INCO,4216.51318359375
2024-01-09,INCO,4088.441650390625
2024-01-10,INCO,4098.29345703125
2024-01-11,INCO,4039.183349609375
2024-01-12,INCO,4117.99658203125
2024-01-15,INCO,4088.441650390625
2024-01-16,INCO,4088.441650390625
2024-01-17,INCO,4039.183349609375
2024-01-18,INCO,4068.73828125
2024-01-19,INCO,4019.47998046875
2024-01-22,INCO,3980.0732421875
2024-01-23,INCO,3881.556640625
2024-01-24,INCO,3989.925048828125
2024-01-25,INCO,4049.034912109375
2024-01-26,INCO,3920.96337890625
2024-01-29,INCO,3802.743408203125
2024-01-30,INCO,3832.29833984375
2024-01-31,INCO,3812.594970703125
2024-02-01,INCO,3871.705078125
2024-02-02,INCO,3832.29833984375
2024-02-05,INCO,3773.188232421875
2024-02-06,INCO,3615.561767578125
2024-02-07,INCO,3605.7099609375
2024-02-12,INCO,3999.776611328125
2024-02-13,INCO,3989.925048828125
2024-02-15,INCO,3940.666748046875
2024-02-16,INCO,3635.264892578125
2024-02-19,INCO,3792.8916015625
2024-02-20,INCO,3723.929931640625
2024-02-21,INCO,3645.11669921875
2024-02-22,INCO,3832.29833984375
2024-02-23,INCO,3891.408447265625
2024-02-26,INCO,3773.188232421875
2024-02-27,INCO,3920.96337890625
2024-02-28,INCO,3999.776611328125
2024-02-29,INCO,3989.925048828125
2024-03-01,INCO,4039.183349609375
2024-03-04,INCO,4029.331787109375
2024-03-05,INCO,4108.14501953125
2024-03-06,INCO,3999.776611328125
2024-03-07,INCO,4009.62841796875
2024-03-08,INCO,3930.81494140625
2024-03-13,INCO,4236.216796875
2024-03-14,INCO,4186.95849609375
2024-03-15,INCO,4147.5517578125
2024-03-18,INCO,4157.4033203125
2024-03-19,INCO,4117.99658203125
2024-03-20,INCO,4049.034912109375
2024-03-21,INCO,4196.81005859375
2024-03-22,INCO,4088.441650390625
2024-03-25,INCO,4039.183349609375
2024-03-26,INCO,3999.776611328125
2024-03-27,INCO,4009.62841796875
2024-03-28,INCO,4009.62841796875
2024-04-01,INCO,4009.62841796875
2024-04-02,INCO,4068.73828125
2024-04-03,INCO,4009.62841796875
2024-04-04,INCO,4049.034912109375
2024-04-05,INCO,4039.183349609375
2024-04-16,INCO,4334.7333984375
2024-04-17,INCO,4206.66162109375
2024-04-18,INCO,4246.068359375
2024-04-19,INCO,4334.7333984375
2024-04-22,INCO,4344.5849609375
2024-04-23,INCO,4285.47509765625
2024-04-24,INCO,4147.5517578125
2024-04-25,INCO,4039.183349609375
2024-04-26,INCO,4029.331787109375
2024-04-29,INCO,4117.99658203125
2024-04-30,INCO,4186.95849609375
2024-05-02,INCO,4058.88671875
2024-05-03,INCO,4009.62841796875
2024-05-06,INCO,4226.365234375
2024-05-07,INCO,4581.02490234375
2024-05-08,INCO,4512.0634765625
2024-05-13,INCO,4443.1015625
2024-05-14,INCO,4423.3984375
2024-05-15,INCO,4423.3984375
2024-05-16,INCO,4413.546875
2024-05-17,INCO,4718.9482421875
2024-05-20,INCO,5073.6083984375
2024-05-21,INCO,4975.091796875
2024-05-22,INCO,4827.31689453125
2024-05-27,INCO,4738.65185546875
2024-05-28,INCO,5024.35009765625
2024-05-29,INCO,5122.86669921875
2024-05-30,INCO,4906.1298828125
2024-05-31,INCO,4896.2783203125
2024-06-03,INCO,4807.61328125
2024-06-04,INCO,4620.431640625
2024-06-05,INCO,4364.28857421875
2024-06-06,INCO,4403.69482421875
2024-06-07,INCO,4383.99169921875
2024-06-10,INCO,4195.7548828125
2024-06-11,INCO,4176.330078125
2024-06-12,INCO,4040.356689453125
2024-06-13,INCO,3991.794677734375
2024-06-14,INCO,3933.52001953125
2024-06-19,INCO,4058.88671875
2024-06-20,INCO,4019.47998046875
2024-06-21,INCO,4157.4033203125
2024-06-24,INCO,4019.47998046875
2024-06-25,INCO,3950.518310546875
2024-06-26,INCO,3970.2216796875
2024-06-27,INCO,3940.666748046875
2024-06-28,INCO,4157.4033203125
2024-07-01,INCO,4137.7001953125
2024-07-02,INCO,4039.183349609375
2024-07-03,INCO,3970.2216796875
2024-07-04,INCO,3980.0732421875
2024-07-05,INCO,3980.0732421875
2024-07-08,INCO,4009.62841796875
2024-07-09,INCO,3940.666748046875
2024-07-10,INCO,3920.96337890625
2024-07-11,INCO,3743.63330078125
2024-07-12,INCO,3694.375
2024-07-15,INCO,3635.264892578125
2024-07-16,INCO,3743.63330078125
2024-07-17,INCO,3802.743408203125
2024-07-18,INCO,3773.188232421875
2024-07-19,INCO,3783.0400390625
2024-07-22,INCO,3723.929931640625
2024-07-23,INCO,3684.5234375
2024-07-24,INCO,3684.5234375
2024-07-25,INCO,3635.264892578125
2024-07-26,INCO,3684.5234375
2024-07-29,INCO,3704.2265625
2024-07-30,INCO,3625.413330078125
2024-07-31,INCO,3684.5234375
2024-08-01,INCO,3773.188232421875
2024-08-02,INCO,3714.078369140625
2024-08-05,INCO,3576.155029296875
2024-08-06,INCO,3595.8583984375
2024-08-07,INCO,3595.8583984375
2024-08-08,INCO,3556.45166015625
2024-08-09,INCO,3625.413330078125
2024-08-12,INCO,3792.8916015625
2024-08-13,INCO,3812.594970703125
2024-08-14,INCO,3753.485107421875
2024-08-15,INCO,3773.188232421875
2024-08-16,INCO,3802.743408203125
2024-08-19,INCO,3753.485107421875
2024-08-20,INCO,3802.743408203125
2024-08-21,INCO,3773.188232421875
2024-08-22,INCO,3704.2265625
2024-08-23,INCO,3743.63330078125
2024-08-26,INCO,3753.485107421875
2024-08-27,INCO,3714.078369140625
2024-08-28,INCO,3704.2265625
2024-08-29,INCO,3664.820068359375
2024-08-30,INCO,3783.0400390625
2024-09-02,INCO,3743.63330078125
2024-09-03,INCO,3694.375
2024-09-04,INCO,3635.264892578125
2024-09-05,INCO,3615.561767578125
2024-09-06,INCO,3625.413330078125
2024-09-09,INCO,3595.8583984375
2024-09-10,INCO,3576.155029296875
2024-09-11,INCO,3576.155029296875
2024-09-12,INCO,3635.264892578125
2024-09-13,INCO,3615.561767578125
2024-09-17,INCO,3664.820068359375
2024-09-18,INCO,3625.413330078125
2024-09-19,INCO,3635.264892578125
2024-09-20,INCO,3645.11669921875
2024-09-23,INCO,3694.375
2024-09-24,INCO,3733.78173828125
2024-09-25,INCO,3911.111572265625
2024-09-26,INCO,3960.3701171875
2024-09-27,INCO,3970.2216796875
2024-09-30,INCO,4019.47998046875
2024-10-01,INCO,4157.4033203125
2024-10-02,INCO,4236.216796875
2024-10-03,INCO,4255.919921875
2024-10-04,INCO,4236.216796875
2024-10-07,INCO,4334.7333984375
2024-10-08,INCO,4068.73828125
2024-10-09,INCO,4088.441650390625
2024-10-10,INCO,4078.590087890625
2024-10-11,INCO,4098.29345703125
2024-10-14,INCO,4147.5517578125
2024-10-15,INCO,4108.14501953125
2024-10-16,INCO,4068.73828125
2024-10-17,INCO,4058.88671875
2024-10-18,INCO,4058.88671875
2024-10-21,INCO,4186.95849609375
2024-10-22,INCO,4196.81005859375
2024-10-23,INCO,4137.7001953125
2024-10-24,INCO,4058.88671875
2024-10-25,INCO,4009.62841796875
2024-10-28,INCO,3960.3701171875
2024-10-29,INCO,3930.81494140625
2024-10-30,INCO,3812.594970703125
2024-10-31,INCO,3763.336669921875
2024-11-01,INCO,3743.63330078125
2024-11-04,INCO,3714.078369140625
2024-11-05,INCO,3783.0400390625
2024-11-06,INCO,3674.671630859375
2024-11-07,INCO,3674.671630859375
2024-11-08,INCO,3763.336669921875
2024-11-11,INCO,3645.11669921875
2024-11-12,INCO,3625.413330078125
2024-11-13,INCO,3684.5234375
2024-11-14,INCO,3753.485107421875
2024-11-15,INCO,3763.336669921875
2024-11-18,INCO,3635.264892578125
2024-11-19,INCO,3654.96826171875
2024-11-20,INCO,3664.820068359375
2024-11-21,INCO,3625.413330078125
2024-11-22,INCO,3605.7099609375
2024-11-25,INCO,3615.561767578125
2024-11-26,INCO,3595.8583984375
2024-11-28,INCO,3566.30322265625
2024-11-29,INCO,3546.60009765625
2024-12-02,INCO,3497.341552734375
2024-12-03,INCO,3457.93505859375
2024-12-04,INCO,3625.413330078125
2024-12-05,INCO,3586.006591796875
2024-12-06,INCO,3586.006591796875
2024-12-09,INCO,3566.30322265625
2024-12-10,INCO,3704.2265625
2024-12-11,INCO,3694.375
2024-12-12,INCO,3842.14990234375
2024-12-13,INCO,3891.408447265625
2024-12-16,INCO,3792.8916015625
2024-12-17,INCO,3704.2265625
2024-12-18,INCO,3694.375
2024-12-19,INCO,3546.60009765625
2024-12-20,INCO,3487.489990234375
2024-12-23,INCO,3457.93505859375
2024-12-24,INCO,3467.78662109375
2024-12-27,INCO,3526.896728515625
2024-12-30,INCO,3566.30322265625
2025-01-02,INCO,3517.044921875
2025-01-03,INCO,3507.193359375
2025-01-06,INCO,3428.380126953125
2025-01-07,INCO,3418.5283203125
2025-01-08,INCO,3369.27001953125
2025-01-09,INCO,3359.41845703125
2025-01-10,INCO,3379.12158203125
2025-01-13,INCO,3379.12158203125
2025-01-14,INCO,3625.413330078125
2025-01-15,INCO,3595.8583984375
2025-01-16,INCO,3536.748291015625
2025-01-17,INCO,3517.044921875
2025-01-20,INCO,3526.896728515625
2025-01-21,INCO,3526.896728515625
2025-01-22,INCO,3487.489990234375
2025-01-23,INCO,3369.27001953125
2025-01-24,INCO,3162.385009765625
2025-01-30,INCO,2994.90673828125
2025-01-31,INCO,2955.5
2025-02-03,INCO,2797.873291015625
2025-02-04,INCO,2778.169921875
2025-02-05,INCO,2797.873291015625
2025-02-06,INCO,2797.873291015625
2025-02-07,INCO,2886.538330078125
2025-02-10,INCO,2788.021728515625
2025-02-11,INCO,2669.8017578125
2025-02-12,INCO,2669.8017578125
2025-02-13,INCO,2738.763427734375
2025-02-14,INCO,2738.763427734375
2025-02-17,INCO,2925.945068359375
2025-02-18,INCO,2945.6484375
2025-02-19,INCO,2847.131591796875
2025-02-20,INCO,2876.686767578125
2025-02-21,INCO,3004.75830078125
2025-02-24,INCO,2896.389892578125
2025-02-25,INCO,2709.208251953125
2025-02-26,INCO,2837.280029296875
2025-02-27,INCO,2916.09326171875
2025-02-28,INCO,2866.8349609375
2025-03-03,INCO,2856.9833984375
2025-03-04,INCO,2709.208251953125
2025-03-05,INCO,2807.72509765625
2025-03-06,INCO,2797.873291015625
2025-03-07,INCO,3054.0166015625
2025-03-10,INCO,2758.466552734375
2025-03-11,INCO,2561.433349609375
2025-03-12,INCO,2512.175048828125
2025-03-13,INCO,2492.4716796875
2025-03-14,INCO,2423.510009765625
2025-03-17,INCO,2502.3232421875
2025-03-18,INCO,2393.955078125
2025-03-19,INCO,2364.39990234375
2025-03-20,INCO,2265.88330078125
2025-03-21,INCO,2108.256591796875
2025-03-24,INCO,2068.85009765625
2025-03-25,INCO,2137.811767578125
2025-03-26,INCO,2275.735107421875
2025-03-27,INCO,2236.328369140625
2025-04-08,INCO,1901.3717041015625
2025-04-09,INCO,1812.7066650390625
2025-04-10,INCO,2009.739990234375
2025-04-11,INCO,2157.514892578125
2025-04-14,INCO,2246.179931640625
2025-04-15,INCO,2265.88330078125
2025-04-16,INCO,2305.2900390625
2025-04-17,INCO,2354.54833984375
2025-04-21,INCO,2354.54833984375
2025-04-22,INCO,2522.026611328125
2025-04-23,INCO,2413.658447265625
2025-04-24,INCO,2403.806640625
2025-04-25,INCO,2472.768310546875
2025-04-28,INCO,2472.768310546875
2025-04-29,INCO,2472.768310546875
2025-04-30,INCO,2453.06494140625
2025-05-02,INCO,2443.21337890625
2025-05-05,INCO,2462.916748046875
2025-05-06,INCO,2610.691650390625
2025-05-07,INCO,2807.72509765625
2025-05-08,INCO,2719.06005859375
2025-05-09,INCO,2817.57666015625
2025-05-14,INCO,2856.9833984375
2025-05-15,INCO,2797.873291015625
2025-05-16,INCO,2906.24169921875
2025-05-19,INCO,2955.5
2025-05-20,INCO,2886.538330078125
2025-05-21,INCO,3251.050048828125
2025-05-22,INCO,3349.566650390625
2025-05-23,INCO,3487.489990234375
2025-05-26,INCO,3546.60009765625
2025-05-27,INCO,3520.0
2025-05-28,INCO,3510.0
2025-06-02,INCO,3530.0
2025-06-03,INCO,3590.0
2025-06-04,INCO,3870.0
2025-06-05,INCO,3710.0
2025-06-10,INCO,3500.0
2025-06-11,INCO,3520.0
2025-06-12,INCO,3460.0
2025-06-13,INCO,3430.0
2025-06-16,INCO,3630.0
2025-06-17,INCO,3630.0
2025-06-18,INCO,3460.0
2025-06-19,INCO,3310.0
2025-06-20,INCO,3250.0
2025-06-23,INCO,3100.0
2025-06-24,INCO,3170.0
2025-06-25,INCO,3090.0
2025-06-26,INCO,3230.0
2025-06-30,INCO,3450.0
2025-07-01,INCO,3500.0
2025-07-02,INCO,3430.0
2025-07-03,INCO,3450.0
2025-07-04,INCO,3560.0
2025-07-07,INCO,3420.0
2025-07-08,INCO,3320.0
2025-07-09,INCO,3310.0
2025-07-10,INCO,3360.0
2025-07-11,INCO,3410.0
2025-07-14,INCO,3460.0
2025-07-15,INCO,3470.0
2025-07-16,INCO,3500.0
2025-07-17,INCO,3420.0
2025-07-18,INCO,3330.0
2025-07-21,INCO,3650.0
2025-07-22,INCO,3630.0
2025-07-23,INCO,3690.0
2025-07-24,INCO,3710.0
2025-07-25,INCO,3650.0
2025-07-28,INCO,3720.0
2025-07-29,INCO,3760.0
2025-07-30,INCO,3670.0
2025-07-31,INCO,3450.0
2025-08-01,INCO,3560.0
2025-08-04,INCO,3770.0
2025-08-05,INCO,3690.0
2025-08-06,INCO,3890.0
2025-08-07,INCO,4100.0
2025-08-08,INCO,4010.0
2025-08-11,INCO,3920.0
2025-08-12,INCO,3920.0
2025-08-13,INCO,3930.0
2025-08-14,INCO,3930.0
2025-08-15,INCO,3690.0
2025-08-19,INCO,3720.0
2025-08-20,INCO,3740.0
2025-08-21,INCO,3700.0
2025-08-22,INCO,3690.0
2025-08-25,INCO,3690.0
2025-08-26,INCO,3620.0
2025-08-27,INCO,3840.0
2025-08-28,INCO,3800.0
2025-08-29,INCO,3740.0
2025-09-01,INCO,3710.0
2025-09-02,INCO,3690.0
2025-09-03,INCO,3940.0
2025-09-04,INCO,3910.0
2025-09-08,INCO,3900.0
2025-09-09,INCO,3950.0
2025-09-10,INCO,3870.0
2025-09-11,INCO,3740.0
2025-09-12,INCO,4000.0
2025-09-15,INCO,4290.0
2025-09-16,INCO,4070.0
2025-09-17,INCO,4020.0
2025-09-18,INCO,3990.0
2025-09-19,INCO,4040.0
2025-09-22,INCO,4190.0
2025-09-23,INCO,4270.0
2025-09-24,INCO,4280.0
2025-09-25,INCO,4220.0
2025-09-26,INCO,4280.0
2025-09-29,INCO,4480.0
2025-09-30,INCO,4400.0
2025-10-01,INCO,4260.0
2025-10-02,INCO,4370.0
2025-10-03,INCO,4390.0
2025-10-06,INCO,4350.0
2025-10-07,INCO,4250.0
2025-10-08,INCO,4460.0
2025-10-09,INCO,4440.0
2025-10-10,INCO,4540.0
2025-10-13,INCO,4540.0
2025-10-14,INCO,4270.0
2025-10-15,INCO,4460.0
2025-10-16,INCO,4430.0
2025-10-17,INCO,4220.0
2025-10-20,INCO,4270.0
2025-10-21,INCO,4320.0
2025-10-22,INCO,4200.0
2025-10-23,INCO,4220.0
2025-10-24,INCO,4210.0
2025-10-27,INCO,4280.0
2025-10-28,INCO,4420.0
2025-10-29,INCO,4540.0
2025-10-30,INCO,4700.0
2025-10-31,INCO,4750.0
2025-11-03,INCO,4550.0
2025-11-04,INCO,4600.0
2025-11-05,INCO,4660.0
2025-11-06,INCO,4550.0
2025-11-07,INCO,4510.0
2025-11-10,INCO,4500.0
2025-11-11,INCO,4400.0
2025-11-12,INCO,4300.0
2025-11-13,INCO,4310.0
2025-11-14,INCO,4240.0
2025-11-17,INCO,4100.0
2025-11-18,INCO,3890.0
2025-11-19,INCO,3890.0
2025-11-20,INCO,3810.0
2025-11-21,INCO,3940.0
2025-11-24,INCO,3860.0
2025-11-25,INCO,3830.0
2025-11-26,INCO,3830.0
2025-11-27,INCO,3950.0
2025-11-28,INCO,3820.0
2025-12-01,INCO,3820.0
2025-12-02,INCO,3960.0
2025-12-03,INCO,3920.0
2025-12-04,INCO,3880.0
2025-12-05,INCO,3890.0
2025-12-08,INCO,3990.0
2025-12-09,INCO,3850.0
2025-12-10,INCO,3900.0
2025-12-11,INCO,3860.0
2025-12-12,INCO,3840.0
2025-12-15,INCO,3890.0
2025-12-16,INCO,3840.0
2025-12-17,INCO,3920.0
2025-12-18,INCO,4360.0
2025-12-19,INCO,4110.0
2025-12-22,INCO,4440.0
2025-12-23,INCO,4990.0
2025-12-24,INCO,5050.0
2025-12-29,INCO,5075.0
2025-12-30,INCO,5175.0
2026-01-02,INCO,5300.0
2026-01-05,INCO,5600.0
2026-01-06,INCO,5625.0
2026-01-07,INCO,6325.0
2026-01-08,INCO,6000.0
2026-01-09,INCO,6300.0
2026-01-12,INCO,6400.0
2026-01-13,INCO,6575.0
2026-01-14,INCO,6400.0
2026-01-15,INCO,6350.0
2026-01-19,INCO,6400.0
2026-01-20,INCO,6225.0
2026-01-21,INCO,6450.0
2026-01-22,INCO,6525.0
2026-01-23,INCO,6775.0
2026-01-26,INCO,6825.0
2022-12-30,INDF,6001.22705078125
2023-01-02,INDF,6045.845703125
2023-01-03,INDF,6023.5361328125
2023-01-04,INDF,6112.7734375
2023-01-05,INDF,6112.7734375
2023-01-06,INDF,6202.01123046875
2023-01-09,INDF,6202.01123046875
2023-01-10,INDF,5956.60791015625
2023-01-11,INDF,5956.60791015625
2023-01-12,INDF,5911.9892578125
2023-01-13,INDF,5978.91748046875
2023-01-16,INDF,5978.91748046875
2023-01-17,INDF,6090.4638671875
2023-01-18,INDF,6202.01123046875
2023-01-19,INDF,6135.0830078125
2023-01-20,INDF,6135.0830078125
2023-01-24,INDF,6179.7021484375
2023-01-25,INDF,6068.15478515625
2023-01-26,INDF,5978.91748046875
2023-01-27,INDF,5978.91748046875
2023-01-30,INDF,6068.15478515625
2023-01-31,INDF,6001.22705078125
2023-02-01,INDF,5934.2978515625
2023-02-02,INDF,5889.6796875
2023-02-03,INDF,5978.91748046875
2023-02-06,INDF,5956.60791015625
2023-02-07,INDF,5956.60791015625
2023-02-08,INDF,6068.15478515625
2023-02-09,INDF,6045.845703125
2023-02-10,INDF,6157.392578125
2023-02-13,INDF,6001.22705078125
2023-02-14,INDF,6023.5361328125
2023-02-15,INDF,5956.60791015625
2023-02-16,INDF,5889.6796875
2023-02-17,INDF,5889.6796875
2023-02-20,INDF,5911.9892578125
2023-02-21,INDF,5822.75146484375
2023-02-22,INDF,5889.6796875
2023-02-23,INDF,5867.3701171875
2023-02-24,INDF,5867.3701171875
2023-02-27,INDF,5889.6796875
2023-02-28,INDF,5778.1328125
2023-03-01,INDF,5599.65771484375
2023-03-02,INDF,5577.34814453125
2023-03-03,INDF,5599.65771484375
2023-03-06,INDF,5577.34814453125
2023-03-07,INDF,5577.34814453125
2023-03-08,INDF,5488.11083984375
2023-03-09,INDF,5488.11083984375
2023-03-10,INDF,5465.80126953125
2023-03-13,INDF,5465.80126953125
2023-03-14,INDF,5510.42041015625
2023-03-15,INDF,5443.49169921875
2023-03-16,INDF,5488.11083984375
2023-03-17,INDF,5465.80126953125
2023-03-20,INDF,5532.7294921875
2023-03-21,INDF,5465.80126953125
2023-03-24,INDF,5644.2763671875
2023-03-27,INDF,5688.89501953125
2023-03-28,INDF,5688.89501953125
2023-03-29,INDF,5666.58544921875
2023-03-30,INDF,5711.20458984375
2023-03-31,INDF,5532.7294921875
2023-04-03,INDF,5510.42041015625
2023-04-04,INDF,5666.58544921875
2023-04-05,INDF,5599.65771484375
2023-04-06,INDF,5577.34814453125
2023-04-10,INDF,5644.2763671875
2023-04-11,INDF,5666.58544921875
2023-04-12,INDF,5599.65771484375
2023-04-13,INDF,5599.65771484375
2023-04-14,INDF,5621.96728515625
2023-04-17,INDF,5644.2763671875
2023-04-18,INDF,5666.58544921875
2023-04-26,INDF,5800.44189453125
2023-04-27,INDF,5733.51416015625
2023-04-28,INDF,5755.82373046875
2023-05-02,INDF,5800.44189453125
2023-05-03,INDF,5934.2978515625
2023-05-04,INDF,5911.9892578125
2023-05-05,INDF,5978.91748046875
2023-05-08,INDF,6135.0830078125
2023-05-09,INDF,6090.4638671875
2023-05-10,INDF,6157.392578125
2023-05-11,INDF,6068.15478515625
2023-05-12,INDF,6001.22705078125
2023-05-15,INDF,6001.22705078125
2023-05-16,INDF,6090.4638671875
2023-05-17,INDF,6068.15478515625
2023-05-19,INDF,6202.01123046875
2023-05-22,INDF,6157.392578125
2023-05-23,INDF,6202.01123046875
2023-05-24,INDF,6202.01123046875
2023-05-25,INDF,6335.8671875
2023-05-26,INDF,6425.10546875
2023-05-29,INDF,6425.10546875
2023-05-30,INDF,6380.486328125
2023-05-31,INDF,6335.8671875
2023-06-05,INDF,6469.7236328125
2023-06-06,INDF,6581.27099609375
2023-06-07,INDF,6648.19921875
2023-06-08,INDF,6625.88916015625
2023-06-09,INDF,6625.88916015625
2023-06-12,INDF,6648.19921875
2023-06-13,INDF,6558.96142578125
2023-06-14,INDF,6625.88916015625
2023-06-15,INDF,6648.19921875
2023-06-16,INDF,6492.033203125
2023-06-19,INDF,6603.580078125
2023-06-20,INDF,6380.486328125
2023-06-21,INDF,6581.27099609375
2023-06-22,INDF,6447.4150390625
2023-06-23,INDF,6514.3427734375
2023-06-26,INDF,6536.65234375
2023-06-27,INDF,6558.96142578125
2023-07-03,INDF,6469.7236328125
2023-07-04,INDF,6581.27099609375
2023-07-05,INDF,6625.88916015625
2023-07-06,INDF,6648.19921875
2023-07-07,INDF,6723.98876953125
2023-07-10,INDF,6700.88232421875
2023-07-11,INDF,6747.09521484375
2023-07-12,INDF,6839.52099609375
2023-07-13,INDF,6885.734375
2023-07-14,INDF,6885.734375
2023-07-17,INDF,6747.09521484375
2023-07-18,INDF,6793.30810546875
2023-07-20,INDF,6770.20166015625
2023-07-21,INDF,6770.20166015625
2023-07-24,INDF,6723.98876953125
2023-07-25,INDF,6631.56298828125
2023-07-26,INDF,6631.56298828125
2023-07-27,INDF,6700.88232421875
2023-07-28,INDF,6770.20166015625
2023-07-31,INDF,6770.20166015625
2023-08-01,INDF,6469.8173828125
2023-08-02,INDF,6516.0302734375
2023-08-03,INDF,6516.0302734375
2023-08-04,INDF,6516.0302734375
2023-08-07,INDF,6539.13671875
2023-08-08,INDF,6469.8173828125
2023-08-09,INDF,6446.7109375
2023-08-10,INDF,6539.13671875
2023-08-11,INDF,6516.0302734375
2023-08-14,INDF,6516.0302734375
2023-08-15,INDF,6469.8173828125
2023-08-16,INDF,6562.2431640625
2023-08-18,INDF,6516.0302734375
2023-08-21,INDF,6469.8173828125
2023-08-22,INDF,6469.8173828125
2023-08-23,INDF,6539.13671875
2023-08-24,INDF,6492.923828125
2023-08-25,INDF,6585.349609375
2023-08-28,INDF,6562.2431640625
2023-08-29,INDF,6608.4560546875
2023-08-30,INDF,6516.0302734375
2023-08-31,INDF,6562.2431640625
2023-09-01,INDF,6469.8173828125
2023-09-04,INDF,6377.39111328125
2023-09-05,INDF,6331.17822265625
2023-09-06,INDF,6354.28466796875
2023-09-07,INDF,6423.6044921875
2023-09-08,INDF,6400.498046875
2023-09-11,INDF,6423.6044921875
2023-09-12,INDF,6331.17822265625
2023-09-13,INDF,6377.39111328125
2023-09-14,INDF,6192.53955078125
2023-09-15,INDF,6238.75244140625
2023-09-18,INDF,6100.11328125
2023-09-19,INDF,6169.43310546875
2023-09-20,INDF,6284.96533203125
2023-09-21,INDF,6192.53955078125
2023-09-22,INDF,6261.85888671875
2023-09-25,INDF,6261.85888671875
2023-09-26,INDF,6192.53955078125
2023-09-27,INDF,6238.75244140625
2023-09-29,INDF,6123.2197265625
2023-10-02,INDF,6238.75244140625
2023-10-03,INDF,6215.64599609375
2023-10-04,INDF,6238.75244140625
2023-10-05,INDF,6354.28466796875
2023-10-06,INDF,6354.28466796875
2023-10-09,INDF,6331.17822265625
2023-10-10,INDF,6284.96533203125
2023-10-11,INDF,6238.75244140625
2023-10-12,INDF,6215.64599609375
2023-10-13,INDF,6192.53955078125
2023-10-16,INDF,6215.64599609375
2023-10-17,INDF,6331.17822265625
2023-10-18,INDF,6284.96533203125
2023-10-19,INDF,6238.75244140625
2023-10-20,INDF,6169.43310546875
2023-10-23,INDF,6100.11328125
2023-10-24,INDF,6215.64599609375
2023-10-25,INDF,6238.75244140625
2023-10-26,INDF,6238.75244140625
2023-10-27,INDF,6238.75244140625
2023-10-30,INDF,6215.64599609375
2023-10-31,INDF,6146.326171875
2023-11-01,INDF,6146.326171875
2023-11-02,INDF,5984.5810546875
2023-11-03,INDF,5892.15478515625
2023-11-06,INDF,5869.04833984375
2023-11-07,INDF,5892.15478515625
2023-11-08,INDF,5869.04833984375
2023-11-09,INDF,5845.94189453125
2023-11-10,INDF,5845.94189453125
2023-11-13,INDF,5961.474609375
2023-11-14,INDF,5892.15478515625
2023-11-15,INDF,5938.3681640625
2023-11-16,INDF,5961.474609375
2023-11-17,INDF,5938.3681640625
2023-11-20,INDF,5915.26171875
2023-11-21,INDF,5938.3681640625
2023-11-22,INDF,5869.04833984375
2023-11-23,INDF,5869.04833984375
2023-11-24,INDF,5938.3681640625
2023-11-27,INDF,5915.26171875
2023-11-28,INDF,5892.15478515625
2023-11-29,INDF,5938.3681640625
2023-11-30,INDF,5938.3681640625
2023-12-01,INDF,5845.94189453125
2023-12-04,INDF,5869.04833984375
2023-12-05,INDF,5984.5810546875
2023-12-06,INDF,6007.6875
2023-12-07,INDF,5961.474609375
2023-12-08,INDF,5915.26171875
2023-12-11,INDF,5892.15478515625
2023-12-12,INDF,5938.3681640625
2023-12-13,INDF,5915.26171875
2023-12-14,INDF,5915.26171875
2023-12-15,INDF,5845.94189453125
2023-12-18,INDF,5799.72900390625
2023-12-19,INDF,5845.94189453125
2023-12-20,INDF,5799.72900390625
2023-12-21,INDF,5799.72900390625
2023-12-22,INDF,5799.72900390625
2023-12-27,INDF,5869.04833984375
2023-12-28,INDF,5961.474609375
2023-12-29,INDF,5961.474609375
2024-01-02,INDF,5961.474609375
2024-01-03,INDF,5915.26171875
2024-01-04,INDF,5961.474609375
2024-01-05,INDF,5961.474609375
2024-01-08,INDF,5915.26171875
2024-01-09,INDF,5892.15478515625
2024-01-10,INDF,5869.04833984375
2024-01-11,INDF,5869.04833984375
2024-01-12,INDF,5892.15478515625
2024-01-15,INDF,5961.474609375
2024-01-16,INDF,5961.474609375
2024-01-17,INDF,5915.26171875
2024-01-18,INDF,5892.15478515625
2024-01-19,INDF,5961.474609375
2024-01-22,INDF,5938.3681640625
2024-01-23,INDF,5915.26171875
2024-01-24,INDF,5961.474609375
2024-01-25,INDF,5915.26171875
2024-01-26,INDF,5938.3681640625
2024-01-29,INDF,5938.3681640625
2024-01-30,INDF,5915.26171875
2024-01-31,INDF,5892.15478515625
2024-02-01,INDF,5869.04833984375
2024-02-02,INDF,5915.26171875
2024-02-05,INDF,5822.83544921875
2024-02-06,INDF,5869.04833984375
2024-02-07,INDF,5869.04833984375
2024-02-12,INDF,5915.26171875
2024-02-13,INDF,5869.04833984375
2024-02-15,INDF,5915.26171875
2024-02-16,INDF,5938.3681640625
2024-02-19,INDF,5984.5810546875
2024-02-20,INDF,6053.900390625
2024-02-21,INDF,6100.11328125
2024-02-22,INDF,6215.64599609375
2024-02-23,INDF,6215.64599609375
2024-02-26,INDF,6123.2197265625
2024-02-27,INDF,6077.0068359375
2024-02-28,INDF,6123.2197265625
2024-02-29,INDF,6123.2197265625
2024-03-01,INDF,6169.43310546875
2024-03-04,INDF,6053.900390625
2024-03-05,INDF,6007.6875
2024-03-06,INDF,6007.6875
2024-03-07,INDF,5869.04833984375
2024-03-08,INDF,5869.04833984375
2024-03-13,INDF,5822.83544921875
2024-03-14,INDF,5938.3681640625
2024-03-15,INDF,5938.3681640625
2024-03-18,INDF,5961.474609375
2024-03-19,INDF,5938.3681640625
2024-03-20,INDF,5984.5810546875
2024-03-21,INDF,5961.474609375
2024-03-22,INDF,5938.3681640625
2024-03-25,INDF,5961.474609375
2024-03-26,INDF,5892.15478515625
2024-03-27,INDF,5845.94189453125
2024-03-28,INDF,5892.15478515625
2024-04-01,INDF,5938.3681640625
2024-04-02,INDF,6100.11328125
2024-04-03,INDF,6053.900390625
2024-04-04,INDF,6007.6875
2024-04-05,INDF,6007.6875
2024-04-16,INDF,5684.19677734375
2024-04-17,INDF,5591.7705078125
2024-04-18,INDF,5661.08984375
2024-04-19,INDF,5637.9833984375
2024-04-22,INDF,5684.19677734375
2024-04-23,INDF,5568.6640625
2024-04-24,INDF,5591.7705078125
2024-04-25,INDF,5730.40966796875
2024-04-26,INDF,5591.7705078125
2024-04-29,INDF,5707.30322265625
2024-04-30,INDF,5776.62255859375
2024-05-02,INDF,5753.51611328125
2024-05-03,INDF,5753.51611328125
2024-05-06,INDF,5753.51611328125
2024-05-07,INDF,5684.19677734375
2024-05-08,INDF,5730.40966796875
2024-05-13,INDF,5637.9833984375
2024-05-14,INDF,5707.30322265625
2024-05-15,INDF,5637.9833984375
2024-05-16,INDF,5684.19677734375
2024-05-17,INDF,5684.19677734375
2024-05-20,INDF,5753.51611328125
2024-05-21,INDF,5684.19677734375
2024-05-22,INDF,5684.19677734375
2024-05-27,INDF,5661.08984375
2024-05-28,INDF,5661.08984375
2024-05-29,INDF,5661.08984375
2024-05-30,INDF,5591.7705078125
2024-05-31,INDF,5430.025390625
2024-06-03,INDF,5591.7705078125
2024-06-04,INDF,5637.9833984375
2024-06-05,INDF,5661.08984375
2024-06-06,INDF,5730.40966796875
2024-06-07,INDF,5730.40966796875
2024-06-10,INDF,5707.30322265625
2024-06-11,INDF,5661.08984375
2024-06-12,INDF,5730.40966796875
2024-06-13,INDF,5661.08984375
2024-06-14,INDF,5614.876953125
2024-06-19,INDF,5476.23828125
2024-06-20,INDF,5476.23828125
2024-06-21,INDF,5522.451171875
2024-06-24,INDF,5476.23828125
2024-06-25,INDF,5499.3447265625
2024-06-26,INDF,5453.1318359375
2024-06-27,INDF,5568.6640625
2024-06-28,INDF,5614.876953125
2024-07-01,INDF,5637.9833984375
2024-07-02,INDF,5637.9833984375
2024-07-03,INDF,5637.9833984375
2024-07-04,INDF,5614.876953125
2024-07-05,INDF,5661.08984375
2024-07-08,INDF,5730.40966796875
2024-07-09,INDF,5746.8291015625
2024-07-10,INDF,5795.12158203125
2024-07-11,INDF,5722.6826171875
2024-07-12,INDF,5746.8291015625
2024-07-15,INDF,5770.9755859375
2024-07-16,INDF,5746.8291015625
2024-07-17,INDF,5843.41455078125
2024-07-18,INDF,5867.56103515625
2024-07-19,INDF,5867.56103515625
2024-07-22,INDF,5819.26806640625
2024-07-23,INDF,5891.70703125
2024-07-24,INDF,5795.12158203125
2024-07-25,INDF,5891.70703125
2024-07-26,INDF,5915.853515625
2024-07-29,INDF,5867.56103515625
2024-07-30,INDF,5843.41455078125
2024-07-31,INDF,5915.853515625
2024-08-01,INDF,5940.0
2024-08-02,INDF,5891.70703125
2024-08-05,INDF,5843.41455078125
2024-08-06,INDF,5891.70703125
2024-08-07,INDF,5915.853515625
2024-08-08,INDF,6012.43896484375
2024-08-09,INDF,6060.7314453125
2024-08-12,INDF,6036.5849609375
2024-08-13,INDF,6109.0244140625
2024-08-14,INDF,6278.048828125
2024-08-15,INDF,6253.90234375
2024-08-16,INDF,6302.19482421875
2024-08-19,INDF,6229.755859375
2024-08-20,INDF,6302.19482421875
2024-08-21,INDF,6398.7802734375
2024-08-22,INDF,6422.9267578125
2024-08-23,INDF,6471.21923828125
2024-08-26,INDF,6616.09716796875
2024-08-27,INDF,6567.8046875
2024-08-28,INDF,6591.951171875
2024-08-29,INDF,6567.8046875
2024-08-30,INDF,6616.09716796875
2024-09-02,INDF,6495.36572265625
2024-09-03,INDF,6543.658203125
2024-09-04,INDF,6471.21923828125
2024-09-05,INDF,6736.8291015625
2024-09-06,INDF,6785.12158203125
2024-09-09,INDF,6688.53662109375
2024-09-10,INDF,6809.26806640625
2024-09-11,INDF,6760.9755859375
2024-09-12,INDF,6905.853515625
2024-09-13,INDF,6857.560546875
2024-09-17,INDF,6857.560546875
2024-09-18,INDF,6833.41455078125
2024-09-19,INDF,6833.41455078125
2024-09-20,INDF,6905.853515625
2024-09-23,INDF,6857.560546875
2024-09-24,INDF,6930.0
2024-09-25,INDF,6930.0
2024-09-26,INDF,6978.29248046875
2024-09-27,INDF,6930.0
2024-09-30,INDF,6809.26806640625
2024-10-01,INDF,6930.0
2024-10-02,INDF,6833.41455078125
2024-10-03,INDF,6857.560546875
2024-10-04,INDF,6809.26806640625
2024-10-07,INDF,6688.53662109375
2024-10-08,INDF,6760.9755859375
2024-10-09,INDF,6688.53662109375
2024-10-10,INDF,6785.12158203125
2024-10-11,INDF,6760.9755859375
2024-10-14,INDF,6809.26806640625
2024-10-15,INDF,6954.14599609375
2024-10-16,INDF,6930.0
2024-10-17,INDF,6930.0
2024-10-18,INDF,7171.46337890625
2024-10-21,INDF,7147.31689453125
2024-10-22,INDF,7171.46337890625
2024-10-23,INDF,7243.90234375
2024-10-24,INDF,7268.04833984375
2024-10-25,INDF,7243.90234375
2024-10-28,INDF,7268.04833984375
2024-10-29,INDF,7316.34130859375
2024-10-30,INDF,7219.755859375
2024-10-31,INDF,7340.48779296875
2024-11-01,INDF,7050.7314453125
2024-11-04,INDF,7195.609375
2024-11-05,INDF,7606.09716796875
2024-11-06,INDF,7533.658203125
2024-11-07,INDF,7630.24365234375
2024-11-08,INDF,7437.07275390625
2024-11-11,INDF,7533.658203125
2024-11-12,INDF,7581.951171875
2024-11-13,INDF,7461.21923828125
2024-11-14,INDF,7437.07275390625
2024-11-15,INDF,7461.21923828125
2024-11-18,INDF,7461.21923828125
2024-11-19,INDF,7533.658203125
2024-11-20,INDF,7533.658203125
2024-11-21,INDF,7364.6337890625
2024-11-22,INDF,7219.755859375
2024-11-25,INDF,7340.48779296875
2024-11-26,INDF,7388.7802734375
2024-11-28,INDF,7388.7802734375
2024-11-29,INDF,7292.19482421875
2024-12-02,INDF,7292.19482421875
2024-12-03,INDF,7509.51220703125
2024-12-04,INDF,7581.951171875
2024-12-05,INDF,7606.09716796875
2024-12-06,INDF,7654.39013671875
2024-12-09,INDF,7920.0
2024-12-10,INDF,7871.70703125
2024-12-11,INDF,7920.0
2024-12-12,INDF,7920.0
2024-12-13,INDF,7895.853515625
2024-12-16,INDF,7847.560546875
2024-12-17,INDF,7775.12158203125
2024-12-18,INDF,7557.8046875
2024-12-19,INDF,7388.7802734375
2024-12-20,INDF,7364.6337890625
2024-12-23,INDF,7461.21923828125
2024-12-24,INDF,7364.6337890625
2024-12-27,INDF,7437.07275390625
2024-12-30,INDF,7437.07275390625
2025-01-02,INDF,7219.755859375
2025-01-03,INDF,7292.19482421875
2025-01-06,INDF,7123.17041015625
2025-01-07,INDF,7195.609375
2025-01-08,INDF,7219.755859375
2025-01-09,INDF,7243.90234375
2025-01-10,INDF,7461.21923828125
2025-01-13,INDF,7461.21923828125
2025-01-14,INDF,7268.04833984375
2025-01-15,INDF,7437.07275390625
2025-01-16,INDF,7316.34130859375
2025-01-17,INDF,7340.48779296875
2025-01-20,INDF,7123.17041015625
2025-01-21,INDF,7195.609375
2025-01-22,INDF,7364.6337890625
2025-01-23,INDF,7243.90234375
2025-01-24,INDF,7292.19482421875
2025-01-30,INDF,7364.6337890625
2025-01-31,INDF,7581.951171875
2025-02-03,INDF,7364.6337890625
2025-02-04,INDF,7437.07275390625
2025-02-05,INDF,7268.04833984375
2025-02-06,INDF,7268.04833984375
2025-02-07,INDF,7388.7802734375
2025-02-10,INDF,7509.51220703125
2025-02-11,INDF,7437.07275390625
2025-02-12,INDF,7533.658203125
2025-02-13,INDF,7533.658203125
2025-02-14,INDF,7485.36572265625
2025-02-17,INDF,7557.8046875
2025-02-18,INDF,7581.951171875
2025-02-19,INDF,7726.8291015625
2025-02-20,INDF,7702.6826171875
2025-02-21,INDF,7437.07275390625
2025-02-24,INDF,7630.24365234375
2025-02-25,INDF,7557.8046875
2025-02-26,INDF,7461.21923828125
2025-02-27,INDF,7340.48779296875
2025-02-28,INDF,6881.70703125
2025-03-03,INDF,7099.0244140625
2025-03-04,INDF,7074.8779296875
2025-03-05,INDF,7171.46337890625
2025-03-06,INDF,7050.7314453125
2025-03-07,INDF,7002.43896484375
2025-03-10,INDF,7292.19482421875
2025-03-11,INDF,7026.5849609375
2025-03-12,INDF,7219.755859375
2025-03-13,INDF,7050.7314453125
2025-03-14,INDF,6930.0
2025-03-17,INDF,7026.5849609375
2025-03-18,INDF,6833.41455078125
2025-03-19,INDF,6954.14599609375
2025-03-20,INDF,6785.12158203125
2025-03-21,INDF,6736.8291015625
2025-03-24,INDF,6567.8046875
2025-03-25,INDF,6567.8046875
2025-03-26,INDF,6688.53662109375
2025-03-27,INDF,6857.560546875
2025-04-08,INDF,6954.14599609375
2025-04-09,INDF,6447.07275390625
2025-04-10,INDF,6833.41455078125
2025-04-11,INDF,6664.39013671875
2025-04-14,INDF,6881.70703125
2025-04-15,INDF,7050.7314453125
2025-04-16,INDF,7147.31689453125
2025-04-17,INDF,7050.7314453125
2025-04-21,INDF,7099.0244140625
2025-04-22,INDF,6954.14599609375
2025-04-23,INDF,7099.0244140625
2025-04-24,INDF,7002.43896484375
2025-04-25,INDF,7219.755859375
2025-04-28,INDF,7171.46337890625
2025-04-29,INDF,7243.90234375
2025-04-30,INDF,7726.8291015625
2025-05-02,INDF,7437.07275390625
2025-05-05,INDF,7340.48779296875
2025-05-06,INDF,7268.04833984375
2025-05-07,INDF,7485.36572265625
2025-05-08,INDF,7509.51220703125
2025-05-09,INDF,7702.6826171875
2025-05-14,INDF,7606.09716796875
2025-05-15,INDF,7823.41455078125
2025-05-16,INDF,8161.46337890625
2025-05-19,INDF,7944.14599609375
2025-05-20,INDF,7606.09716796875
2025-05-21,INDF,7702.6826171875
2025-05-22,INDF,7630.24365234375
2025-05-23,INDF,7581.951171875
2025-05-26,INDF,7581.951171875
2025-05-27,INDF,7606.09716796875
2025-05-28,INDF,7606.09716796875
2025-06-02,INDF,7412.9267578125
2025-06-03,INDF,7557.8046875
2025-06-04,INDF,7944.14599609375
2025-06-05,INDF,7871.70703125
2025-06-10,INDF,7920.0
2025-06-11,INDF,8209.755859375
2025-06-12,INDF,7944.14599609375
2025-06-13,INDF,8040.7314453125
2025-06-16,INDF,7944.14599609375
2025-06-17,INDF,7920.0
2025-06-18,INDF,7847.560546875
2025-06-19,INDF,7775.12158203125
2025-06-20,INDF,7775.12158203125
2025-06-23,INDF,7654.39013671875
2025-06-24,INDF,7654.39013671875
2025-06-25,INDF,7775.12158203125
2025-06-26,INDF,7775.12158203125
2025-06-30,INDF,7847.560546875
2025-07-01,INDF,7920.0
2025-07-02,INDF,7975.0
2025-07-03,INDF,8100.0
2025-07-04,INDF,8100.0
2025-07-07,INDF,8100.0
2025-07-08,INDF,8025.0
2025-07-09,INDF,8175.0
2025-07-10,INDF,8150.0
2025-07-11,INDF,8250.0
2025-07-14,INDF,8350.0
2025-07-15,INDF,8325.0
2025-07-16,INDF,8275.0
2025-07-17,INDF,8225.0
2025-07-18,INDF,8225.0
2025-07-21,INDF,8300.0
2025-07-22,INDF,8225.0
2025-07-23,INDF,8350.0
2025-07-24,INDF,8350.0
2025-07-25,INDF,8400.0
2025-07-28,INDF,8375.0
2025-07-29,INDF,8300.0
2025-07-30,INDF,8375.0
2025-07-31,INDF,8525.0
2025-08-01,INDF,8475.0
2025-08-04,INDF,8375.0
2025-08-05,INDF,8325.0
2025-08-06,INDF,8200.0
2025-08-07,INDF,8200.0
2025-08-08,INDF,8150.0
2025-08-11,INDF,8075.0
2025-08-12,INDF,8050.0
2025-08-13,INDF,8025.0
2025-08-14,INDF,8150.0
2025-08-15,INDF,8050.0
2025-08-19,INDF,7925.0
2025-08-20,INDF,7975.0
2025-08-21,INDF,7925.0
2025-08-22,INDF,7850.0
2025-08-25,INDF,7700.0
2025-08-26,INDF,7800.0
2025-08-27,INDF,7600.0
2025-08-28,INDF,7600.0
2025-08-29,INDF,7450.0
2025-09-01,INDF,7400.0
2025-09-02,INDF,7500.0
2025-09-03,INDF,7700.0
2025-09-04,INDF,7525.0
2025-09-08,INDF,7425.0
2025-09-09,INDF,7350.0
2025-09-10,INDF,7425.0
2025-09-11,INDF,7475.0
2025-09-12,INDF,7550.0
2025-09-15,INDF,7650.0
2025-09-16,INDF,7650.0
2025-09-17,INDF,7775.0
2025-09-18,INDF,7650.0
2025-09-19,INDF,7825.0
2025-09-22,INDF,7850.0
2025-09-23,INDF,7775.0
2025-09-24,INDF,7875.0
2025-09-25,INDF,7750.0
2025-09-26,INDF,7650.0
2025-09-29,INDF,7575.0
2025-09-30,INDF,7225.0
2025-10-01,INDF,7100.0
2025-10-02,INDF,7025.0
2025-10-03,INDF,7150.0
2025-10-06,INDF,7100.0
2025-10-07,INDF,7225.0
2025-10-08,INDF,7250.0
2025-10-09,INDF,7150.0
2025-10-10,INDF,7200.0
2025-10-13,INDF,7200.0
2025-10-14,INDF,7050.0
2025-10-15,INDF,6900.0
2025-10-16,INDF,7075.0
2025-10-17,INDF,7125.0
2025-10-20,INDF,7250.0
2025-10-21,INDF,7275.0
2025-10-22,INDF,7175.0
2025-10-23,INDF,7375.0
2025-10-24,INDF,7300.0
2025-10-27,INDF,7450.0
2025-10-28,INDF,7500.0
2025-10-29,INDF,7425.0
2025-10-30,INDF,7400.0
2025-10-31,INDF,7400.0
2025-11-03,INDF,7200.0
2025-11-04,INDF,7075.0
2025-11-05,INDF,7125.0
2025-11-06,INDF,7025.0
2025-11-07,INDF,7125.0
2025-11-10,INDF,7100.0
2025-11-11,INDF,7050.0
2025-11-12,INDF,7175.0
2025-11-13,INDF,7150.0
2025-11-14,INDF,7100.0
2025-11-17,INDF,7100.0
2025-11-18,INDF,7000.0
2025-11-19,INDF,7025.0
2025-11-20,INDF,7075.0
2025-11-21,INDF,7125.0
2025-11-24,INDF,7450.0
2025-11-25,INDF,7250.0
2025-11-26,INDF,7425.0
2025-11-27,INDF,7375.0
2025-11-28,INDF,7350.0
2025-12-01,INDF,7350.0
2025-12-02,INDF,7200.0
2025-12-03,INDF,7050.0
2025-12-04,INDF,7025.0
2025-12-05,INDF,7100.0
2025-12-08,INDF,6975.0
2025-12-09,INDF,6850.0
2025-12-10,INDF,6900.0
2025-12-11,INDF,6575.0
2025-12-12,INDF,6775.0
2025-12-15,INDF,6775.0
2025-12-16,INDF,6775.0
2025-12-17,INDF,6775.0
2025-12-18,INDF,6875.0
2025-12-19,INDF,6750.0
2025-12-22,INDF,6850.0
2025-12-23,INDF,6800.0
2025-12-24,INDF,6800.0
2025-12-29,INDF,6775.0
2025-12-30,INDF,6775.0
2026-01-02,INDF,6675.0
2026-01-05,INDF,6850.0
2026-01-06,INDF,7000.0
2026-01-07,INDF,6725.0
2026-01-08,INDF,6625.0
2026-01-09,INDF,6600.0
2026-01-12,INDF,6600.0
2026-01-13,INDF,6700.0
2026-01-14,INDF,6725.0
2026-01-15,INDF,6750.0
2026-01-19,INDF,6825.0
2026-01-20,INDF,6700.0
2026-01-21,INDF,6700.0
2026-01-22,INDF,6750.0
2026-01-23,INDF,6825.0
2026-01-26,INDF,6800.0
2022-12-30,ITMG,22706.611328125
2023-01-02,ITMG,23041.17578125
2023-01-03,ITMG,22721.158203125
2023-01-04,ITMG,21833.83984375
2023-01-05,ITMG,20451.953125
2023-01-06,ITMG,20597.4140625
2023-01-09,ITMG,20248.306640625
2023-01-10,ITMG,21004.705078125
2023-01-11,ITMG,20990.16015625
2023-01-12,ITMG,20291.94140625
2023-01-13,ITMG,20539.228515625
2023-01-16,ITMG,20408.314453125
2023-01-17,ITMG,20684.689453125
2023-01-18,ITMG,20771.966796875
2023-01-19,ITMG,21441.091796875
2023-01-20,ITMG,22299.3203125
2023-01-24,ITMG,21819.294921875
2023-01-25,ITMG,21251.9921875
2023-01-26,ITMG,20437.404296875
2023-01-27,ITMG,21004.705078125
2023-01-30,ITMG,20742.876953125
2023-01-31,ITMG,21062.890625
2023-02-01,ITMG,20655.59765625
2023-02-02,ITMG,20422.859375
2023-02-03,ITMG,19942.833984375
2023-02-06,ITMG,19724.642578125
2023-02-07,ITMG,21237.447265625
2023-02-08,ITMG,21004.705078125
2023-02-09,ITMG,20582.8671875
2023-02-10,ITMG,19870.103515625
2023-02-13,ITMG,20495.587890625
2023-02-14,ITMG,20437.404296875
2023-02-15,ITMG,20611.9609375
2023-02-16,ITMG,20597.4140625
2023-02-17,ITMG,20437.404296875
2023-02-20,ITMG,20655.59765625
2023-02-21,ITMG,20451.953125
2023-02-22,ITMG,20699.236328125
2023-02-23,ITMG,20888.3359375
2023-02-24,ITMG,20961.0703125
2023-02-27,ITMG,20975.61328125
2023-02-28,ITMG,21644.740234375
2023-03-01,ITMG,21513.82421875
2023-03-02,ITMG,22110.216796875
2023-03-03,ITMG,22081.123046875
2023-03-06,ITMG,21964.7578125
2023-03-07,ITMG,21542.9140625
2023-03-08,ITMG,22052.033203125
2023-03-09,ITMG,22313.8671875
2023-03-10,ITMG,22139.310546875
2023-03-13,ITMG,22546.6015625
2023-03-14,ITMG,21804.75
2023-03-15,ITMG,22052.033203125
2023-03-16,ITMG,21644.740234375
2023-03-17,ITMG,22837.52734375
2023-03-20,ITMG,22226.5859375
2023-03-21,ITMG,22313.8671875
2023-03-24,ITMG,22342.95703125
2023-03-27,ITMG,22401.140625
2023-03-28,ITMG,23113.904296875
2023-03-29,ITMG,23739.390625
2023-03-30,ITMG,22793.888671875
2023-03-31,ITMG,22924.8046875
2023-04-03,ITMG,23215.728515625
2023-04-04,ITMG,23579.3828125
2023-04-05,ITMG,23797.578125
2023-04-06,ITMG,23928.4921875
2023-04-10,ITMG,23783.03125
2023-04-11,ITMG,26244.22265625
2023-04-12,ITMG,24415.240234375
2023-04-13,ITMG,23880.345703125
2023-04-14,ITMG,23276.43359375
2023-04-17,ITMG,22258.4140625
2023-04-18,ITMG,23259.1796875
2023-04-26,ITMG,23379.962890625
2023-04-27,ITMG,23190.162109375
2023-04-28,ITMG,22983.10546875
2023-05-02,ITMG,21861.55859375
2023-05-03,ITMG,21913.322265625
2023-05-04,ITMG,21516.466796875
2023-05-05,ITMG,20463.9375
2023-05-08,ITMG,20705.501953125
2023-05-09,ITMG,20619.228515625
2023-05-10,ITMG,20843.537109375
2023-05-11,ITMG,19514.9375
2023-05-12,ITMG,19204.3515625
2023-05-15,ITMG,19152.587890625
2023-05-16,ITMG,18980.04296875
2023-05-17,ITMG,18151.822265625
2023-05-19,ITMG,17047.529296875
2023-05-22,ITMG,17375.3671875
2023-05-23,ITMG,17582.421875
2023-05-24,ITMG,17220.076171875
2023-05-25,ITMG,16426.365234375
2023-05-26,ITMG,16236.564453125
2023-05-29,ITMG,15856.962890625
2023-05-30,ITMG,15925.9814453125
2023-05-31,ITMG,15270.306640625
2023-06-05,ITMG,15701.671875
2023-06-06,ITMG,16340.091796875
2023-06-07,ITMG,15805.201171875
2023-06-08,ITMG,16236.564453125
2023-06-09,ITMG,16064.01953125
2023-06-12,ITMG,16253.8193359375
2023-06-13,ITMG,16219.30859375
2023-06-14,ITMG,16236.564453125
2023-06-15,ITMG,16736.947265625
2023-06-16,ITMG,16719.69140625
2023-06-19,ITMG,16564.400390625
2023-06-20,ITMG,16512.63671875
2023-06-21,ITMG,16564.400390625
2023-06-22,ITMG,16581.65625
2023-06-23,ITMG,16495.380859375
2023-06-26,ITMG,16564.400390625
2023-06-27,ITMG,16650.67578125
2023-07-03,ITMG,17030.275390625
2023-07-04,ITMG,17133.80078125
2023-07-05,ITMG,17202.822265625
2023-07-06,ITMG,17668.693359375
2023-07-07,ITMG,17151.056640625
2023-07-10,ITMG,17565.166015625
2023-07-11,ITMG,17703.203125
2023-07-12,ITMG,17427.130859375
2023-07-13,ITMG,17185.56640625
2023-07-14,ITMG,17392.62109375
2023-07-17,ITMG,17547.912109375
2023-07-18,ITMG,17427.130859375
2023-07-20,ITMG,17599.67578125
2023-07-21,ITMG,18479.66015625
2023-07-24,ITMG,19325.134765625
2023-07-25,ITMG,18997.296875
2023-07-26,ITMG,19411.41015625
2023-07-27,ITMG,19342.390625
2023-07-28,ITMG,19238.86328125
2023-07-31,ITMG,18772.98828125
2023-08-01,ITMG,18634.951171875
2023-08-02,ITMG,18376.1328125
2023-08-03,ITMG,18755.732421875
2023-08-04,ITMG,18790.2421875
2023-08-07,ITMG,18790.2421875
2023-08-08,ITMG,18962.7890625
2023-08-09,ITMG,19290.626953125
2023-08-10,ITMG,19583.951171875
2023-08-11,ITMG,19049.05859375
2023-08-14,ITMG,19376.896484375
2023-08-15,ITMG,19497.6796875
2023-08-16,ITMG,19463.171875
2023-08-18,ITMG,19359.642578125
2023-08-21,ITMG,19480.423828125
2023-08-22,ITMG,20291.392578125
2023-08-23,ITMG,20429.427734375
2023-08-24,ITMG,20118.84375
2023-08-25,ITMG,19808.263671875
2023-08-28,ITMG,20170.607421875
2023-08-29,ITMG,20049.828125
2023-08-30,ITMG,20136.099609375
2023-08-31,ITMG,19963.556640625
2023-09-01,ITMG,20153.353515625
2023-09-04,ITMG,21378.431640625
2023-09-05,ITMG,21343.921875
2023-09-06,ITMG,21464.703125
2023-09-07,ITMG,21223.138671875
2023-09-08,ITMG,21223.138671875
2023-09-11,ITMG,20964.3203125
2023-09-12,ITMG,21255.544921875
2023-09-13,ITMG,21501.3828125
2023-09-14,ITMG,22201.076171875
2023-09-15,ITMG,21936.328125
2023-09-18,ITMG,21690.490234375
2023-09-19,ITMG,21936.328125
2023-09-20,ITMG,21936.328125
2023-09-21,ITMG,21766.130859375
2023-09-22,ITMG,21860.68359375
2023-09-25,ITMG,21993.05859375
2023-09-26,ITMG,21558.115234375
2023-09-27,ITMG,21463.560546875
2023-09-29,ITMG,21917.416015625
2023-10-02,ITMG,21690.490234375
2023-10-03,ITMG,21217.72265625
2023-10-04,ITMG,20574.76171875
2023-10-05,ITMG,19912.890625
2023-10-06,ITMG,20007.443359375
2023-10-09,ITMG,20404.568359375
2023-10-10,ITMG,20536.94140625
2023-10-11,ITMG,20782.779296875
2023-10-12,ITMG,20310.01171875
2023-10-13,ITMG,20574.76171875
2023-10-16,ITMG,20782.779296875
2023-10-17,ITMG,20858.419921875
2023-10-18,ITMG,21066.439453125
2023-10-19,ITMG,21142.08203125
2023-10-20,ITMG,21293.365234375
2023-10-23,ITMG,20707.13671875
2023-10-24,ITMG,20726.046875
2023-10-25,ITMG,20612.58203125
2023-10-26,ITMG,20310.01171875
2023-10-27,ITMG,20404.568359375
2023-10-30,ITMG,19856.158203125
2023-10-31,ITMG,20064.17578125
2023-11-01,ITMG,18929.5390625
2023-11-02,ITMG,19080.822265625
2023-11-03,ITMG,19251.017578125
2023-11-06,ITMG,19402.302734375
2023-11-07,ITMG,19175.376953125
2023-11-08,ITMG,18702.609375
2023-11-09,ITMG,18740.431640625
2023-11-10,ITMG,18797.1640625
2023-11-13,ITMG,18664.7890625
2023-11-14,ITMG,18910.626953125
2023-11-15,ITMG,19213.197265625
2023-11-16,ITMG,19232.109375
2023-11-17,ITMG,19269.9296875
2023-11-20,ITMG,19364.482421875
2023-11-21,ITMG,19364.482421875
2023-11-22,ITMG,19307.748046875
2023-11-23,ITMG,19269.9296875
2023-11-24,ITMG,19213.197265625
2023-11-27,ITMG,19061.912109375
2023-11-28,ITMG,18891.71484375
2023-11-29,ITMG,18683.69921875
2023-11-30,ITMG,18570.234375
2023-12-01,ITMG,18570.234375
2023-12-04,ITMG,18589.14453125
2023-12-05,ITMG,18116.37890625
2023-12-06,ITMG,18040.73828125
2023-12-07,ITMG,17946.185546875
2023-12-08,ITMG,18154.201171875
2023-12-11,ITMG,18002.91796875
2023-12-12,ITMG,18154.201171875
2023-12-13,ITMG,18002.91796875
2023-12-14,ITMG,18210.935546875
2023-12-15,ITMG,18494.59375
2023-12-18,ITMG,18305.486328125
2023-12-19,ITMG,18551.326171875
2023-12-20,ITMG,18759.341796875
2023-12-21,ITMG,18929.5390625
2023-12-22,ITMG,19175.376953125
2023-12-27,ITMG,19175.376953125
2023-12-28,ITMG,19288.83984375
2023-12-29,ITMG,19402.302734375
2024-01-02,ITMG,19950.7109375
2024-01-03,ITMG,19477.947265625
2024-01-04,ITMG,20120.90625
2024-01-05,ITMG,20253.279296875
2024-01-08,ITMG,20499.119140625
2024-01-09,ITMG,20404.568359375
2024-01-10,ITMG,20404.568359375
2024-01-11,ITMG,20272.193359375
2024-01-12,ITMG,20385.654296875
2024-01-15,ITMG,20763.869140625
2024-01-16,ITMG,20726.046875
2024-01-17,ITMG,20726.046875
2024-01-18,ITMG,20499.119140625
2024-01-19,ITMG,20272.193359375
2024-01-22,ITMG,19856.158203125
2024-01-23,ITMG,19591.408203125
2024-01-24,ITMG,19496.85546875
2024-01-25,ITMG,20064.17578125
2024-01-26,ITMG,20196.548828125
2024-01-29,ITMG,20272.193359375
2024-01-30,ITMG,20083.0859375
2024-01-31,ITMG,20461.298828125
2024-02-01,ITMG,20139.818359375
2024-02-02,ITMG,19837.248046875
2024-02-05,ITMG,19818.337890625
2024-02-06,ITMG,20158.73046875
2024-02-07,ITMG,20196.548828125
2024-02-12,ITMG,20461.298828125
2024-02-13,ITMG,20518.029296875
2024-02-15,ITMG,20480.208984375
2024-02-16,ITMG,20442.388671875
2024-02-19,ITMG,20328.923828125
2024-02-20,ITMG,20101.99609375
2024-02-21,ITMG,20026.35546875
2024-02-22,ITMG,19723.78515625
2024-02-23,ITMG,19818.337890625
2024-02-26,ITMG,19515.767578125
2024-02-27,ITMG,19723.78515625
2024-02-28,ITMG,19950.7109375
2024-02-29,ITMG,19818.337890625
2024-03-01,ITMG,19856.158203125
2024-03-04,ITMG,19950.7109375
2024-03-05,ITMG,20555.849609375
2024-03-06,ITMG,20518.029296875
2024-03-07,ITMG,20952.9765625
2024-03-08,ITMG,20915.15234375
2024-03-13,ITMG,20423.478515625
2024-03-14,ITMG,20726.046875
2024-03-15,ITMG,20499.119140625
2024-03-18,ITMG,20707.13671875
2024-03-19,ITMG,20593.671875
2024-03-20,ITMG,20896.244140625
2024-03-21,ITMG,20990.794921875
2024-03-22,ITMG,21028.619140625
2024-03-25,ITMG,20990.794921875
2024-03-26,ITMG,21009.70703125
2024-03-27,ITMG,21501.3828125
2024-03-28,ITMG,20196.548828125
2024-04-01,ITMG,19893.978515625
2024-04-02,ITMG,20177.638671875
2024-04-03,ITMG,20404.568359375
2024-04-04,ITMG,20347.8359375
2024-04-05,ITMG,20310.01171875
2024-04-16,ITMG,20726.046875
2024-04-17,ITMG,20885.2109375
2024-04-18,ITMG,20945.806640625
2024-04-19,ITMG,20764.021484375
2024-04-22,ITMG,20663.02734375
2024-04-23,ITMG,20622.6328125
2024-04-24,ITMG,20481.2421875
2024-04-25,ITMG,20178.263671875
2024-04-26,ITMG,19794.49609375
2024-04-29,ITMG,20158.06640625
2024-04-30,ITMG,20380.25
2024-05-02,ITMG,20117.669921875
2024-05-03,ITMG,20057.07421875
2024-05-06,ITMG,19794.49609375
2024-05-07,ITMG,20036.876953125
2024-05-08,ITMG,20481.2421875
2024-05-13,ITMG,19915.685546875
2024-05-14,ITMG,19794.49609375
2024-05-15,ITMG,19471.318359375
2024-05-16,ITMG,19552.11328125
2024-05-17,ITMG,19451.123046875
2024-05-20,ITMG,19673.3046875
2024-05-21,ITMG,19592.509765625
2024-05-22,ITMG,19653.103515625
2024-05-27,ITMG,19592.509765625
2024-05-28,ITMG,19632.908203125
2024-05-29,ITMG,19693.50390625
2024-05-30,ITMG,20158.06640625
2024-05-31,ITMG,20178.263671875
2024-06-03,ITMG,20380.25
2024-06-04,ITMG,20521.638671875
2024-06-05,ITMG,20077.2734375
2024-06-06,ITMG,19875.2890625
2024-06-07,ITMG,19996.478515625
2024-06-10,ITMG,19733.900390625
2024-06-11,ITMG,19471.318359375
2024-06-12,ITMG,19632.908203125
2024-06-13,ITMG,19552.11328125
2024-06-14,ITMG,19430.923828125
2024-06-19,ITMG,19289.533203125
2024-06-20,ITMG,19309.73046875
2024-06-21,ITMG,19592.509765625
2024-06-24,ITMG,19309.73046875
2024-06-25,ITMG,19067.349609375
2024-06-26,ITMG,19228.939453125
2024-06-27,ITMG,19188.541015625
2024-06-28,ITMG,19309.73046875
2024-07-01,ITMG,19612.708984375
2024-07-02,ITMG,20198.46484375
2024-07-03,ITMG,20844.814453125
2024-07-04,ITMG,21127.59375
2024-07-05,ITMG,21127.59375
2024-07-08,ITMG,21006.40234375
2024-07-09,ITMG,20622.6328125
2024-07-10,ITMG,20723.623046875
2024-07-11,ITMG,20602.43359375
2024-07-12,ITMG,20642.828125
2024-07-15,ITMG,20602.43359375
2024-07-16,ITMG,20966.005859375
2024-07-17,ITMG,20844.814453125
2024-07-18,ITMG,21147.791015625
2024-07-19,ITMG,21430.5703125
2024-07-22,ITMG,22097.119140625
2024-07-23,ITMG,21531.5625
2024-07-24,ITMG,21289.181640625
2024-07-25,ITMG,21046.798828125
2024-07-26,ITMG,21329.578125
2024-07-29,ITMG,21147.791015625
2024-07-30,ITMG,21289.181640625
2024-07-31,ITMG,21248.783203125
2024-08-01,ITMG,21511.361328125
2024-08-02,ITMG,21794.142578125
2024-08-05,ITMG,20703.423828125
2024-08-06,ITMG,20622.6328125
2024-08-07,ITMG,20844.814453125
2024-08-08,ITMG,20865.013671875
2024-08-09,ITMG,20885.2109375
2024-08-12,ITMG,21390.171875
2024-08-13,ITMG,21672.951171875
2024-08-14,ITMG,21188.1875
2024-08-15,ITMG,21167.98828125
2024-08-16,ITMG,21349.775390625
2024-08-19,ITMG,21390.171875
2024-08-20,ITMG,21329.578125
2024-08-21,ITMG,21551.76171875
2024-08-22,ITMG,21592.158203125
2024-08-23,ITMG,21551.76171875
2024-08-26,ITMG,21814.33984375
2024-08-27,ITMG,21814.33984375
2024-08-28,ITMG,21996.125
2024-08-29,ITMG,21955.73046875
2024-08-30,ITMG,21996.125
2024-09-02,ITMG,22359.69921875
2024-09-03,ITMG,22460.69140625
2024-09-04,ITMG,22218.30859375
2024-09-05,ITMG,22036.521484375
2024-09-06,ITMG,21996.125
2024-09-09,ITMG,21996.125
2024-09-10,ITMG,22083.275390625
2024-09-11,ITMG,21998.666015625
2024-09-12,ITMG,22315.953125
2024-09-13,ITMG,22167.884765625
2024-09-17,ITMG,21871.75
2024-09-18,ITMG,21935.20703125
2024-09-19,ITMG,21998.666015625
2024-09-20,ITMG,21914.0546875
2024-09-23,ITMG,22146.732421875
2024-09-24,ITMG,22760.15625
2024-09-25,ITMG,22442.8671875
2024-09-26,ITMG,22421.71484375
2024-09-27,ITMG,22421.71484375
2024-09-30,ITMG,22400.5625
2024-10-01,ITMG,22294.80078125
2024-10-02,ITMG,22019.818359375
2024-10-03,ITMG,22083.275390625
2024-10-04,ITMG,21977.51171875
2024-10-07,ITMG,22273.6484375
2024-10-08,ITMG,22040.970703125
2024-10-09,ITMG,22040.970703125
2024-10-10,ITMG,22019.818359375
2024-10-11,ITMG,21935.20703125
2024-10-14,ITMG,21956.359375
2024-10-15,ITMG,22125.580078125
2024-10-16,ITMG,21871.75
2024-10-17,ITMG,21956.359375
2024-10-18,ITMG,21935.20703125
2024-10-21,ITMG,21892.90234375
2024-10-22,ITMG,21935.20703125
2024-10-23,ITMG,21723.681640625
2024-10-24,ITMG,21723.681640625
2024-10-25,ITMG,21596.765625
2024-10-28,ITMG,21596.765625
2024-10-29,ITMG,21533.30859375
2024-10-30,ITMG,21279.478515625
2024-10-31,ITMG,21216.021484375
2024-11-01,ITMG,21575.61328125
2024-11-04,ITMG,21258.326171875
2024-11-05,ITMG,21469.8515625
2024-11-06,ITMG,21364.087890625
2024-11-07,ITMG,21512.15625
2024-11-08,ITMG,21364.087890625
2024-11-11,ITMG,21279.478515625
2024-11-12,ITMG,21744.833984375
2024-11-13,ITMG,22167.884765625
2024-11-14,ITMG,22252.494140625
2024-11-15,ITMG,22421.71484375
2024-11-18,ITMG,22717.8515625
2024-11-19,ITMG,22675.546875
2024-11-20,ITMG,22590.9375
2024-11-21,ITMG,23162.0546875
2024-11-22,ITMG,23648.564453125
2024-11-25,ITMG,23352.427734375
2024-11-26,ITMG,23204.359375
2024-11-28,ITMG,23098.59765625
2024-11-29,ITMG,22548.630859375
2024-12-02,ITMG,22760.15625
2024-12-03,ITMG,22929.376953125
2024-12-04,ITMG,23267.818359375
2024-12-05,ITMG,23225.513671875
2024-12-06,ITMG,23437.0390625
2024-12-09,ITMG,23563.953125
2024-12-10,ITMG,23585.10546875
2024-12-11,ITMG,23860.087890625
2024-12-12,ITMG,23712.021484375
2024-12-13,ITMG,23563.953125
2024-12-16,ITMG,23479.34375
2024-12-17,ITMG,23056.291015625
2024-12-18,ITMG,22971.681640625
2024-12-19,ITMG,22273.6484375
2024-12-20,ITMG,21596.765625
2024-12-23,ITMG,21702.52734375
2024-12-24,ITMG,21406.392578125
2024-12-27,ITMG,21871.75
2024-12-30,ITMG,22590.9375
2025-01-02,ITMG,22146.732421875
2025-01-03,ITMG,22252.494140625
2025-01-06,ITMG,21829.443359375
2025-01-07,ITMG,21829.443359375
2025-01-08,ITMG,21469.8515625
2025-01-09,ITMG,21406.392578125
2025-01-10,ITMG,21385.240234375
2025-01-13,ITMG,21342.935546875
2025-01-14,ITMG,21491.00390625
2025-01-15,ITMG,21787.138671875
2025-01-16,ITMG,21998.666015625
2025-01-17,ITMG,22083.275390625
2025-01-20,ITMG,21914.0546875
2025-01-21,ITMG,22104.427734375
2025-01-22,ITMG,22358.2578125
2025-01-23,ITMG,22337.10546875
2025-01-24,ITMG,22273.6484375
2025-01-30,ITMG,21914.0546875
2025-01-31,ITMG,21892.90234375
2025-02-03,ITMG,22062.123046875
2025-02-04,ITMG,21892.90234375
2025-02-05,ITMG,22040.970703125
2025-02-06,ITMG,21533.30859375
2025-02-07,ITMG,21723.681640625
2025-02-10,ITMG,21321.783203125
2025-02-11,ITMG,21216.021484375
2025-02-12,ITMG,21448.69921875
2025-02-13,ITMG,21512.15625
2025-02-14,ITMG,21660.22265625
2025-02-17,ITMG,21765.986328125
2025-02-18,ITMG,21808.291015625
2025-02-19,ITMG,21744.833984375
2025-02-20,ITMG,21342.935546875
2025-02-21,ITMG,21385.240234375
2025-02-24,ITMG,21321.783203125
2025-02-25,ITMG,21004.494140625
2025-02-26,ITMG,20877.580078125
2025-02-27,ITMG,21004.494140625
2025-02-28,ITMG,20052.630859375
2025-03-03,ITMG,20327.61328125
2025-03-04,ITMG,19523.814453125
2025-03-05,ITMG,19650.728515625
2025-03-06,ITMG,19883.41015625
2025-03-07,ITMG,20052.630859375
2025-03-10,ITMG,20179.544921875
2025-03-11,ITMG,20221.849609375
2025-03-12,ITMG,19693.03515625
2025-03-13,ITMG,19798.798828125
2025-03-14,ITMG,19566.119140625
2025-03-17,ITMG,19396.8984375
2025-03-18,ITMG,19037.3046875
2025-03-19,ITMG,19164.220703125
2025-03-20,ITMG,19375.74609375
2025-03-21,ITMG,19016.15234375
2025-03-24,ITMG,18508.4921875
2025-03-25,ITMG,18995.0
2025-03-26,ITMG,19418.05078125
2025-03-27,ITMG,19418.05078125
2025-04-08,ITMG,18466.1875
2025-04-09,ITMG,19269.984375
2025-04-10,ITMG,19693.03515625
2025-04-11,ITMG,19798.798828125
2025-04-14,ITMG,20983.341796875
2025-04-15,ITMG,20898.732421875
2025-04-16,ITMG,20814.12109375
2025-04-17,ITMG,20983.341796875
2025-04-21,ITMG,20629.8203125
2025-04-22,ITMG,20769.3671875
2025-04-23,ITMG,20746.109375
2025-04-24,ITMG,20513.529296875
2025-04-25,ITMG,20560.046875
2025-04-28,ITMG,20536.7890625
2025-04-29,ITMG,20513.529296875
2025-04-30,ITMG,20467.013671875
2025-05-02,ITMG,20420.498046875
2025-05-05,ITMG,20513.529296875
2025-05-06,ITMG,20722.8515625
2025-05-07,ITMG,20792.625
2025-05-08,ITMG,20583.3046875
2025-05-09,ITMG,20560.046875
2025-05-14,ITMG,20908.916015625
2025-05-15,ITMG,20885.658203125
2025-05-16,ITMG,21025.205078125
2025-05-19,ITMG,21211.26953125
2025-05-20,ITMG,20769.3671875
2025-05-21,ITMG,20978.689453125
2025-05-22,ITMG,21071.720703125
2025-05-23,ITMG,20932.173828125
2025-05-26,ITMG,20839.142578125
2025-05-27,ITMG,20955.431640625
2025-05-28,ITMG,21001.947265625
2025-06-02,ITMG,20676.3359375
2025-06-03,ITMG,20653.078125
2025-06-04,ITMG,20746.109375
2025-06-05,ITMG,20653.078125
2025-06-10,ITMG,20885.658203125
2025-06-11,ITMG,21025.205078125
2025-06-12,ITMG,21094.978515625
2025-06-13,ITMG,21350.81640625
2025-06-16,ITMG,21955.525390625
2025-06-17,ITMG,21792.720703125
2025-06-18,ITMG,21932.267578125
2025-06-19,ITMG,21188.01171875
2025-06-20,ITMG,20815.8828125
2025-06-23,ITMG,20769.3671875
2025-06-24,ITMG,20653.078125
2025-06-25,ITMG,20560.046875
2025-06-26,ITMG,20490.271484375
2025-06-30,ITMG,20467.013671875
2025-07-01,ITMG,20536.7890625
2025-07-02,ITMG,20722.8515625
2025-07-03,ITMG,20536.7890625
2025-07-04,ITMG,20560.046875
2025-07-07,ITMG,20560.046875
2025-07-08,ITMG,20490.271484375
2025-07-09,ITMG,20513.529296875
2025-07-10,ITMG,20722.8515625
2025-07-11,ITMG,20932.173828125
2025-07-14,ITMG,20885.658203125
2025-07-15,ITMG,20839.142578125
2025-07-16,ITMG,20908.916015625
2025-07-17,ITMG,20885.658203125
2025-07-18,ITMG,20955.431640625
2025-07-21,ITMG,20978.689453125
2025-07-22,ITMG,21211.26953125
2025-07-23,ITMG,21327.55859375
2025-07-24,ITMG,21490.365234375
2025-07-25,ITMG,21350.81640625
2025-07-28,ITMG,21629.9140625
2025-07-29,ITMG,21606.654296875
2025-07-30,ITMG,21815.978515625
2025-07-31,ITMG,21397.33203125
2025-08-01,ITMG,21327.55859375
2025-08-04,ITMG,21490.365234375
2025-08-05,ITMG,21420.58984375
2025-08-06,ITMG,21467.107421875
2025-08-07,ITMG,21513.623046875
2025-08-08,ITMG,21722.9453125
2025-08-11,ITMG,22048.55859375
2025-08-12,ITMG,20978.689453125
2025-08-13,ITMG,20908.916015625
2025-08-14,ITMG,20839.142578125
2025-08-15,ITMG,20699.59375
2025-08-19,ITMG,20513.529296875
2025-08-20,ITMG,20722.8515625
2025-08-21,ITMG,20722.8515625
2025-08-22,ITMG,20746.109375
2025-08-25,ITMG,20839.142578125
2025-08-26,ITMG,20815.8828125
2025-08-27,ITMG,20839.142578125
2025-08-28,ITMG,20862.400390625
2025-08-29,ITMG,20583.3046875
2025-09-01,ITMG,20653.078125
2025-09-02,ITMG,20792.625
2025-09-03,ITMG,20722.8515625
2025-09-04,ITMG,20792.625
2025-09-08,ITMG,20722.8515625
2025-09-09,ITMG,20699.59375
2025-09-10,ITMG,20653.078125
2025-09-11,ITMG,20769.3671875
2025-09-12,ITMG,20769.3671875
2025-09-15,ITMG,20885.658203125
2025-09-16,ITMG,20792.625
2025-09-17,ITMG,21001.947265625
2025-09-18,ITMG,21094.978515625
2025-09-19,ITMG,21490.365234375
2025-09-22,ITMG,21490.365234375
2025-09-23,ITMG,21374.07421875
2025-09-24,ITMG,21234.52734375
2025-09-25,ITMG,21094.978515625
2025-09-26,ITMG,21164.75390625
2025-09-29,ITMG,21234.52734375
2025-09-30,ITMG,21281.04296875
2025-10-01,ITMG,20955.431640625
2025-10-02,ITMG,21025.205078125
2025-10-03,ITMG,21118.236328125
2025-10-06,ITMG,20932.173828125
2025-10-07,ITMG,20862.400390625
2025-10-08,ITMG,20606.5625
2025-10-09,ITMG,20885.658203125
2025-10-10,ITMG,21188.01171875
2025-10-13,ITMG,21025.205078125
2025-10-14,ITMG,20746.109375
2025-10-15,ITMG,20467.013671875
2025-10-16,ITMG,20815.8828125
2025-10-17,ITMG,20676.3359375
2025-10-20,ITMG,20885.658203125
2025-10-21,ITMG,20978.689453125
2025-10-22,ITMG,20978.689453125
2025-10-23,ITMG,21094.978515625
2025-10-24,ITMG,21118.236328125
2025-10-27,ITMG,21141.49609375
2025-10-28,ITMG,21211.26953125
2025-10-29,ITMG,21374.07421875
2025-10-30,ITMG,21862.494140625
2025-10-31,ITMG,21862.494140625
2025-11-03,ITMG,21420.58984375
2025-11-04,ITMG,21583.396484375
2025-11-05,ITMG,21955.525390625
2025-11-06,ITMG,21769.462890625
2025-11-07,ITMG,21769.462890625
2025-11-10,ITMG,21722.9453125
2025-11-11,ITMG,21583.396484375
2025-11-12,ITMG,21490.365234375
2025-11-13,ITMG,21767.138671875
2025-11-14,ITMG,21550.91015625
2025-11-17,ITMG,21526.884765625
2025-11-18,ITMG,21238.578125
2025-11-19,ITMG,21286.62890625
2025-11-20,ITMG,21238.578125
2025-11-21,ITMG,21262.603515625
2025-11-24,ITMG,21382.73046875
2025-11-25,ITMG,21238.578125
2025-11-26,ITMG,21190.525390625
2025-11-27,ITMG,21142.474609375
2025-11-28,ITMG,21190.525390625
2025-12-01,ITMG,21046.373046875
2025-12-02,ITMG,21142.474609375
2025-12-03,ITMG,21118.44921875
2025-12-04,ITMG,21094.423828125
2025-12-05,ITMG,21142.474609375
2025-12-08,ITMG,21142.474609375
2025-12-09,ITMG,21070.3984375
2025-12-10,ITMG,21046.373046875
2025-12-11,ITMG,20902.220703125
2025-12-12,ITMG,20878.193359375
2025-12-15,ITMG,20710.015625
2025-12-16,ITMG,20325.607421875
2025-12-17,ITMG,20565.861328125
2025-12-18,ITMG,20493.78515625
2025-12-19,ITMG,20734.041015625
2025-12-22,ITMG,20710.015625
2025-12-23,ITMG,21022.34765625
2025-12-24,ITMG,21142.474609375
2025-12-29,ITMG,21118.44921875
2025-12-30,ITMG,21022.34765625
2026-01-02,ITMG,21166.5
2026-01-05,ITMG,21070.3984375
2026-01-06,ITMG,21118.44921875
2026-01-07,ITMG,21166.5
2026-01-08,ITMG,21142.474609375
2026-01-09,ITMG,21070.3984375
2026-01-12,ITMG,20998.322265625
2026-01-13,ITMG,21142.474609375
2026-01-14,ITMG,21286.62890625
2026-01-15,ITMG,21406.755859375
2026-01-19,ITMG,21454.806640625
2026-01-20,ITMG,21526.884765625
2026-01-21,ITMG,21430.78125
2026-01-22,ITMG,21839.216796875
2026-01-23,ITMG,21622.986328125
2026-01-26,ITMG,21767.138671875
2022-12-30,KLBF,1911.10302734375
2023-01-02,KLBF,1883.6710205078125
2023-01-03,KLBF,1938.53515625
2023-01-04,KLBF,1911.10302734375
2023-01-05,KLBF,1892.8150634765625
2023-01-06,KLBF,1874.5269775390625
2023-01-09,KLBF,1920.2470703125
2023-01-10,KLBF,1874.5269775390625
2023-01-11,KLBF,1865.3829345703125
2023-01-12,KLBF,1847.094970703125
2023-01-13,KLBF,1874.5269775390625
2023-01-16,KLBF,1883.6710205078125
2023-01-17,KLBF,1892.8150634765625
2023-01-18,KLBF,1911.10302734375
2023-01-19,KLBF,1920.2470703125
2023-01-20,KLBF,1883.6710205078125
2023-01-24,KLBF,1883.6710205078125
2023-01-25,KLBF,1874.5269775390625
2023-01-26,KLBF,1865.3829345703125
2023-01-27,KLBF,1874.5269775390625
2023-01-30,KLBF,1965.96728515625
2023-01-31,KLBF,1883.6710205078125
2023-02-01,KLBF,1901.9591064453125
2023-02-02,KLBF,2011.6875
2023-02-03,KLBF,1993.3994140625
2023-02-06,KLBF,1984.25537109375
2023-02-07,KLBF,2020.83154296875
2023-02-08,KLBF,2057.407470703125
2023-02-09,KLBF,2057.407470703125
2023-02-10,KLBF,2157.991943359375
2023-02-13,KLBF,2039.1197509765625
2023-02-14,KLBF,2130.559814453125
2023-02-15,KLBF,2112.271728515625
2023-02-16,KLBF,2093.983642578125
2023-02-17,KLBF,2057.407470703125
2023-02-20,KLBF,2103.127685546875
2023-02-21,KLBF,2093.983642578125
2023-02-22,KLBF,1975.1112060546875
2023-02-23,KLBF,1993.3994140625
2023-02-24,KLBF,2075.69580078125
2023-02-27,KLBF,1984.25537109375
2023-02-28,KLBF,1929.39111328125
2023-03-01,KLBF,1929.39111328125
2023-03-02,KLBF,1920.2470703125
2023-03-03,KLBF,1883.6710205078125
2023-03-06,KLBF,1929.39111328125
2023-03-07,KLBF,1901.9591064453125
2023-03-08,KLBF,1920.2470703125
2023-03-09,KLBF,1901.9591064453125
2023-03-10,KLBF,1883.6710205078125
2023-03-13,KLBF,1929.39111328125
2023-03-14,KLBF,1911.10302734375
2023-03-15,KLBF,1892.8150634765625
2023-03-16,KLBF,1947.6793212890625
2023-03-17,KLBF,2029.9754638671875
2023-03-20,KLBF,1984.25537109375
2023-03-21,KLBF,2020.83154296875
2023-03-24,KLBF,1947.6793212890625
2023-03-27,KLBF,1920.2470703125
2023-03-28,KLBF,1965.96728515625
2023-03-29,KLBF,2011.6875
2023-03-30,KLBF,1984.25537109375
2023-03-31,KLBF,1920.2470703125
2023-04-03,KLBF,1901.9591064453125
2023-04-04,KLBF,1920.2470703125
2023-04-05,KLBF,1911.10302734375
2023-04-06,KLBF,1874.5269775390625
2023-04-10,KLBF,1892.8150634765625
2023-04-11,KLBF,1892.8150634765625
2023-04-12,KLBF,1865.3829345703125
2023-04-13,KLBF,1856.23876953125
2023-04-14,KLBF,1883.6710205078125
2023-04-17,KLBF,1865.3829345703125
2023-04-18,KLBF,1883.6710205078125
2023-04-26,KLBF,1901.9591064453125
2023-04-27,KLBF,1938.53515625
2023-04-28,KLBF,1938.53515625
2023-05-02,KLBF,1892.8150634765625
2023-05-03,KLBF,1883.6710205078125
2023-05-04,KLBF,1911.10302734375
2023-05-05,KLBF,1965.96728515625
2023-05-08,KLBF,1920.2470703125
2023-05-09,KLBF,1883.6710205078125
2023-05-10,KLBF,1883.6710205078125
2023-05-11,KLBF,1947.6793212890625
2023-05-12,KLBF,1964.4375
2023-05-15,KLBF,1992.36767578125
2023-05-16,KLBF,2048.228759765625
2023-05-17,KLBF,2010.9881591796875
2023-05-19,KLBF,2020.2984619140625
2023-05-22,KLBF,1983.057861328125
2023-05-23,KLBF,1973.7476806640625
2023-05-24,KLBF,1899.2666015625
2023-05-25,KLBF,1908.57666015625
2023-05-26,KLBF,1908.57666015625
2023-05-29,KLBF,1964.4375
2023-05-30,KLBF,1927.197021484375
2023-05-31,KLBF,1889.9564208984375
2023-06-05,KLBF,1908.57666015625
2023-06-06,KLBF,1899.2666015625
2023-06-07,KLBF,1908.57666015625
2023-06-08,KLBF,1899.2666015625
2023-06-09,KLBF,1908.57666015625
2023-06-12,KLBF,1917.8868408203125
2023-06-13,KLBF,1936.507080078125
2023-06-14,KLBF,1908.57666015625
2023-06-15,KLBF,1936.507080078125
2023-06-16,KLBF,1955.127197265625
2023-06-19,KLBF,1927.197021484375
2023-06-20,KLBF,1927.197021484375
2023-06-21,KLBF,1908.57666015625
2023-06-22,KLBF,1880.6463623046875
2023-06-23,KLBF,1908.57666015625
2023-06-26,KLBF,1927.197021484375
2023-06-27,KLBF,1908.57666015625
2023-07-03,KLBF,1880.6463623046875
2023-07-04,KLBF,1848.060791015625
2023-07-05,KLBF,1871.336181640625
2023-07-06,KLBF,1852.7159423828125
2023-07-07,KLBF,1852.7159423828125
2023-07-10,KLBF,1862.0260009765625
2023-07-11,KLBF,1889.9564208984375
2023-07-12,KLBF,1862.0260009765625
2023-07-13,KLBF,1880.6463623046875
2023-07-14,KLBF,1927.197021484375
2023-07-17,KLBF,1880.6463623046875
2023-07-18,KLBF,1862.0260009765625
2023-07-20,KLBF,1815.475341796875
2023-07-21,KLBF,1834.095703125
2023-07-24,KLBF,1834.095703125
2023-07-25,KLBF,1829.4405517578125
2023-07-26,KLBF,1801.5101318359375
2023-07-27,KLBF,1773.579833984375
2023-07-28,KLBF,1778.23486328125
2023-07-31,KLBF,1782.889892578125
2023-08-01,KLBF,1680.478515625
2023-08-02,KLBF,1671.1683349609375
2023-08-03,KLBF,1754.95947265625
2023-08-04,KLBF,1745.6494140625
2023-08-07,KLBF,1722.3740234375
2023-08-08,KLBF,1727.0291748046875
2023-08-09,KLBF,1745.6494140625
2023-08-10,KLBF,1717.718994140625
2023-08-11,KLBF,1722.3740234375
2023-08-14,KLBF,1722.3740234375
2023-08-15,KLBF,1722.3740234375
2023-08-16,KLBF,1740.9942626953125
2023-08-18,KLBF,1717.718994140625
2023-08-21,KLBF,1717.718994140625
2023-08-22,KLBF,1727.0291748046875
2023-08-23,KLBF,1685.133544921875
2023-08-24,KLBF,1685.133544921875
2023-08-25,KLBF,1685.133544921875
2023-08-28,KLBF,1680.478515625
2023-08-29,KLBF,1731.6842041015625
2023-08-30,KLBF,1717.718994140625
2023-08-31,KLBF,1689.7886962890625
2023-09-01,KLBF,1652.548095703125
2023-09-04,KLBF,1661.858154296875
2023-09-05,KLBF,1647.8929443359375
2023-09-06,KLBF,1619.962646484375
2023-09-07,KLBF,1587.377197265625
2023-09-08,KLBF,1601.34228515625
2023-09-11,KLBF,1731.6842041015625
2023-09-12,KLBF,1694.443603515625
2023-09-13,KLBF,1661.858154296875
2023-09-14,KLBF,1661.858154296875
2023-09-15,KLBF,1643.238037109375
2023-09-18,KLBF,1689.7886962890625
2023-09-19,KLBF,1666.5133056640625
2023-09-20,KLBF,1629.272705078125
2023-09-21,KLBF,1689.7886962890625
2023-09-22,KLBF,1657.2032470703125
2023-09-25,KLBF,1652.548095703125
2023-09-26,KLBF,1680.478515625
2023-09-27,KLBF,1633.9278564453125
2023-09-29,KLBF,1633.9278564453125
2023-10-02,KLBF,1661.858154296875
2023-10-03,KLBF,1671.1683349609375
2023-10-04,KLBF,1643.238037109375
2023-10-05,KLBF,1708.4088134765625
2023-10-06,KLBF,1708.4088134765625
2023-10-09,KLBF,1657.2032470703125
2023-10-10,KLBF,1633.9278564453125
2023-10-11,KLBF,1629.272705078125
2023-10-12,KLBF,1619.962646484375
2023-10-13,KLBF,1629.272705078125
2023-10-16,KLBF,1638.5828857421875
2023-10-17,KLBF,1699.0987548828125
2023-10-18,KLBF,1680.478515625
2023-10-19,KLBF,1675.8233642578125
2023-10-20,KLBF,1647.8929443359375
2023-10-23,KLBF,1647.8929443359375
2023-10-24,KLBF,1699.0987548828125
2023-10-25,KLBF,1638.5828857421875
2023-10-26,KLBF,1629.272705078125
2023-10-27,KLBF,1633.9278564453125
2023-10-30,KLBF,1587.377197265625
2023-10-31,KLBF,1573.4119873046875
2023-11-01,KLBF,1494.27587890625
2023-11-02,KLBF,1484.9656982421875
2023-11-03,KLBF,1480.3106689453125
2023-11-06,KLBF,1503.5860595703125
2023-11-07,KLBF,1494.27587890625
2023-11-08,KLBF,1503.5860595703125
2023-11-09,KLBF,1508.240966796875
2023-11-10,KLBF,1480.3106689453125
2023-11-13,KLBF,1489.620849609375
2023-11-14,KLBF,1494.27587890625
2023-11-15,KLBF,1498.9310302734375
2023-11-16,KLBF,1503.5860595703125
2023-11-17,KLBF,1508.240966796875
2023-11-20,KLBF,1512.8961181640625
2023-11-21,KLBF,1494.27587890625
2023-11-22,KLBF,1531.516357421875
2023-11-23,KLBF,1526.861328125
2023-11-24,KLBF,1484.9656982421875
2023-11-27,KLBF,1512.8961181640625
2023-11-28,KLBF,1494.27587890625
2023-11-29,KLBF,1494.27587890625
2023-11-30,KLBF,1503.5860595703125
2023-12-01,KLBF,1550.13671875
2023-12-04,KLBF,1526.861328125
2023-12-05,KLBF,1545.481689453125
2023-12-06,KLBF,1582.7220458984375
2023-12-07,KLBF,1554.7916259765625
2023-12-08,KLBF,1531.516357421875
2023-12-11,KLBF,1517.55126953125
2023-12-12,KLBF,1498.9310302734375
2023-12-13,KLBF,1498.9310302734375
2023-12-14,KLBF,1489.620849609375
2023-12-15,KLBF,1489.620849609375
2023-12-18,KLBF,1503.5860595703125
2023-12-19,KLBF,1545.481689453125
2023-12-20,KLBF,1503.5860595703125
2023-12-21,KLBF,1489.620849609375
2023-12-22,KLBF,1475.6556396484375
2023-12-27,KLBF,1508.240966796875
2023-12-28,KLBF,1508.240966796875
2023-12-29,KLBF,1498.9310302734375
2024-01-02,KLBF,1508.240966796875
2024-01-03,KLBF,1494.27587890625
2024-01-04,KLBF,1480.3106689453125
2024-01-05,KLBF,1471.0006103515625
2024-01-08,KLBF,1480.3106689453125
2024-01-09,KLBF,1480.3106689453125
2024-01-10,KLBF,1471.0006103515625
2024-01-11,KLBF,1484.9656982421875
2024-01-12,KLBF,1484.9656982421875
2024-01-15,KLBF,1480.3106689453125
2024-01-16,KLBF,1475.6556396484375
2024-01-17,KLBF,1471.0006103515625
2024-01-18,KLBF,1471.0006103515625
2024-01-19,KLBF,1447.7252197265625
2024-01-22,KLBF,1447.7252197265625
2024-01-23,KLBF,1447.7252197265625
2024-01-24,KLBF,1484.9656982421875
2024-01-25,KLBF,1466.345458984375
2024-01-26,KLBF,1433.7601318359375
2024-01-29,KLBF,1405.8297119140625
2024-01-30,KLBF,1405.8297119140625
2024-01-31,KLBF,1405.8297119140625
2024-02-01,KLBF,1405.8297119140625
2024-02-02,KLBF,1433.7601318359375
2024-02-05,KLBF,1438.4150390625
2024-02-06,KLBF,1438.4150390625
2024-02-07,KLBF,1396.51953125
2024-02-12,KLBF,1387.20947265625
2024-02-13,KLBF,1377.8992919921875
2024-02-15,KLBF,1354.6239013671875
2024-02-16,KLBF,1382.5543212890625
2024-02-19,KLBF,1368.5889892578125
2024-02-20,KLBF,1396.51953125
2024-02-21,KLBF,1387.20947265625
2024-02-22,KLBF,1382.5543212890625
2024-02-23,KLBF,1373.244140625
2024-02-26,KLBF,1368.5889892578125
2024-02-27,KLBF,1359.279052734375
2024-02-28,KLBF,1354.6239013671875
2024-02-29,KLBF,1387.20947265625
2024-03-01,KLBF,1387.20947265625
2024-03-04,KLBF,1396.51953125
2024-03-05,KLBF,1382.5543212890625
2024-03-06,KLBF,1396.51953125
2024-03-07,KLBF,1363.9342041015625
2024-03-08,KLBF,1340.6588134765625
2024-03-13,KLBF,1326.6934814453125
2024-03-14,KLBF,1336.003662109375
2024-03-15,KLBF,1331.3486328125
2024-03-18,KLBF,1317.383544921875
2024-03-19,KLBF,1317.383544921875
2024-03-20,KLBF,1377.8992919921875
2024-03-21,KLBF,1359.279052734375
2024-03-22,KLBF,1382.5543212890625
2024-03-25,KLBF,1415.1396484375
2024-03-26,KLBF,1401.174560546875
2024-03-27,KLBF,1359.279052734375
2024-03-28,KLBF,1373.244140625
2024-04-01,KLBF,1363.9342041015625
2024-04-02,KLBF,1373.244140625
2024-04-03,KLBF,1396.51953125
2024-04-04,KLBF,1396.51953125
2024-04-05,KLBF,1377.8992919921875
2024-04-16,KLBF,1349.9688720703125
2024-04-17,KLBF,1354.6239013671875
2024-04-18,KLBF,1317.383544921875
2024-04-19,KLBF,1303.418212890625
2024-04-22,KLBF,1308.0732421875
2024-04-23,KLBF,1326.6934814453125
2024-04-24,KLBF,1308.0732421875
2024-04-25,KLBF,1331.3486328125
2024-04-26,KLBF,1308.0732421875
2024-04-29,KLBF,1308.0732421875
2024-04-30,KLBF,1354.6239013671875
2024-05-02,KLBF,1387.20947265625
2024-05-03,KLBF,1387.20947265625
2024-05-06,KLBF,1354.6239013671875
2024-05-07,KLBF,1345.313720703125
2024-05-08,KLBF,1322.0384521484375
2024-05-13,KLBF,1326.6934814453125
2024-05-14,KLBF,1312.7283935546875
2024-05-15,KLBF,1345.313720703125
2024-05-16,KLBF,1345.313720703125
2024-05-17,KLBF,1396.51953125
2024-05-20,KLBF,1424.449951171875
2024-05-21,KLBF,1401.174560546875
2024-05-22,KLBF,1452.38037109375
2024-05-27,KLBF,1457.035400390625
2024-05-28,KLBF,1443.0701904296875
2024-05-29,KLBF,1439.2701416015625
2024-05-30,KLBF,1444.0201416015625
2024-05-31,KLBF,1415.519775390625
2024-06-03,KLBF,1444.0201416015625
2024-06-04,KLBF,1463.0203857421875
2024-06-05,KLBF,1472.5205078125
2024-06-06,KLBF,1496.2708740234375
2024-06-07,KLBF,1520.021240234375
2024-06-10,KLBF,1515.2711181640625
2024-06-11,KLBF,1477.2706298828125
2024-06-12,KLBF,1486.770751953125
2024-06-13,KLBF,1486.770751953125
2024-06-14,KLBF,1486.770751953125
2024-06-19,KLBF,1477.2706298828125
2024-06-20,KLBF,1482.020751953125
2024-06-21,KLBF,1491.5208740234375
2024-06-24,KLBF,1472.5205078125
2024-06-25,KLBF,1448.770263671875
2024-06-26,KLBF,1458.2703857421875
2024-06-27,KLBF,1463.0203857421875
2024-06-28,KLBF,1448.770263671875
2024-07-01,KLBF,1429.7698974609375
2024-07-02,KLBF,1368.0191650390625
2024-07-03,KLBF,1382.2694091796875
2024-07-04,KLBF,1396.51953125
2024-07-05,KLBF,1415.519775390625
2024-07-08,KLBF,1482.020751953125
2024-07-09,KLBF,1472.5205078125
2024-07-10,KLBF,1453.5203857421875
2024-07-11,KLBF,1486.770751953125
2024-07-12,KLBF,1482.020751953125
2024-07-15,KLBF,1482.020751953125
2024-07-16,KLBF,1486.770751953125
2024-07-17,KLBF,1491.5208740234375
2024-07-18,KLBF,1491.5208740234375
2024-07-19,KLBF,1496.2708740234375
2024-07-22,KLBF,1496.2708740234375
2024-07-23,KLBF,1496.2708740234375
2024-07-24,KLBF,1496.2708740234375
2024-07-25,KLBF,1510.5211181640625
2024-07-26,KLBF,1496.2708740234375
2024-07-29,KLBF,1482.020751953125
2024-07-30,KLBF,1486.770751953125
2024-07-31,KLBF,1510.5211181640625
2024-08-01,KLBF,1567.52197265625
2024-08-02,KLBF,1558.021728515625
2024-08-05,KLBF,1548.5216064453125
2024-08-06,KLBF,1562.7718505859375
2024-08-07,KLBF,1567.52197265625
2024-08-08,KLBF,1572.2718505859375
2024-08-09,KLBF,1581.7720947265625
2024-08-12,KLBF,1586.5220947265625
2024-08-13,KLBF,1581.7720947265625
2024-08-14,KLBF,1596.0223388671875
2024-08-15,KLBF,1586.5220947265625
2024-08-16,KLBF,1567.52197265625
2024-08-19,KLBF,1529.5213623046875
2024-08-20,KLBF,1615.0224609375
2024-08-21,KLBF,1643.52294921875
2024-08-22,KLBF,1638.77294921875
2024-08-23,KLBF,1634.0228271484375
2024-08-26,KLBF,1643.52294921875
2024-08-27,KLBF,1653.0230712890625
2024-08-28,KLBF,1638.77294921875
2024-08-29,KLBF,1615.0224609375
2024-08-30,KLBF,1567.52197265625
2024-09-02,KLBF,1596.0223388671875
2024-09-03,KLBF,1596.0223388671875
2024-09-04,KLBF,1643.52294921875
2024-09-05,KLBF,1605.5224609375
2024-09-06,KLBF,1624.522705078125
2024-09-09,KLBF,1653.0230712890625
2024-09-10,KLBF,1653.0230712890625
2024-09-11,KLBF,1634.0228271484375
2024-09-12,KLBF,1653.0230712890625
2024-09-13,KLBF,1619.7725830078125
2024-09-17,KLBF,1619.7725830078125
2024-09-18,KLBF,1662.523193359375
2024-09-19,KLBF,1643.52294921875
2024-09-20,KLBF,1634.0228271484375
2024-09-23,KLBF,1648.27294921875
2024-09-24,KLBF,1657.7730712890625
2024-09-25,KLBF,1653.0230712890625
2024-09-26,KLBF,1653.0230712890625
2024-09-27,KLBF,1648.27294921875
2024-09-30,KLBF,1638.77294921875
2024-10-01,KLBF,1653.0230712890625
2024-10-02,KLBF,1638.77294921875
2024-10-03,KLBF,1653.0230712890625
2024-10-04,KLBF,1653.0230712890625
2024-10-07,KLBF,1643.52294921875
2024-10-08,KLBF,1615.0224609375
2024-10-09,KLBF,1586.5220947265625
2024-10-10,KLBF,1567.52197265625
2024-10-11,KLBF,1634.0228271484375
2024-10-14,KLBF,1629.272705078125
2024-10-15,KLBF,1662.523193359375
2024-10-16,KLBF,1643.52294921875
2024-10-17,KLBF,1605.5224609375
2024-10-18,KLBF,1629.272705078125
2024-10-21,KLBF,1577.02197265625
2024-10-22,KLBF,1596.0223388671875
2024-10-23,KLBF,1591.272216796875
2024-10-24,KLBF,1562.7718505859375
2024-10-25,KLBF,1539.021484375
2024-10-28,KLBF,1548.5216064453125
2024-10-29,KLBF,1534.2713623046875
2024-10-30,KLBF,1524.7713623046875
2024-10-31,KLBF,1534.2713623046875
2024-11-01,KLBF,1491.5208740234375
2024-11-04,KLBF,1510.5211181640625
2024-11-05,KLBF,1520.021240234375
2024-11-06,KLBF,1510.5211181640625
2024-11-07,KLBF,1491.5208740234375
2024-11-08,KLBF,1463.0203857421875
2024-11-11,KLBF,1434.52001953125
2024-11-12,KLBF,1425.0198974609375
2024-11-13,KLBF,1425.0198974609375
2024-11-14,KLBF,1377.519287109375
2024-11-15,KLBF,1349.018798828125
2024-11-18,KLBF,1363.26904296875
2024-11-19,KLBF,1353.768798828125
2024-11-20,KLBF,1391.7694091796875
2024-11-21,KLBF,1377.519287109375
2024-11-22,KLBF,1396.51953125
2024-11-25,KLBF,1425.0198974609375
2024-11-26,KLBF,1406.0196533203125
2024-11-28,KLBF,1420.2698974609375
2024-11-29,KLBF,1425.0198974609375
2024-12-02,KLBF,1401.26953125
2024-12-03,KLBF,1406.0196533203125
2024-12-04,KLBF,1410.769775390625
2024-12-05,KLBF,1429.7698974609375
2024-12-06,KLBF,1391.7694091796875
2024-12-09,KLBF,1410.769775390625
2024-12-10,KLBF,1429.7698974609375
2024-12-11,KLBF,1429.7698974609375
2024-12-12,KLBF,1382.2694091796875
2024-12-13,KLBF,1372.7691650390625
2024-12-16,KLBF,1368.0191650390625
2024-12-17,KLBF,1330.0185546875
2024-12-18,KLBF,1311.018310546875
2024-12-19,KLBF,1254.0174560546875
2024-12-20,KLBF,1211.266845703125
2024-12-23,KLBF,1263.5177001953125
2024-12-24,KLBF,1330.0185546875
2024-12-27,KLBF,1287.2679443359375
2024-12-30,KLBF,1292.01806640625
2025-01-02,KLBF,1273.017822265625
2025-01-03,KLBF,1258.767578125
2025-01-06,KLBF,1216.0169677734375
2025-01-07,KLBF,1225.51708984375
2025-01-08,KLBF,1211.266845703125
2025-01-09,KLBF,1206.516845703125
2025-01-10,KLBF,1197.0167236328125
2025-01-13,KLBF,1201.7667236328125
2025-01-14,KLBF,1163.7662353515625
2025-01-15,KLBF,1192.2667236328125
2025-01-16,KLBF,1173.266357421875
2025-01-17,KLBF,1163.7662353515625
2025-01-20,KLBF,1159.0162353515625
2025-01-21,KLBF,1178.0164794921875
2025-01-22,KLBF,1197.0167236328125
2025-01-23,KLBF,1173.266357421875
2025-01-24,KLBF,1159.0162353515625
2025-01-30,KLBF,1173.266357421875
2025-01-31,KLBF,1201.7667236328125
2025-02-03,KLBF,1140.015869140625
2025-02-04,KLBF,1187.5166015625
2025-02-05,KLBF,1149.51611328125
2025-02-06,KLBF,1235.017333984375
2025-02-07,KLBF,1201.7667236328125
2025-02-10,KLBF,1254.0174560546875
2025-02-11,KLBF,1187.5166015625
2025-02-12,KLBF,1220.76708984375
2025-02-13,KLBF,1225.51708984375
2025-02-14,KLBF,1225.51708984375
2025-02-17,KLBF,1220.76708984375
2025-02-18,KLBF,1230.2672119140625
2025-02-19,KLBF,1173.266357421875
2025-02-20,KLBF,1149.51611328125
2025-02-21,KLBF,1159.0162353515625
2025-02-24,KLBF,1149.51611328125
2025-02-25,KLBF,1102.015380859375
2025-02-26,KLBF,1125.7657470703125
2025-02-27,KLBF,1083.01513671875
2025-02-28,KLBF,1026.0142822265625
2025-03-03,KLBF,1054.5146484375
2025-03-04,KLBF,1054.5146484375
2025-03-05,KLBF,1035.514404296875
2025-03-06,KLBF,1092.5152587890625
2025-03-07,KLBF,1102.015380859375
2025-03-10,KLBF,1026.0142822265625
2025-03-11,KLBF,1007.0140380859375
2025-03-12,KLBF,1016.5142211914062
2025-03-13,KLBF,1030.764404296875
2025-03-14,KLBF,997.513916015625
2025-03-17,KLBF,1007.0140380859375
2025-03-18,KLBF,964.2634887695312
2025-03-19,KLBF,978.513671875
2025-03-20,KLBF,1035.514404296875
2025-03-21,KLBF,1064.0147705078125
2025-03-24,KLBF,1049.7646484375
2025-03-25,KLBF,1078.26513671875
2025-03-26,KLBF,1045.0146484375
2025-03-27,KLBF,1078.26513671875
2025-04-08,KLBF,1002.2640380859375
2025-04-09,KLBF,1049.7646484375
2025-04-10,KLBF,1087.7652587890625
2025-04-11,KLBF,1121.0157470703125
2025-04-14,KLBF,1178.0164794921875
2025-04-15,KLBF,1135.265869140625
2025-04-16,KLBF,1192.2667236328125
2025-04-17,KLBF,1140.015869140625
2025-04-21,KLBF,1163.7662353515625
2025-04-22,KLBF,1140.015869140625
2025-04-23,KLBF,1216.0169677734375
2025-04-24,KLBF,1201.7667236328125
2025-04-25,KLBF,1178.0164794921875
2025-04-28,KLBF,1197.0167236328125
2025-04-29,KLBF,1197.0167236328125
2025-04-30,KLBF,1296.76806640625
2025-05-02,KLBF,1249.2674560546875
2025-05-05,KLBF,1320.5184326171875
2025-05-06,KLBF,1339.5186767578125
2025-05-07,KLBF,1334.7686767578125
2025-05-08,KLBF,1368.0191650390625
2025-05-09,KLBF,1377.519287109375
2025-05-14,KLBF,1406.0196533203125
2025-05-15,KLBF,1448.770263671875
2025-05-16,KLBF,1429.7698974609375
2025-05-19,KLBF,1382.2694091796875
2025-05-20,KLBF,1425.0198974609375
2025-05-21,KLBF,1453.5203857421875
2025-05-22,KLBF,1368.0191650390625
2025-05-23,KLBF,1387.019287109375
2025-05-26,KLBF,1444.0201416015625
2025-05-27,KLBF,1491.5208740234375
2025-05-28,KLBF,1439.2701416015625
2025-06-02,KLBF,1482.020751953125
2025-06-03,KLBF,1472.5205078125
2025-06-04,KLBF,1556.164306640625
2025-06-05,KLBF,1556.164306640625
2025-06-10,KLBF,1536.7122802734375
2025-06-11,KLBF,1497.8082275390625
2025-06-12,KLBF,1492.9451904296875
2025-06-13,KLBF,1488.0821533203125
2025-06-16,KLBF,1488.0821533203125
2025-06-17,KLBF,1551.3013916015625
2025-06-18,KLBF,1507.5341796875
2025-06-19,KLBF,1473.4931640625
2025-06-20,KLBF,1458.904052734375
2025-06-23,KLBF,1390.8218994140625
2025-06-24,KLBF,1454.041015625
2025-06-25,KLBF,1497.8082275390625
2025-06-26,KLBF,1473.4931640625
2025-06-30,KLBF,1483.2191162109375
2025-07-01,KLBF,1478.356201171875
2025-07-02,KLBF,1468.630126953125
2025-07-03,KLBF,1517.26025390625
2025-07-04,KLBF,1473.4931640625
2025-07-07,KLBF,1458.904052734375
2025-07-08,KLBF,1458.904052734375
2025-07-09,KLBF,1468.630126953125
2025-07-10,KLBF,1463.76708984375
2025-07-11,KLBF,1551.3013916015625
2025-07-14,KLBF,1517.26025390625
2025-07-15,KLBF,1488.0821533203125
2025-07-16,KLBF,1468.630126953125
2025-07-17,KLBF,1463.76708984375
2025-07-18,KLBF,1468.630126953125
2025-07-21,KLBF,1463.76708984375
2025-07-22,KLBF,1420.0
2025-07-23,KLBF,1454.041015625
2025-07-24,KLBF,1468.630126953125
2025-07-25,KLBF,1444.3150634765625
2025-07-28,KLBF,1434.5889892578125
2025-07-29,KLBF,1449.1781005859375
2025-07-30,KLBF,1444.3150634765625
2025-07-31,KLBF,1390.8218994140625
2025-08-01,KLBF,1390.8218994140625
2025-08-04,KLBF,1376.23291015625
2025-08-05,KLBF,1376.23291015625
2025-08-06,KLBF,1356.78076171875
2025-08-07,KLBF,1342.1917724609375
2025-08-08,KLBF,1337.3287353515625
2025-08-11,KLBF,1332.4656982421875
2025-08-12,KLBF,1342.1917724609375
2025-08-13,KLBF,1361.643798828125
2025-08-14,KLBF,1395.6849365234375
2025-08-15,KLBF,1347.0548095703125
2025-08-19,KLBF,1327.6026611328125
2025-08-20,KLBF,1361.643798828125
2025-08-21,KLBF,1371.369873046875
2025-08-22,KLBF,1317.876708984375
2025-08-25,KLBF,1264.383544921875
2025-08-26,KLBF,1254.657470703125
2025-08-27,KLBF,1254.657470703125
2025-08-28,KLBF,1235.2054443359375
2025-08-29,KLBF,1181.7122802734375
2025-09-01,KLBF,1142.8082275390625
2025-09-02,KLBF,1128.2191162109375
2025-09-03,KLBF,1147.6712646484375
2025-09-04,KLBF,1147.6712646484375
2025-09-08,KLBF,1118.4931640625
2025-09-09,KLBF,1108.76708984375
2025-09-10,KLBF,1128.2191162109375
2025-09-11,KLBF,1167.123291015625
2025-09-12,KLBF,1147.6712646484375
2025-09-15,KLBF,1142.8082275390625
2025-09-16,KLBF,1157.397216796875
2025-09-17,KLBF,1157.397216796875
2025-09-18,KLBF,1128.2191162109375
2025-09-19,KLBF,1147.6712646484375
2025-09-22,KLBF,1147.6712646484375
2025-09-23,KLBF,1157.397216796875
2025-09-24,KLBF,1133.0821533203125
2025-09-25,KLBF,1113.630126953125
2025-09-26,KLBF,1133.0821533203125
2025-09-29,KLBF,1089.3150634765625
2025-09-30,KLBF,1099.0411376953125
2025-10-01,KLBF,1069.863037109375
2025-10-02,KLBF,1069.863037109375
2025-10-03,KLBF,1050.410888671875
2025-10-06,KLBF,1040.6849365234375
2025-10-07,KLBF,1030.9588623046875
2025-10-08,KLBF,1030.9588623046875
2025-10-09,KLBF,1055.27392578125
2025-10-10,KLBF,1055.27392578125
2025-10-13,KLBF,1055.27392578125
2025-10-14,KLBF,1026.0958251953125
2025-10-15,KLBF,1055.27392578125
2025-10-16,KLBF,1157.397216796875
2025-10-17,KLBF,1157.397216796875
2025-10-20,KLBF,1167.123291015625
2025-10-21,KLBF,1186.5753173828125
2025-10-22,KLBF,1147.6712646484375
2025-10-23,KLBF,1152.5341796875
2025-10-24,KLBF,1191.4383544921875
2025-10-27,KLBF,1240.0684814453125
2025-10-28,KLBF,1293.5616455078125
2025-10-29,KLBF,1288.6986083984375
2025-10-30,KLBF,1278.9725341796875
2025-10-31,KLBF,1240.0684814453125
2025-11-03,KLBF,1215.75341796875
2025-11-04,KLBF,1191.4383544921875
2025-11-05,KLBF,1283.8355712890625
2025-11-06,KLBF,1215.75341796875
2025-11-07,KLBF,1230.3424072265625
2025-11-10,KLBF,1235.2054443359375
2025-11-11,KLBF,1249.7945556640625
2025-11-12,KLBF,1230.3424072265625
2025-11-13,KLBF,1249.7945556640625
2025-11-14,KLBF,1201.164306640625
2025-11-17,KLBF,1191.4383544921875
2025-11-18,KLBF,1147.6712646484375
2025-11-19,KLBF,1196.3013916015625
2025-11-20,KLBF,1176.8492431640625
2025-11-21,KLBF,1176.8492431640625
2025-11-24,KLBF,1137.9451904296875
2025-11-25,KLBF,1196.3013916015625
2025-11-26,KLBF,1220.616455078125
2025-11-27,KLBF,1191.4383544921875
2025-11-28,KLBF,1167.123291015625
2025-12-01,KLBF,1171.986328125
2025-12-02,KLBF,1108.76708984375
2025-12-03,KLBF,1142.8082275390625
2025-12-04,KLBF,1157.397216796875
2025-12-05,KLBF,1128.2191162109375
2025-12-08,KLBF,1157.397216796875
2025-12-09,KLBF,1137.9451904296875
2025-12-10,KLBF,1142.8082275390625
2025-12-11,KLBF,1103.904052734375
2025-12-12,KLBF,1128.2191162109375
2025-12-15,KLBF,1186.5753173828125
2025-12-16,KLBF,1167.123291015625
2025-12-17,KLBF,1191.4383544921875
2025-12-18,KLBF,1191.4383544921875
2025-12-19,KLBF,1167.123291015625
2025-12-22,KLBF,1191.4383544921875
2025-12-23,KLBF,1181.7122802734375
2025-12-24,KLBF,1176.8492431640625
2025-12-29,KLBF,1196.3013916015625
2025-12-30,KLBF,1171.986328125
2026-01-02,KLBF,1171.986328125
2026-01-05,KLBF,1191.4383544921875
2026-01-06,KLBF,1162.26025390625
2026-01-07,KLBF,1162.26025390625
2026-01-08,KLBF,1157.397216796875
2026-01-09,KLBF,1152.5341796875
2026-01-12,KLBF,1186.5753173828125
2026-01-13,KLBF,1196.3013916015625
2026-01-14,KLBF,1196.3013916015625
2026-01-15,KLBF,1171.986328125
2026-01-19,KLBF,1181.7122802734375
2026-01-20,KLBF,1157.397216796875
2026-01-21,KLBF,1167.123291015625
2026-01-22,KLBF,1191.4383544921875
2026-01-23,KLBF,1186.5753173828125
2026-01-26,KLBF,1147.6712646484375
2022-12-30,MDKA,4120.0
2023-01-02,MDKA,4130.0
2023-01-03,MDKA,4320.0
2023-01-04,MDKA,4320.0
2023-01-05,MDKA,4200.0
2023-01-06,MDKA,4290.0
2023-01-09,MDKA,4440.0
2023-01-10,MDKA,4400.0
2023-01-11,MDKA,4420.0
2023-01-12,MDKA,4450.0
2023-01-13,MDKA,4500.0
2023-01-16,MDKA,4600.0
2023-01-17,MDKA,4840.0
2023-01-18,MDKA,4700.0
2023-01-19,MDKA,4830.0
2023-01-20,MDKA,4860.0
2023-01-24,MDKA,4950.0
2023-01-25,MDKA,4780.0
2023-01-26,MDKA,4810.0
2023-01-27,MDKA,4750.0
2023-01-30,MDKA,4670.0
2023-01-31,MDKA,4720.0
2023-02-01,MDKA,4780.0
2023-02-02,MDKA,4750.0
2023-02-03,MDKA,4650.0
2023-02-06,MDKA,4610.0
2023-02-07,MDKA,4570.0
2023-02-08,MDKA,4690.0
2023-02-09,MDKA,4580.0
2023-02-10,MDKA,4690.0
2023-02-13,MDKA,4650.0
2023-02-14,MDKA,4600.0
2023-02-15,MDKA,4680.0
2023-02-16,MDKA,4750.0
2023-02-17,MDKA,4750.0
2023-02-20,MDKA,4740.0
2023-02-21,MDKA,4770.0
2023-02-22,MDKA,4610.0
2023-02-23,MDKA,4300.0
2023-02-24,MDKA,4300.0
2023-02-27,MDKA,4450.0
2023-02-28,MDKA,4540.0
2023-03-01,MDKA,4600.0
2023-03-02,MDKA,4500.0
2023-03-03,MDKA,4420.0
2023-03-06,MDKA,4410.0
2023-03-07,MDKA,4280.0
2023-03-08,MDKA,4100.0
2023-03-09,MDKA,4140.0
2023-03-10,MDKA,4080.0
2023-03-13,MDKA,4020.0
2023-03-14,MDKA,4000.0
2023-03-15,MDKA,3990.0
2023-03-16,MDKA,3850.0
2023-03-17,MDKA,3890.0
2023-03-20,MDKA,3890.0
2023-03-21,MDKA,3900.0
2023-03-24,MDKA,3960.0
2023-03-27,MDKA,3940.0
2023-03-28,MDKA,4020.0
2023-03-29,MDKA,4130.0
2023-03-30,MDKA,4140.0
2023-03-31,MDKA,4190.0
2023-04-03,MDKA,4100.0
2023-04-04,MDKA,4190.0
2023-04-05,MDKA,4190.0
2023-04-06,MDKA,4160.0
2023-04-10,MDKA,4010.0
2023-04-11,MDKA,4150.0
2023-04-12,MDKA,4160.0
2023-04-13,MDKA,4130.0
2023-04-14,MDKA,4320.0
2023-04-17,MDKA,4170.0
2023-04-18,MDKA,4020.0
2023-04-26,MDKA,4010.0
2023-04-27,MDKA,3980.0
2023-04-28,MDKA,3940.0
2023-05-02,MDKA,3860.0
2023-05-03,MDKA,3890.0
2023-05-04,MDKA,3880.0
2023-05-05,MDKA,3610.0
2023-05-08,MDKA,3390.0
2023-05-09,MDKA,3350.0
2023-05-10,MDKA,3350.0
2023-05-11,MDKA,3340.0
2023-05-12,MDKA,3190.0
2023-05-15,MDKA,3240.0
2023-05-16,MDKA,3050.0
2023-05-17,MDKA,3190.0
2023-05-19,MDKA,3000.0
2023-05-22,MDKA,2950.0
2023-05-23,MDKA,2970.0
2023-05-24,MDKA,2970.0
2023-05-25,MDKA,2970.0
2023-05-26,MDKA,2970.0
2023-05-29,MDKA,2960.0
2023-05-30,MDKA,2960.0
2023-05-31,MDKA,3000.0
2023-06-05,MDKA,3030.0
2023-06-06,MDKA,3100.0
2023-06-07,MDKA,3140.0
2023-06-08,MDKA,3110.0
2023-06-09,MDKA,3100.0
2023-06-12,MDKA,3100.0
2023-06-13,MDKA,3070.0
2023-06-14,MDKA,3030.0
2023-06-15,MDKA,3030.0
2023-06-16,MDKA,3040.0
2023-06-19,MDKA,3030.0
2023-06-20,MDKA,2910.0
2023-06-21,MDKA,3010.0
2023-06-22,MDKA,3030.0
2023-06-23,MDKA,3150.0
2023-06-26,MDKA,3100.0
2023-06-27,MDKA,3060.0
2023-07-03,MDKA,3150.0
2023-07-04,MDKA,3220.0
2023-07-05,MDKA,3360.0
2023-07-06,MDKA,3410.0
2023-07-07,MDKA,3330.0
2023-07-10,MDKA,3350.0
2023-07-11,MDKA,3350.0
2023-07-12,MDKA,3390.0
2023-07-13,MDKA,3380.0
2023-07-14,MDKA,3330.0
2023-07-17,MDKA,3260.0
2023-07-18,MDKA,3160.0
2023-07-20,MDKA,3340.0
2023-07-21,MDKA,3360.0
2023-07-24,MDKA,3370.0
2023-07-25,MDKA,3400.0
2023-07-26,MDKA,3380.0
2023-07-27,MDKA,3380.0
2023-07-28,MDKA,3290.0
2023-07-31,MDKA,3510.0
2023-08-01,MDKA,3470.0
2023-08-02,MDKA,3440.0
2023-08-03,MDKA,3440.0
2023-08-04,MDKA,3430.0
2023-08-07,MDKA,3370.0
2023-08-08,MDKA,3370.0
2023-08-09,MDKA,3360.0
2023-08-10,MDKA,3280.0
2023-08-11,MDKA,3280.0
2023-08-14,MDKA,3260.0
2023-08-15,MDKA,3210.0
2023-08-16,MDKA,3180.0
2023-08-18,MDKA,3180.0
2023-08-21,MDKA,3270.0
2023-08-22,MDKA,3300.0
2023-08-23,MDKA,3250.0
2023-08-24,MDKA,3200.0
2023-08-25,MDKA,3220.0
2023-08-28,MDKA,3180.0
2023-08-29,MDKA,3190.0
2023-08-30,MDKA,3380.0
2023-08-31,MDKA,3380.0
2023-09-01,MDKA,3390.0
2023-09-04,MDKA,3410.0
2023-09-05,MDKA,3440.0
2023-09-06,MDKA,3450.0
2023-09-07,MDKA,3390.0
2023-09-08,MDKA,3210.0
2023-09-11,MDKA,3180.0
2023-09-12,MDKA,3140.0
2023-09-13,MDKA,3140.0
2023-09-14,MDKA,3150.0
2023-09-15,MDKA,3150.0
2023-09-18,MDKA,3100.0
2023-09-19,MDKA,3290.0
2023-09-20,MDKA,3260.0
2023-09-21,MDKA,3210.0
2023-09-22,MDKA,3240.0
2023-09-25,MDKA,3110.0
2023-09-26,MDKA,3000.0
2023-09-27,MDKA,3030.0
2023-09-29,MDKA,2880.0
2023-10-02,MDKA,2670.0
2023-10-03,MDKA,2520.0
2023-10-04,MDKA,2520.0
2023-10-05,MDKA,2430.0
2023-10-06,MDKA,2410.0
2023-10-09,MDKA,2580.0
2023-10-10,MDKA,2650.0
2023-10-11,MDKA,2540.0
2023-10-12,MDKA,2550.0
2023-10-13,MDKA,2550.0
2023-10-16,MDKA,2600.0
2023-10-17,MDKA,2580.0
2023-10-18,MDKA,2490.0
2023-10-19,MDKA,2480.0
2023-10-20,MDKA,2490.0
2023-10-23,MDKA,2380.0
2023-10-24,MDKA,2380.0
2023-10-25,MDKA,2420.0
2023-10-26,MDKA,2300.0
2023-10-27,MDKA,2330.0
2023-10-30,MDKA,2340.0
2023-10-31,MDKA,2230.0
2023-11-01,MDKA,2300.0
2023-11-02,MDKA,2400.0
2023-11-03,MDKA,2450.0
2023-11-06,MDKA,2510.0
2023-11-07,MDKA,2510.0
2023-11-08,MDKA,2360.0
2023-11-09,MDKA,2300.0
2023-11-10,MDKA,2260.0
2023-11-13,MDKA,2260.0
2023-11-14,MDKA,2350.0
2023-11-15,MDKA,2460.0
2023-11-16,MDKA,2420.0
2023-11-17,MDKA,2360.0
2023-11-20,MDKA,2350.0
2023-11-21,MDKA,2400.0
2023-11-22,MDKA,2100.0
2023-11-23,MDKA,2250.0
2023-11-24,MDKA,2270.0
2023-11-27,MDKA,2250.0
2023-11-28,MDKA,2390.0
2023-11-29,MDKA,2460.0
2023-11-30,MDKA,2530.0
2023-12-01,MDKA,2590.0
2023-12-04,MDKA,2640.0
2023-12-05,MDKA,2520.0
2023-12-06,MDKA,2500.0
2023-12-07,MDKA,2540.0
2023-12-08,MDKA,2470.0
2023-12-11,MDKA,2370.0
2023-12-12,MDKA,2340.0
2023-12-13,MDKA,2290.0
2023-12-14,MDKA,2330.0
2023-12-15,MDKA,2320.0
2023-12-18,MDKA,2290.0
2023-12-19,MDKA,2290.0
2023-12-20,MDKA,2570.0
2023-12-21,MDKA,2570.0
2023-12-22,MDKA,2720.0
2023-12-27,MDKA,2680.0
2023-12-28,MDKA,2690.0
2023-12-29,MDKA,2700.0
2024-01-02,MDKA,2690.0
2024-01-03,MDKA,2670.0
2024-01-04,MDKA,2710.0
2024-01-05,MDKA,2810.0
2024-01-08,MDKA,2710.0
2024-01-09,MDKA,2510.0
2024-01-10,MDKA,2470.0
2024-01-11,MDKA,2430.0
2024-01-12,MDKA,2460.0
2024-01-15,MDKA,2430.0
2024-01-16,MDKA,2410.0
2024-01-17,MDKA,2530.0
2024-01-18,MDKA,2670.0
2024-01-19,MDKA,2700.0
2024-01-22,MDKA,2650.0
2024-01-23,MDKA,2630.0
2024-01-24,MDKA,2710.0
2024-01-25,MDKA,2760.0
2024-01-26,MDKA,2700.0
2024-01-29,MDKA,2800.0
2024-01-30,MDKA,2740.0
2024-01-31,MDKA,2700.0
2024-02-01,MDKA,2520.0
2024-02-02,MDKA,2550.0
2024-02-05,MDKA,2480.0
2024-02-06,MDKA,2460.0
2024-02-07,MDKA,2410.0
2024-02-12,MDKA,2440.0
2024-02-13,MDKA,2410.0
2024-02-15,MDKA,2440.0
2024-02-16,MDKA,2400.0
2024-02-19,MDKA,2330.0
2024-02-20,MDKA,2420.0
2024-02-21,MDKA,2360.0
2024-02-22,MDKA,2410.0
2024-02-23,MDKA,2360.0
2024-02-26,MDKA,2300.0
2024-02-27,MDKA,2300.0
2024-02-28,MDKA,2290.0
2024-02-29,MDKA,2260.0
2024-03-01,MDKA,2240.0
2024-03-04,MDKA,2280.0
2024-03-05,MDKA,2250.0
2024-03-06,MDKA,2260.0
2024-03-07,MDKA,2320.0
2024-03-08,MDKA,2370.0
2024-03-13,MDKA,2410.0
2024-03-14,MDKA,2380.0
2024-03-15,MDKA,2290.0
2024-03-18,MDKA,2280.0
2024-03-19,MDKA,2250.0
2024-03-20,MDKA,2260.0
2024-03-21,MDKA,2400.0
2024-03-22,MDKA,2320.0
2024-03-25,MDKA,2340.0
2024-03-26,MDKA,2290.0
2024-03-27,MDKA,2270.0
2024-03-28,MDKA,2280.0
2024-04-01,MDKA,2290.0
2024-04-02,MDKA,2350.0
2024-04-03,MDKA,2390.0
2024-04-04,MDKA,2680.0
2024-04-05,MDKA,2620.0
2024-04-16,MDKA,2880.0
2024-04-17,MDKA,2840.0
2024-04-18,MDKA,2760.0
2024-04-19,MDKA,2800.0
2024-04-22,MDKA,2680.0
2024-04-23,MDKA,2560.0
2024-04-24,MDKA,2600.0
2024-04-25,MDKA,2520.0
2024-04-26,MDKA,2510.0
2024-04-29,MDKA,2580.0
2024-04-30,MDKA,2630.0
2024-05-02,MDKA,2580.0
2024-05-03,MDKA,2560.0
2024-05-06,MDKA,2630.0
2024-05-07,MDKA,2650.0
2024-05-08,MDKA,2710.0
2024-05-13,MDKA,2750.0
2024-05-14,MDKA,2730.0
2024-05-15,MDKA,2750.0
2024-05-16,MDKA,2740.0
2024-05-17,MDKA,2740.0
2024-05-20,MDKA,2840.0
2024-05-21,MDKA,2790.0
2024-05-22,MDKA,2820.0
2024-05-27,MDKA,2700.0
2024-05-28,MDKA,2900.0
2024-05-29,MDKA,2900.0
2024-05-30,MDKA,2800.0
2024-05-31,MDKA,2700.0
2024-06-03,MDKA,2740.0
2024-06-04,MDKA,2650.0
2024-06-05,MDKA,2420.0
2024-06-06,MDKA,2460.0
2024-06-07,MDKA,2500.0
2024-06-10,MDKA,2460.0
2024-06-11,MDKA,2450.0
2024-06-12,MDKA,2380.0
2024-06-13,MDKA,2370.0
2024-06-14,MDKA,2270.0
2024-06-19,MDKA,2310.0
2024-06-20,MDKA,2300.0
2024-06-21,MDKA,2310.0
2024-06-24,MDKA,2320.0
2024-06-25,MDKA,2400.0
2024-06-26,MDKA,2340.0
2024-06-27,MDKA,2360.0
2024-06-28,MDKA,2380.0
2024-07-01,MDKA,2460.0
2024-07-02,MDKA,2460.0
2024-07-03,MDKA,2440.0
2024-07-04,MDKA,2470.0
2024-07-05,MDKA,2440.0
2024-07-08,MDKA,2480.0
2024-07-09,MDKA,2440.0
2024-07-10,MDKA,2420.0
2024-07-11,MDKA,2400.0
2024-07-12,MDKA,2400.0
2024-07-15,MDKA,2320.0
2024-07-16,MDKA,2390.0
2024-07-17,MDKA,2420.0
2024-07-18,MDKA,2420.0
2024-07-19,MDKA,2340.0
2024-07-22,MDKA,2390.0
2024-07-23,MDKA,2380.0
2024-07-24,MDKA,2410.0
2024-07-25,MDKA,2430.0
2024-07-26,MDKA,2390.0
2024-07-29,MDKA,2400.0
2024-07-30,MDKA,2440.0
2024-07-31,MDKA,2460.0
2024-08-01,MDKA,2440.0
2024-08-02,MDKA,2350.0
2024-08-05,MDKA,2190.0
2024-08-06,MDKA,2200.0
2024-08-07,MDKA,2200.0
2024-08-08,MDKA,2180.0
2024-08-09,MDKA,2210.0
2024-08-12,MDKA,2290.0
2024-08-13,MDKA,2320.0
2024-08-14,MDKA,2360.0
2024-08-15,MDKA,2340.0
2024-08-16,MDKA,2300.0
2024-08-19,MDKA,2340.0
2024-08-20,MDKA,2340.0
2024-08-21,MDKA,2350.0
2024-08-22,MDKA,2290.0
2024-08-23,MDKA,2320.0
2024-08-26,MDKA,2470.0
2024-08-27,MDKA,2450.0
2024-08-28,MDKA,2480.0
2024-08-29,MDKA,2400.0
2024-08-30,MDKA,2360.0
2024-09-02,MDKA,2370.0
2024-09-03,MDKA,2360.0
2024-09-04,MDKA,2280.0
2024-09-05,MDKA,2280.0
2024-09-06,MDKA,2280.0
2024-09-09,MDKA,2260.0
2024-09-10,MDKA,2260.0
2024-09-11,MDKA,2260.0
2024-09-12,MDKA,2300.0
2024-09-13,MDKA,2290.0
2024-09-17,MDKA,2300.0
2024-09-18,MDKA,2280.0
2024-09-19,MDKA,2270.0
2024-09-20,MDKA,2260.0
2024-09-23,MDKA,2290.0
2024-09-24,MDKA,2340.0
2024-09-25,MDKA,2450.0
2024-09-26,MDKA,2590.0
2024-09-27,MDKA,2700.0
2024-09-30,MDKA,2720.0
2024-10-01,MDKA,2690.0
2024-10-02,MDKA,2730.0
2024-10-03,MDKA,2690.0
2024-10-04,MDKA,2680.0
2024-10-07,MDKA,2710.0
2024-10-08,MDKA,2580.0
2024-10-09,MDKA,2550.0
2024-10-10,MDKA,2560.0
2024-10-11,MDKA,2540.0
2024-10-14,MDKA,2530.0
2024-10-15,MDKA,2510.0
2024-10-16,MDKA,2530.0
2024-10-17,MDKA,2550.0
2024-10-18,MDKA,2520.0
2024-10-21,MDKA,2560.0
2024-10-22,MDKA,2570.0
2024-10-23,MDKA,2530.0
2024-10-24,MDKA,2530.0
2024-10-25,MDKA,2450.0
2024-10-28,MDKA,2420.0
2024-10-29,MDKA,2360.0
2024-10-30,MDKA,2390.0
2024-10-31,MDKA,2420.0
2024-11-01,MDKA,2350.0
2024-11-04,MDKA,2320.0
2024-11-05,MDKA,2300.0
2024-11-06,MDKA,2270.0
2024-11-07,MDKA,2270.0
2024-11-08,MDKA,2240.0
2024-11-11,MDKA,2200.0
2024-11-12,MDKA,2180.0
2024-11-13,MDKA,2240.0
2024-11-14,MDKA,2180.0
2024-11-15,MDKA,2100.0
2024-11-18,MDKA,2010.0
2024-11-19,MDKA,2080.0
2024-11-20,MDKA,2150.0
2024-11-21,MDKA,2100.0
2024-11-22,MDKA,2050.0
2024-11-25,MDKA,2030.0
2024-11-26,MDKA,2000.0
2024-11-28,MDKA,1930.0
2024-11-29,MDKA,1840.0
2024-12-02,MDKA,1840.0
2024-12-03,MDKA,1860.0
2024-12-04,MDKA,1930.0
2024-12-05,MDKA,1920.0
2024-12-06,MDKA,1910.0
2024-12-09,MDKA,1920.0
2024-12-10,MDKA,1990.0
2024-12-11,MDKA,1985.0
2024-12-12,MDKA,1945.0
2024-12-13,MDKA,1925.0
2024-12-16,MDKA,1900.0
2024-12-17,MDKA,1840.0
2024-12-18,MDKA,1760.0
2024-12-19,MDKA,1615.0
2024-12-20,MDKA,1595.0
2024-12-23,MDKA,1630.0
2024-12-24,MDKA,1580.0
2024-12-27,MDKA,1570.0
2024-12-30,MDKA,1615.0
2025-01-02,MDKA,1595.0
2025-01-03,MDKA,1600.0
2025-01-06,MDKA,1550.0
2025-01-07,MDKA,1510.0
2025-01-08,MDKA,1360.0
2025-01-09,MDKA,1340.0
2025-01-10,MDKA,1410.0
2025-01-13,MDKA,1475.0
2025-01-14,MDKA,1635.0
2025-01-15,MDKA,1610.0
2025-01-16,MDKA,1600.0
2025-01-17,MDKA,1610.0
2025-01-20,MDKA,1700.0
2025-01-21,MDKA,1650.0
2025-01-22,MDKA,1650.0
2025-01-23,MDKA,1605.0
2025-01-24,MDKA,1600.0
2025-01-30,MDKA,1580.0
2025-01-31,MDKA,1565.0
2025-02-03,MDKA,1450.0
2025-02-04,MDKA,1500.0
2025-02-05,MDKA,1475.0
2025-02-06,MDKA,1430.0
2025-02-07,MDKA,1420.0
2025-02-10,MDKA,1490.0
2025-02-11,MDKA,1455.0
2025-02-12,MDKA,1505.0
2025-02-13,MDKA,1670.0
2025-02-14,MDKA,1650.0
2025-02-17,MDKA,1800.0
2025-02-18,MDKA,1800.0
2025-02-19,MDKA,1750.0
2025-02-20,MDKA,1810.0
2025-02-21,MDKA,1825.0
2025-02-24,MDKA,1715.0
2025-02-25,MDKA,1545.0
2025-02-26,MDKA,1595.0
2025-02-27,MDKA,1455.0
2025-02-28,MDKA,1400.0
2025-03-03,MDKA,1525.0
2025-03-04,MDKA,1470.0
2025-03-05,MDKA,1480.0
2025-03-06,MDKA,1475.0
2025-03-07,MDKA,1530.0
2025-03-10,MDKA,1400.0
2025-03-11,MDKA,1310.0
2025-03-12,MDKA,1330.0
2025-03-13,MDKA,1340.0
2025-03-14,MDKA,1340.0
2025-03-17,MDKA,1440.0
2025-03-18,MDKA,1420.0
2025-03-19,MDKA,1410.0
2025-03-20,MDKA,1430.0
2025-03-21,MDKA,1375.0
2025-03-24,MDKA,1345.0
2025-03-25,MDKA,1350.0
2025-03-26,MDKA,1450.0
2025-03-27,MDKA,1430.0
2025-04-08,MDKA,1220.0
2025-04-09,MDKA,1040.0
2025-04-10,MDKA,1220.0
2025-04-11,MDKA,1305.0
2025-04-14,MDKA,1440.0
2025-04-15,MDKA,1430.0
2025-04-16,MDKA,1415.0
2025-04-17,MDKA,1645.0
2025-04-21,MDKA,1695.0
2025-04-22,MDKA,1665.0
2025-04-23,MDKA,1570.0
2025-04-24,MDKA,1610.0
2025-04-25,MDKA,1680.0
2025-04-28,MDKA,1660.0
2025-04-29,MDKA,1720.0
2025-04-30,MDKA,1670.0
2025-05-02,MDKA,1690.0
2025-05-05,MDKA,1680.0
2025-05-06,MDKA,1780.0
2025-05-07,MDKA,1855.0
2025-05-08,MDKA,1800.0
2025-05-09,MDKA,1805.0
2025-05-14,MDKA,1770.0
2025-05-15,MDKA,1830.0
2025-05-16,MDKA,1935.0
2025-05-19,MDKA,2070.0
2025-05-20,MDKA,2020.0
2025-05-21,MDKA,2050.0
2025-05-22,MDKA,2030.0
2025-05-23,MDKA,2040.0
2025-05-26,MDKA,2060.0
2025-05-27,MDKA,2040.0
2025-05-28,MDKA,2020.0
2025-06-02,MDKA,2120.0
2025-06-03,MDKA,2070.0
2025-06-04,MDKA,2240.0
2025-06-05,MDKA,2160.0
2025-06-10,MDKA,2140.0
2025-06-11,MDKA,2230.0
2025-06-12,MDKA,2190.0
2025-06-13,MDKA,2230.0
2025-06-16,MDKA,2200.0
2025-06-17,MDKA,2250.0
2025-06-18,MDKA,2240.0
2025-06-19,MDKA,2140.0
2025-06-20,MDKA,2020.0
2025-06-23,MDKA,2040.0
2025-06-24,MDKA,1995.0
2025-06-25,MDKA,1805.0
2025-06-26,MDKA,1830.0
2025-06-30,MDKA,2000.0
2025-07-01,MDKA,2030.0
2025-07-02,MDKA,1995.0
2025-07-03,MDKA,2090.0
2025-07-04,MDKA,2070.0
2025-07-07,MDKA,2050.0
2025-07-08,MDKA,2080.0
2025-07-09,MDKA,2110.0
2025-07-10,MDKA,2110.0
2025-07-11,MDKA,2110.0
2025-07-14,MDKA,2090.0
2025-07-15,MDKA,2150.0
2025-07-16,MDKA,2130.0
2025-07-17,MDKA,2210.0
2025-07-18,MDKA,2420.0
2025-07-21,MDKA,2450.0
2025-07-22,MDKA,2340.0
2025-07-23,MDKA,2440.0
2025-07-24,MDKA,2420.0
2025-07-25,MDKA,2370.0
2025-07-28,MDKA,2590.0
2025-07-29,MDKA,2640.0
2025-07-30,MDKA,2550.0
2025-07-31,MDKA,2360.0
2025-08-01,MDKA,2450.0
2025-08-04,MDKA,2360.0
2025-08-05,MDKA,2330.0
2025-08-06,MDKA,2400.0
2025-08-07,MDKA,2490.0
2025-08-08,MDKA,2470.0
2025-08-11,MDKA,2390.0
2025-08-12,MDKA,2280.0
2025-08-13,MDKA,2280.0
2025-08-14,MDKA,2270.0
2025-08-15,MDKA,2220.0
2025-08-19,MDKA,2310.0
2025-08-20,MDKA,2320.0
2025-08-21,MDKA,2280.0
2025-08-22,MDKA,2280.0
2025-08-25,MDKA,2260.0
2025-08-26,MDKA,2230.0
2025-08-27,MDKA,2390.0
2025-08-28,MDKA,2510.0
2025-08-29,MDKA,2470.0
2025-09-01,MDKA,2490.0
2025-09-02,MDKA,2570.0
2025-09-03,MDKA,2550.0
2025-09-04,MDKA,2620.0
2025-09-08,MDKA,2640.0
2025-09-09,MDKA,2700.0
2025-09-10,MDKA,2600.0
2025-09-11,MDKA,2500.0
2025-09-12,MDKA,2530.0
2025-09-15,MDKA,2520.0
2025-09-16,MDKA,2540.0
2025-09-17,MDKA,2490.0
2025-09-18,MDKA,2370.0
2025-09-19,MDKA,2380.0
2025-09-22,MDKA,2520.0
2025-09-23,MDKA,2450.0
2025-09-24,MDKA,2280.0
2025-09-25,MDKA,2070.0
2025-09-26,MDKA,2220.0
2025-09-29,MDKA,2200.0
2025-09-30,MDKA,2110.0
2025-10-01,MDKA,2060.0
2025-10-02,MDKA,2120.0
2025-10-03,MDKA,2120.0
2025-10-06,MDKA,2130.0
2025-10-07,MDKA,2240.0
2025-10-08,MDKA,2280.0
2025-10-09,MDKA,2300.0
2025-10-10,MDKA,2370.0
2025-10-13,MDKA,2370.0
2025-10-14,MDKA,2350.0
2025-10-15,MDKA,2350.0
2025-10-16,MDKA,2400.0
2025-10-17,MDKA,2340.0
2025-10-20,MDKA,2280.0
2025-10-21,MDKA,2370.0
2025-10-22,MDKA,2270.0
2025-10-23,MDKA,2230.0
2025-10-24,MDKA,2220.0
2025-10-27,MDKA,2250.0
2025-10-28,MDKA,2170.0
2025-10-29,MDKA,2460.0
2025-10-30,MDKA,2500.0
2025-10-31,MDKA,2440.0
2025-11-03,MDKA,2420.0
2025-11-04,MDKA,2420.0
2025-11-05,MDKA,2430.0
2025-11-06,MDKA,2430.0
2025-11-07,MDKA,2420.0
2025-11-10,MDKA,2500.0
2025-11-11,MDKA,2500.0
2025-11-12,MDKA,2420.0
2025-11-13,MDKA,2460.0
2025-11-14,MDKA,2410.0
2025-11-17,MDKA,2260.0
2025-11-18,MDKA,2170.0
2025-11-19,MDKA,2240.0
2025-11-20,MDKA,2170.0
2025-11-21,MDKA,2270.0
2025-11-24,MDKA,2300.0
2025-11-25,MDKA,2300.0
2025-11-26,MDKA,2340.0
2025-11-27,MDKA,2350.0
2025-11-28,MDKA,2280.0
2025-12-01,MDKA,2310.0
2025-12-02,MDKA,2280.0
2025-12-03,MDKA,2260.0
2025-12-04,MDKA,2250.0
2025-12-05,MDKA,2230.0
2025-12-08,MDKA,2330.0
2025-12-09,MDKA,2240.0
2025-12-10,MDKA,2280.0
2025-12-11,MDKA,2200.0
2025-12-12,MDKA,2250.0
2025-12-15,MDKA,2350.0
2025-12-16,MDKA,2310.0
2025-12-17,MDKA,2290.0
2025-12-18,MDKA,2200.0
2025-12-19,MDKA,2190.0
2025-12-22,MDKA,2260.0
2025-12-23,MDKA,2230.0
2025-12-24,MDKA,2200.0
2025-12-29,MDKA,2320.0
2025-12-30,MDKA,2280.0
2026-01-02,MDKA,2330.0
2026-01-05,MDKA,2480.0
2026-01-06,MDKA,2700.0
2026-01-07,MDKA,2720.0
2026-01-08,MDKA,2560.0
2026-01-09,MDKA,2700.0
2026-01-12,MDKA,2890.0
2026-01-13,MDKA,3120.0
2026-01-14,MDKA,3060.0
2026-01-15,MDKA,2990.0
2026-01-19,MDKA,3060.0
2026-01-20,MDKA,3210.0
2026-01-21,MDKA,3310.0
2026-01-22,MDKA,3240.0
2026-01-23,MDKA,3300.0
2026-01-26,MDKA,3450.0
2022-12-30,MEDC,906.3788452148438
2023-01-02,MEDC,973.3525390625
2023-01-03,MEDC,995.6773071289062
2023-01-04,MEDC,959.9578857421875
2023-01-05,MEDC,892.9840698242188
2023-01-06,MEDC,924.2384643554688
2023-01-09,MEDC,906.3788452148438
2023-01-10,MEDC,959.9578857421875
2023-01-11,MEDC,959.9578857421875
2023-01-12,MEDC,968.8876953125
2023-01-13,MEDC,1022.4666137695312
2023-01-16,MEDC,1022.4666137695312
2023-01-17,MEDC,1067.115966796875
2023-01-18,MEDC,1062.6510009765625
2023-01-19,MEDC,1116.2301025390625
2023-01-20,MEDC,1160.8792724609375
2023-01-24,MEDC,1254.642578125
2023-01-25,MEDC,1214.4583740234375
2023-01-26,MEDC,1214.4583740234375
2023-01-27,MEDC,1232.3179931640625
2023-01-30,MEDC,1218.9232177734375
2023-01-31,MEDC,1245.7127685546875
2023-02-01,MEDC,1223.3880615234375
2023-02-02,MEDC,1192.1337890625
2023-02-03,MEDC,1125.1597900390625
2023-02-06,MEDC,1089.440673828125
2023-02-07,MEDC,1138.5545654296875
2023-02-08,MEDC,1174.2740478515625
2023-02-09,MEDC,1151.9495849609375
2023-02-10,MEDC,1116.2301025390625
2023-02-13,MEDC,1089.440673828125
2023-02-14,MEDC,1089.440673828125
2023-02-15,MEDC,1040.326416015625
2023-02-16,MEDC,1009.0719604492188
2023-02-17,MEDC,977.8175048828125
2023-02-20,MEDC,946.5630493164062
2023-02-21,MEDC,951.028076171875
2023-02-22,MEDC,946.5630493164062
2023-02-23,MEDC,946.5630493164062
2023-02-24,MEDC,986.747314453125
2023-02-27,MEDC,995.6773071289062
2023-02-28,MEDC,1026.931884765625
2023-03-01,MEDC,1035.8614501953125
2023-03-02,MEDC,1004.6071166992188
2023-03-03,MEDC,995.6773071289062
2023-03-06,MEDC,959.9578857421875
2023-03-07,MEDC,951.028076171875
2023-03-08,MEDC,915.3086547851562
2023-03-09,MEDC,915.3086547851562
2023-03-10,MEDC,910.8436889648438
2023-03-13,MEDC,915.3086547851562
2023-03-14,MEDC,852.7996826171875
2023-03-15,MEDC,830.4751586914062
2023-03-16,MEDC,772.4312133789062
2023-03-17,MEDC,817.0804443359375
2023-03-20,MEDC,767.96630859375
2023-03-21,MEDC,781.361083984375
2023-03-24,MEDC,812.615478515625
2023-03-27,MEDC,817.0804443359375
2023-03-28,MEDC,834.9401245117188
2023-03-29,MEDC,866.1945190429688
2023-03-30,MEDC,875.1243896484375
2023-03-31,MEDC,901.9139404296875
2023-04-03,MEDC,955.4928588867188
2023-04-04,MEDC,982.282470703125
2023-04-05,MEDC,968.8876953125
2023-04-06,MEDC,937.6332397460938
2023-04-10,MEDC,937.6332397460938
2023-04-11,MEDC,924.2384643554688
2023-04-12,MEDC,915.3086547851562
2023-04-13,MEDC,919.7735595703125
2023-04-14,MEDC,973.3525390625
2023-04-17,MEDC,928.703369140625
2023-04-18,MEDC,942.0982055664062
2023-04-26,MEDC,915.3086547851562
2023-04-27,MEDC,892.9840698242188
2023-04-28,MEDC,901.9139404296875
2023-05-02,MEDC,857.2647094726562
2023-05-03,MEDC,839.405029296875
2023-05-04,MEDC,808.1505737304688
2023-05-05,MEDC,803.6856689453125
2023-05-08,MEDC,834.9401245117188
2023-05-09,MEDC,830.4751586914062
2023-05-10,MEDC,839.405029296875
2023-05-11,MEDC,834.9401245117188
2023-05-12,MEDC,830.4751586914062
2023-05-15,MEDC,808.1505737304688
2023-05-16,MEDC,812.615478515625
2023-05-17,MEDC,803.6856689453125
2023-05-19,MEDC,781.361083984375
2023-05-22,MEDC,799.2207641601562
2023-05-23,MEDC,750.1065673828125
2023-05-24,MEDC,794.7557373046875
2023-05-25,MEDC,830.4751586914062
2023-05-26,MEDC,803.6856689453125
2023-05-29,MEDC,803.6856689453125
2023-05-30,MEDC,826.01025390625
2023-05-31,MEDC,808.1505737304688
2023-06-05,MEDC,821.5452880859375
2023-06-06,MEDC,808.1505737304688
2023-06-07,MEDC,808.1505737304688
2023-06-08,MEDC,817.0804443359375
2023-06-09,MEDC,808.1505737304688
2023-06-12,MEDC,803.6856689453125
2023-06-13,MEDC,807.1607666015625
2023-06-14,MEDC,825.5054321289062
2023-06-15,MEDC,825.5054321289062
2023-06-16,MEDC,839.2637329101562
2023-06-19,MEDC,830.091552734375
2023-06-20,MEDC,830.091552734375
2023-06-21,MEDC,853.0222778320312
2023-06-22,MEDC,843.8499145507812
2023-06-23,MEDC,830.091552734375
2023-06-26,MEDC,825.5054321289062
2023-06-27,MEDC,816.3330688476562
2023-07-03,MEDC,820.9193115234375
2023-07-04,MEDC,825.5054321289062
2023-07-05,MEDC,853.0222778320312
2023-07-06,MEDC,875.952880859375
2023-07-07,MEDC,834.6776733398438
2023-07-10,MEDC,839.2637329101562
2023-07-11,MEDC,820.9193115234375
2023-07-12,MEDC,820.9193115234375
2023-07-13,MEDC,816.3330688476562
2023-07-14,MEDC,825.5054321289062
2023-07-17,MEDC,830.091552734375
2023-07-18,MEDC,834.6776733398438
2023-07-20,MEDC,857.6083984375
2023-07-21,MEDC,875.952880859375
2023-07-24,MEDC,917.2282104492188
2023-07-25,MEDC,990.6065063476562
2023-07-26,MEDC,1008.9510498046875
2023-07-27,MEDC,999.7786865234375
2023-07-28,MEDC,1036.4678955078125
2023-07-31,MEDC,1036.4678955078125
2023-08-01,MEDC,967.6758422851562
2023-08-02,MEDC,1004.3649291992188
2023-08-03,MEDC,981.43408203125
2023-08-04,MEDC,967.6758422851562
2023-08-07,MEDC,981.43408203125
2023-08-08,MEDC,958.5035400390625
2023-08-09,MEDC,963.089599609375
2023-08-10,MEDC,981.43408203125
2023-08-11,MEDC,967.6758422851562
2023-08-14,MEDC,944.7450561523438
2023-08-15,MEDC,990.6065063476562
2023-08-16,MEDC,990.6065063476562
2023-08-18,MEDC,981.43408203125
2023-08-21,MEDC,999.7786865234375
2023-08-22,MEDC,1008.9510498046875
2023-08-23,MEDC,1013.5370483398438
2023-08-24,MEDC,995.192626953125
2023-08-25,MEDC,981.43408203125
2023-08-28,MEDC,963.089599609375
2023-08-29,MEDC,953.9172973632812
2023-08-30,MEDC,986.0203247070312
2023-08-31,MEDC,981.43408203125
2023-09-01,MEDC,1183.224609375
2023-09-04,MEDC,1183.224609375
2023-09-05,MEDC,1151.1214599609375
2023-09-06,MEDC,1265.77490234375
2023-09-07,MEDC,1210.7410888671875
2023-09-08,MEDC,1219.9134521484375
2023-09-11,MEDC,1242.8441162109375
2023-09-12,MEDC,1366.6700439453125
2023-09-13,MEDC,1417.11767578125
2023-09-14,MEDC,1426.289794921875
2023-09-15,MEDC,1495.0819091796875
2023-09-18,MEDC,1472.1512451171875
2023-09-19,MEDC,1527.1849365234375
2023-09-20,MEDC,1440.04833984375
2023-09-21,MEDC,1389.6007080078125
2023-09-22,MEDC,1467.5650634765625
2023-09-25,MEDC,1504.25439453125
2023-09-26,MEDC,1389.6007080078125
2023-09-27,MEDC,1508.8402099609375
2023-09-29,MEDC,1476.7374267578125
2023-10-02,MEDC,1430.8759765625
2023-10-03,MEDC,1385.0146484375
2023-10-04,MEDC,1293.291748046875
2023-10-05,MEDC,1201.5689697265625
2023-10-06,MEDC,1233.671875
2023-10-09,MEDC,1352.9117431640625
2023-10-10,MEDC,1343.7393798828125
2023-10-11,MEDC,1343.7393798828125
2023-10-12,MEDC,1343.7393798828125
2023-10-13,MEDC,1371.256103515625
2023-10-16,MEDC,1385.0146484375
2023-10-17,MEDC,1380.4283447265625
2023-10-18,MEDC,1435.462158203125
2023-10-19,MEDC,1394.1868896484375
2023-10-20,MEDC,1467.5650634765625
2023-10-23,MEDC,1375.8424072265625
2023-10-24,MEDC,1348.325439453125
2023-10-25,MEDC,1279.5333251953125
2023-10-26,MEDC,1247.430419921875
2023-10-27,MEDC,1302.4639892578125
2023-10-30,MEDC,1155.70751953125
2023-10-31,MEDC,1169.4659423828125
2023-11-01,MEDC,1068.5709228515625
2023-11-02,MEDC,1128.1905517578125
2023-11-03,MEDC,1137.363037109375
2023-11-06,MEDC,1128.1905517578125
2023-11-07,MEDC,1077.7431640625
2023-11-08,MEDC,1018.123291015625
2023-11-09,MEDC,1073.156982421875
2023-11-10,MEDC,1063.984619140625
2023-11-13,MEDC,1086.91552734375
2023-11-14,MEDC,1105.2598876953125
2023-11-15,MEDC,1091.5015869140625
2023-11-16,MEDC,1063.984619140625
2023-11-17,MEDC,1027.2955322265625
2023-11-20,MEDC,1045.64013671875
2023-11-21,MEDC,1045.64013671875
2023-11-22,MEDC,1027.2955322265625
2023-11-23,MEDC,1031.8817138671875
2023-11-24,MEDC,1031.8817138671875
2023-11-27,MEDC,1022.7095336914062
2023-11-28,MEDC,1050.2261962890625
2023-11-29,MEDC,1105.2598876953125
2023-11-30,MEDC,1072.7523193359375
2023-12-01,MEDC,1044.888671875
2023-12-04,MEDC,979.8734130859375
2023-12-05,MEDC,965.9414672851562
2023-12-06,MEDC,956.6536254882812
2023-12-07,MEDC,914.8580322265625
2023-12-08,MEDC,975.2293701171875
2023-12-11,MEDC,961.2975463867188
2023-12-12,MEDC,1003.0931396484375
2023-12-13,MEDC,979.8734130859375
2023-12-14,MEDC,1044.888671875
2023-12-15,MEDC,1044.888671875
2023-12-18,MEDC,1021.6689453125
2023-12-19,MEDC,1035.600830078125
2023-12-20,MEDC,1058.8204345703125
2023-12-21,MEDC,1049.5325927734375
2023-12-22,MEDC,1049.5325927734375
2023-12-27,MEDC,1077.396240234375
2023-12-28,MEDC,1068.1085205078125
2023-12-29,MEDC,1072.7523193359375
2024-01-02,MEDC,1082.040283203125
2024-01-03,MEDC,1068.1085205078125
2024-01-04,MEDC,1095.9720458984375
2024-01-05,MEDC,1100.6160888671875
2024-01-08,MEDC,1133.123779296875
2024-01-09,MEDC,1091.328125
2024-01-10,MEDC,1091.328125
2024-01-11,MEDC,1133.123779296875
2024-01-12,MEDC,1179.5631103515625
2024-01-15,MEDC,1160.9874267578125
2024-01-16,MEDC,1165.63134765625
2024-01-17,MEDC,1137.7677001953125
2024-01-18,MEDC,1160.9874267578125
2024-01-19,MEDC,1142.4114990234375
2024-01-22,MEDC,1091.328125
2024-01-23,MEDC,1095.9720458984375
2024-01-24,MEDC,1082.040283203125
2024-01-25,MEDC,1105.260009765625
2024-01-26,MEDC,1114.5478515625
2024-01-29,MEDC,1156.3433837890625
2024-01-30,MEDC,1133.123779296875
2024-01-31,MEDC,1133.123779296875
2024-02-01,MEDC,1095.9720458984375
2024-02-02,MEDC,1072.7523193359375
2024-02-05,MEDC,1035.600830078125
2024-02-06,MEDC,1035.600830078125
2024-02-07,MEDC,1068.1085205078125
2024-02-12,MEDC,1100.6160888671875
2024-02-13,MEDC,1100.6160888671875
2024-02-15,MEDC,1114.5478515625
2024-02-16,MEDC,1123.835693359375
2024-02-19,MEDC,1114.5478515625
2024-02-20,MEDC,1114.5478515625
2024-02-21,MEDC,1105.260009765625
2024-02-22,MEDC,1156.3433837890625
2024-02-23,MEDC,1151.6995849609375
2024-02-26,MEDC,1119.1917724609375
2024-02-27,MEDC,1151.6995849609375
2024-02-28,MEDC,1170.2752685546875
2024-02-29,MEDC,1216.71484375
2024-03-01,MEDC,1267.79833984375
2024-03-04,MEDC,1291.0179443359375
2024-03-05,MEDC,1272.442138671875
2024-03-06,MEDC,1267.79833984375
2024-03-07,MEDC,1221.3587646484375
2024-03-08,MEDC,1244.5784912109375
2024-03-13,MEDC,1235.29052734375
2024-03-14,MEDC,1346.7454833984375
2024-03-15,MEDC,1323.525634765625
2024-03-18,MEDC,1379.2529296875
2024-03-19,MEDC,1332.8134765625
2024-03-20,MEDC,1328.1695556640625
2024-03-21,MEDC,1328.1695556640625
2024-03-22,MEDC,1314.23779296875
2024-03-25,MEDC,1304.9498291015625
2024-03-26,MEDC,1328.1695556640625
2024-03-27,MEDC,1346.7454833984375
2024-03-28,MEDC,1328.1695556640625
2024-04-01,MEDC,1332.8134765625
2024-04-02,MEDC,1388.5408935546875
2024-04-03,MEDC,1444.2681884765625
2024-04-04,MEDC,1448.9122314453125
2024-04-05,MEDC,1448.9122314453125
2024-04-16,MEDC,1504.6395263671875
2024-04-17,MEDC,1453.5562744140625
2024-04-18,MEDC,1393.1849365234375
2024-04-19,MEDC,1444.2681884765625
2024-04-22,MEDC,1374.6090087890625
2024-04-23,MEDC,1374.6090087890625
2024-04-24,MEDC,1365.3211669921875
2024-04-25,MEDC,1323.525634765625
2024-04-26,MEDC,1309.59375
2024-04-29,MEDC,1263.154296875
2024-04-30,MEDC,1253.8663330078125
2024-05-02,MEDC,1221.3587646484375
2024-05-03,MEDC,1216.71484375
2024-05-06,MEDC,1221.3587646484375
2024-05-07,MEDC,1207.4268798828125
2024-05-08,MEDC,1221.3587646484375
2024-05-13,MEDC,1249.222412109375
2024-05-14,MEDC,1249.222412109375
2024-05-15,MEDC,1253.8663330078125
2024-05-16,MEDC,1272.442138671875
2024-05-17,MEDC,1272.442138671875
2024-05-20,MEDC,1374.6090087890625
2024-05-21,MEDC,1304.9498291015625
2024-05-22,MEDC,1258.51025390625
2024-05-27,MEDC,1309.59375
2024-05-28,MEDC,1309.59375
2024-05-29,MEDC,1346.7454833984375
2024-05-30,MEDC,1309.59375
2024-05-31,MEDC,1295.661865234375
2024-06-03,MEDC,1272.442138671875
2024-06-04,MEDC,1230.6466064453125
2024-06-05,MEDC,1230.6466064453125
2024-06-06,MEDC,1239.9345703125
2024-06-07,MEDC,1235.29052734375
2024-06-10,MEDC,1244.14404296875
2024-06-11,MEDC,1244.14404296875
2024-06-12,MEDC,1220.4007568359375
2024-06-13,MEDC,1201.40625
2024-06-14,MEDC,1196.657470703125
2024-06-19,MEDC,1163.4171142578125
2024-06-20,MEDC,1177.6629638671875
2024-06-21,MEDC,1215.6519775390625
2024-06-24,MEDC,1234.6466064453125
2024-06-25,MEDC,1263.1385498046875
2024-06-26,MEDC,1253.6412353515625
2024-06-27,MEDC,1248.892578125
2024-06-28,MEDC,1267.88720703125
2024-07-01,MEDC,1272.6358642578125
2024-07-02,MEDC,1296.3790283203125
2024-07-03,MEDC,1267.88720703125
2024-07-04,MEDC,1320.1221923828125
2024-07-05,MEDC,1320.1221923828125
2024-07-08,MEDC,1296.3790283203125
2024-07-09,MEDC,1277.3843994140625
2024-07-10,MEDC,1272.6358642578125
2024-07-11,MEDC,1263.1385498046875
2024-07-12,MEDC,1248.892578125
2024-07-15,MEDC,1220.4007568359375
2024-07-16,MEDC,1229.8980712890625
2024-07-17,MEDC,1225.1494140625
2024-07-18,MEDC,1248.892578125
2024-07-19,MEDC,1220.4007568359375
2024-07-22,MEDC,1239.395263671875
2024-07-23,MEDC,1220.4007568359375
2024-07-24,MEDC,1206.15478515625
2024-07-25,MEDC,1206.15478515625
2024-07-26,MEDC,1258.389892578125
2024-07-29,MEDC,1244.14404296875
2024-07-30,MEDC,1229.8980712890625
2024-07-31,MEDC,1253.6412353515625
2024-08-01,MEDC,1272.6358642578125
2024-08-02,MEDC,1258.389892578125
2024-08-05,MEDC,1191.908935546875
2024-08-06,MEDC,1206.15478515625
2024-08-07,MEDC,1210.9034423828125
2024-08-08,MEDC,1220.4007568359375
2024-08-09,MEDC,1229.8980712890625
2024-08-12,MEDC,1263.1385498046875
2024-08-13,MEDC,1282.133056640625
2024-08-14,MEDC,1286.8817138671875
2024-08-15,MEDC,1267.88720703125
2024-08-16,MEDC,1267.88720703125
2024-08-19,MEDC,1239.395263671875
2024-08-20,MEDC,1244.14404296875
2024-08-21,MEDC,1220.4007568359375
2024-08-22,MEDC,1210.9034423828125
2024-08-23,MEDC,1225.1494140625
2024-08-26,MEDC,1234.6466064453125
2024-08-27,MEDC,1234.6466064453125
2024-08-28,MEDC,1220.4007568359375
2024-08-29,MEDC,1201.40625
2024-08-30,MEDC,1191.908935546875
2024-09-02,MEDC,1201.40625
2024-09-03,MEDC,1191.908935546875
2024-09-04,MEDC,1149.1710205078125
2024-09-05,MEDC,1182.41162109375
2024-09-06,MEDC,1168.1656494140625
2024-09-09,MEDC,1153.9197998046875
2024-09-10,MEDC,1144.4224853515625
2024-09-11,MEDC,1134.92529296875
2024-09-12,MEDC,1177.6629638671875
2024-09-13,MEDC,1163.4171142578125
2024-09-17,MEDC,1168.1656494140625
2024-09-18,MEDC,1168.1656494140625
2024-09-19,MEDC,1191.908935546875
2024-09-20,MEDC,1201.40625
2024-09-23,MEDC,1191.908935546875
2024-09-24,MEDC,1248.892578125
2024-09-25,MEDC,1267.88720703125
2024-09-26,MEDC,1248.892578125
2024-09-27,MEDC,1234.6466064453125
2024-09-30,MEDC,1201.40625
2024-10-01,MEDC,1220.4007568359375
2024-10-02,MEDC,1329.6195068359375
2024-10-03,MEDC,1301.127685546875
2024-10-04,MEDC,1348.614013671875
2024-10-07,MEDC,1348.614013671875
2024-10-08,MEDC,1301.127685546875
2024-10-09,MEDC,1296.3790283203125
2024-10-10,MEDC,1282.133056640625
2024-10-11,MEDC,1286.8817138671875
2024-10-14,MEDC,1273.18896484375
2024-10-15,MEDC,1239.5576171875
2024-10-16,MEDC,1253.970947265625
2024-10-17,MEDC,1244.362060546875
2024-10-18,MEDC,1253.970947265625
2024-10-21,MEDC,1268.3843994140625
2024-10-22,MEDC,1292.4068603515625
2024-10-23,MEDC,1287.6024169921875
2024-10-24,MEDC,1292.4068603515625
2024-10-25,MEDC,1253.970947265625
2024-10-28,MEDC,1196.317138671875
2024-10-29,MEDC,1186.7081298828125
2024-10-30,MEDC,1234.7530517578125
2024-10-31,MEDC,1229.948486328125
2024-11-01,MEDC,1215.53515625
2024-11-04,MEDC,1225.14404296875
2024-11-05,MEDC,1215.53515625
2024-11-06,MEDC,1157.8812255859375
2024-11-07,MEDC,1177.0992431640625
2024-11-08,MEDC,1181.9036865234375
2024-11-11,MEDC,1162.6856689453125
2024-11-12,MEDC,1133.85888671875
2024-11-13,MEDC,1138.663330078125
2024-11-14,MEDC,1100.2274169921875
2024-11-15,MEDC,1071.4005126953125
2024-11-18,MEDC,1023.3556518554688
2024-11-19,MEDC,1047.3780517578125
2024-11-20,MEDC,1095.4228515625
2024-11-21,MEDC,1100.2274169921875
2024-11-22,MEDC,1100.2274169921875
2024-11-25,MEDC,1124.2498779296875
2024-11-26,MEDC,1081.009521484375
2024-11-28,MEDC,1081.009521484375
2024-11-29,MEDC,1047.3780517578125
2024-12-02,MEDC,1008.942138671875
2024-12-03,MEDC,1028.1600341796875
2024-12-04,MEDC,1085.81396484375
2024-12-05,MEDC,1081.009521484375
2024-12-06,MEDC,1105.031982421875
2024-12-09,MEDC,1090.6185302734375
2024-12-10,MEDC,1105.031982421875
2024-12-11,MEDC,1095.4228515625
2024-12-12,MEDC,1076.2049560546875
2024-12-13,MEDC,1047.3780517578125
2024-12-16,MEDC,1028.1600341796875
2024-12-17,MEDC,1004.1377563476562
2024-12-18,MEDC,989.7242431640625
2024-12-19,MEDC,1008.942138671875
2024-12-20,MEDC,1047.3780517578125
2024-12-23,MEDC,1052.1824951171875
2024-12-24,MEDC,1047.3780517578125
2024-12-27,MEDC,1061.79150390625
2024-12-30,MEDC,1056.987060546875
2025-01-02,MEDC,1076.2049560546875
2025-01-03,MEDC,1090.6185302734375
2025-01-06,MEDC,1095.4228515625
2025-01-07,MEDC,1085.81396484375
2025-01-08,MEDC,1085.81396484375
2025-01-09,MEDC,1085.81396484375
2025-01-10,MEDC,1076.2049560546875
2025-01-13,MEDC,1153.0767822265625
2025-01-14,MEDC,1143.4677734375
2025-01-15,MEDC,1148.2723388671875
2025-01-16,MEDC,1133.85888671875
2025-01-17,MEDC,1138.663330078125
2025-01-20,MEDC,1124.2498779296875
2025-01-21,MEDC,1052.1824951171875
2025-01-22,MEDC,1061.79150390625
2025-01-23,MEDC,1081.009521484375
2025-01-24,MEDC,1061.79150390625
2025-01-30,MEDC,1008.942138671875
2025-01-31,MEDC,1037.7691650390625
2025-02-03,MEDC,1032.964599609375
2025-02-04,MEDC,1008.942138671875
2025-02-05,MEDC,1028.1600341796875
2025-02-06,MEDC,989.7242431640625
2025-02-07,MEDC,994.5287475585938
2025-02-10,MEDC,1018.5511474609375
2025-02-11,MEDC,1008.942138671875
2025-02-12,MEDC,999.3331909179688
2025-02-13,MEDC,999.3331909179688
2025-02-14,MEDC,1028.1600341796875
2025-02-17,MEDC,1047.3780517578125
2025-02-18,MEDC,1042.5736083984375
2025-02-19,MEDC,1028.1600341796875
2025-02-20,MEDC,1023.3556518554688
2025-02-21,MEDC,1018.5511474609375
2025-02-24,MEDC,1013.7467041015625
2025-02-25,MEDC,994.5287475585938
2025-02-26,MEDC,1004.1377563476562
2025-02-27,MEDC,989.7242431640625
2025-02-28,MEDC,960.8973388671875
2025-03-03,MEDC,970.5062866210938
2025-03-04,MEDC,960.8973388671875
2025-03-05,MEDC,970.5062866210938
2025-03-06,MEDC,960.8973388671875
2025-03-07,MEDC,965.7017822265625
2025-03-10,MEDC,980.115234375
2025-03-11,MEDC,960.8973388671875
2025-03-12,MEDC,960.8973388671875
2025-03-13,MEDC,960.8973388671875
2025-03-14,MEDC,956.0928344726562
2025-03-17,MEDC,960.8973388671875
2025-03-18,MEDC,951.288330078125
2025-03-19,MEDC,932.0703735351562
2025-03-20,MEDC,960.8973388671875
2025-03-21,MEDC,936.8748779296875
2025-03-24,MEDC,917.6569213867188
2025-03-25,MEDC,941.6793823242188
2025-03-26,MEDC,989.7242431640625
2025-03-27,MEDC,984.9197387695312
2025-04-08,MEDC,932.0703735351562
2025-04-09,MEDC,898.4390258789062
2025-04-10,MEDC,975.310791015625
2025-04-11,MEDC,975.310791015625
2025-04-14,MEDC,999.3331909179688
2025-04-15,MEDC,1013.7467041015625
2025-04-16,MEDC,980.115234375
2025-04-17,MEDC,999.3331909179688
2025-04-21,MEDC,1008.942138671875
2025-04-22,MEDC,1028.1600341796875
2025-04-23,MEDC,1052.1824951171875
2025-04-24,MEDC,1032.964599609375
2025-04-25,MEDC,1018.5511474609375
2025-04-28,MEDC,1018.5511474609375
2025-04-29,MEDC,1028.1600341796875
2025-04-30,MEDC,1008.942138671875
2025-05-02,MEDC,1004.1377563476562
2025-05-05,MEDC,994.5287475585938
2025-05-06,MEDC,999.3331909179688
2025-05-07,MEDC,1013.7467041015625
2025-05-08,MEDC,1023.3556518554688
2025-05-09,MEDC,1052.1824951171875
2025-05-14,MEDC,1085.81396484375
2025-05-15,MEDC,1095.4228515625
2025-05-16,MEDC,1085.81396484375
2025-05-19,MEDC,1105.031982421875
2025-05-20,MEDC,1071.4005126953125
2025-05-21,MEDC,1105.031982421875
2025-05-22,MEDC,1177.0992431640625
2025-05-23,MEDC,1157.8812255859375
2025-05-26,MEDC,1210.7305908203125
2025-05-27,MEDC,1205.9261474609375
2025-05-28,MEDC,1181.9036865234375
2025-06-02,MEDC,1191.5126953125
2025-06-03,MEDC,1205.9261474609375
2025-06-04,MEDC,1196.317138671875
2025-06-05,MEDC,1201.1217041015625
2025-06-10,MEDC,1229.948486328125
2025-06-11,MEDC,1229.948486328125
2025-06-12,MEDC,1229.948486328125
2025-06-13,MEDC,1345.2562255859375
2025-06-16,MEDC,1394.1746826171875
2025-06-17,MEDC,1359.9317626953125
2025-06-18,MEDC,1384.3909912109375
2025-06-19,MEDC,1418.6337890625
2025-06-20,MEDC,1399.0665283203125
2025-06-23,MEDC,1418.6337890625
2025-06-24,MEDC,1291.4459228515625
2025-06-25,MEDC,1232.743896484375
2025-06-26,MEDC,1242.527587890625
2025-06-30,MEDC,1218.068359375
2025-07-01,MEDC,1232.743896484375
2025-07-02,MEDC,1218.068359375
2025-07-03,MEDC,1232.743896484375
2025-07-04,MEDC,1218.068359375
2025-07-07,MEDC,1203.392822265625
2025-07-08,MEDC,1213.176513671875
2025-07-09,MEDC,1232.743896484375
2025-07-10,MEDC,1227.85205078125
2025-07-11,MEDC,1232.743896484375
2025-07-14,MEDC,1222.960205078125
2025-07-15,MEDC,1227.85205078125
2025-07-16,MEDC,1266.98681640625
2025-07-17,MEDC,1296.3377685546875
2025-07-18,MEDC,1271.878662109375
2025-07-21,MEDC,1257.203125
2025-07-22,MEDC,1232.743896484375
2025-07-23,MEDC,1242.527587890625
2025-07-24,MEDC,1257.203125
2025-07-25,MEDC,1222.960205078125
2025-07-28,MEDC,1242.527587890625
2025-07-29,MEDC,1291.4459228515625
2025-07-30,MEDC,1296.3377685546875
2025-07-31,MEDC,1257.203125
2025-08-01,MEDC,1198.5009765625
2025-08-04,MEDC,1178.93359375
2025-08-05,MEDC,1149.5826416015625
2025-08-06,MEDC,1149.5826416015625
2025-08-07,MEDC,1213.176513671875
2025-08-08,MEDC,1178.93359375
2025-08-11,MEDC,1213.176513671875
2025-08-12,MEDC,1193.609130859375
2025-08-13,MEDC,1232.743896484375
2025-08-14,MEDC,1198.5009765625
2025-08-15,MEDC,1198.5009765625
2025-08-19,MEDC,1198.5009765625
2025-08-20,MEDC,1159.3663330078125
2025-08-21,MEDC,1174.041748046875
2025-08-22,MEDC,1213.176513671875
2025-08-25,MEDC,1213.176513671875
2025-08-26,MEDC,1198.5009765625
2025-08-27,MEDC,1183.825439453125
2025-08-28,MEDC,1169.14990234375
2025-08-29,MEDC,1139.7989501953125
2025-09-01,MEDC,1110.4478759765625
2025-09-02,MEDC,1198.5009765625
2025-09-03,MEDC,1222.960205078125
2025-09-04,MEDC,1222.960205078125
2025-09-08,MEDC,1188.71728515625
2025-09-09,MEDC,1203.392822265625
2025-09-10,MEDC,1203.392822265625
2025-09-11,MEDC,1193.609130859375
2025-09-12,MEDC,1203.392822265625
2025-09-15,MEDC,1218.068359375
2025-09-16,MEDC,1271.878662109375
2025-09-17,MEDC,1291.4459228515625
2025-09-18,MEDC,1257.203125
2025-09-19,MEDC,1266.98681640625
2025-09-22,MEDC,1286.5540771484375
2025-09-23,MEDC,1281.662353515625
2025-09-24,MEDC,1286.5540771484375
2025-09-25,MEDC,1306.1214599609375
2025-09-26,MEDC,1320.7969970703125
2025-09-29,MEDC,1355.0399169921875
2025-09-30,MEDC,1340.3643798828125
2025-10-01,MEDC,1364.8236083984375
2025-10-02,MEDC,1389.2828369140625
2025-10-03,MEDC,1482.227783203125
2025-10-06,MEDC,1482.227783203125
2025-10-07,MEDC,1565.3890380859375
2025-10-08,MEDC,1545.8216552734375
2025-10-09,MEDC,1492.011474609375
2025-10-10,MEDC,1457.7685546875
2025-10-13,MEDC,1501.795166015625
2025-10-14,MEDC,1467.55224609375
2025-10-15,MEDC,1364.8236083984375
2025-10-16,MEDC,1369.7154541015625
2025-10-17,MEDC,1315.9051513671875
2025-10-20,MEDC,1340.3643798828125
2025-10-21,MEDC,1369.7154541015625
2025-10-22,MEDC,1359.9317626953125
2025-10-23,MEDC,1399.0665283203125
2025-10-24,MEDC,1345.2562255859375
2025-10-27,MEDC,1301.2296142578125
2025-10-28,MEDC,1281.662353515625
2025-10-29,MEDC,1281.662353515625
2025-10-30,MEDC,1306.1214599609375
2025-10-31,MEDC,1301.2296142578125
2025-11-03,MEDC,1311.0133056640625
2025-11-04,MEDC,1350.1480712890625
2025-11-05,MEDC,1311.0133056640625
2025-11-06,MEDC,1301.2296142578125
2025-11-07,MEDC,1291.4459228515625
2025-11-10,MEDC,1286.5540771484375
2025-11-11,MEDC,1275.0
2025-11-12,MEDC,1280.0
2025-11-13,MEDC,1285.0
2025-11-14,MEDC,1295.0
2025-11-17,MEDC,1290.0
2025-11-18,MEDC,1260.0
2025-11-19,MEDC,1270.0
2025-11-20,MEDC,1285.0
2025-11-21,MEDC,1265.0
2025-11-24,MEDC,1320.0
2025-11-25,MEDC,1325.0
2025-11-26,MEDC,1325.0
2025-11-27,MEDC,1325.0
2025-11-28,MEDC,1325.0
2025-12-01,MEDC,1335.0
2025-12-02,MEDC,1335.0
2025-12-03,MEDC,1310.0
2025-12-04,MEDC,1285.0
2025-12-05,MEDC,1320.0
2025-12-08,MEDC,1320.0
2025-12-09,MEDC,1285.0
2025-12-10,MEDC,1275.0
2025-12-11,MEDC,1230.0
2025-12-12,MEDC,1315.0
2025-12-15,MEDC,1285.0
2025-12-16,MEDC,1250.0
2025-12-17,MEDC,1280.0
2025-12-18,MEDC,1265.0
2025-12-19,MEDC,1280.0
2025-12-22,MEDC,1295.0
2025-12-23,MEDC,1305.0
2025-12-24,MEDC,1310.0
2025-12-29,MEDC,1355.0
2025-12-30,MEDC,1345.0
2026-01-02,MEDC,1450.0
2026-01-05,MEDC,1485.0
2026-01-06,MEDC,1500.0
2026-01-07,MEDC,1470.0
2026-01-08,MEDC,1405.0
2026-01-09,MEDC,1485.0
2026-01-12,MEDC,1530.0
2026-01-13,MEDC,1500.0
2026-01-14,MEDC,1480.0
2026-01-15,MEDC,1460.0
2026-01-19,MEDC,1480.0
2026-01-20,MEDC,1470.0
2026-01-21,MEDC,1480.0
2026-01-22,MEDC,1520.0
2026-01-23,MEDC,1515.0
2026-01-26,MEDC,1575.0
2022-12-30,PGAS,1204.58349609375
2023-01-02,PGAS,1190.89501953125
2023-01-03,PGAS,1187.472900390625
2023-01-04,PGAS,1136.141357421875
2023-01-05,PGAS,1064.27685546875
2023-01-06,PGAS,1084.8095703125
2023-01-09,PGAS,1050.5885009765625
2023-01-10,PGAS,1074.543212890625
2023-01-11,PGAS,1047.166259765625
2023-01-12,PGAS,1043.7442626953125
2023-01-13,PGAS,1054.010498046875
2023-01-16,PGAS,1054.010498046875
2023-01-17,PGAS,1050.5885009765625
2023-01-18,PGAS,1074.543212890625
2023-01-19,PGAS,1084.8095703125
2023-01-20,PGAS,1108.7642822265625
2023-01-24,PGAS,1091.65380859375
2023-01-25,PGAS,1077.96533203125
2023-01-26,PGAS,1067.698974609375
2023-01-27,PGAS,1071.12109375
2023-01-30,PGAS,1071.12109375
2023-01-31,PGAS,1057.4326171875
2023-02-01,PGAS,1074.543212890625
2023-02-02,PGAS,1098.498046875
2023-02-03,PGAS,1071.12109375
2023-02-06,PGAS,1081.387451171875
2023-02-07,PGAS,1098.498046875
2023-02-08,PGAS,1091.65380859375
2023-02-09,PGAS,1098.498046875
2023-02-10,PGAS,1098.498046875
2023-02-13,PGAS,1112.1864013671875
2023-02-14,PGAS,1105.3421630859375
2023-02-15,PGAS,1105.3421630859375
2023-02-16,PGAS,1077.96533203125
2023-02-17,PGAS,1088.231689453125
2023-02-20,PGAS,1084.8095703125
2023-02-21,PGAS,1074.543212890625
2023-02-22,PGAS,1054.010498046875
2023-02-23,PGAS,1050.5885009765625
2023-02-24,PGAS,1043.7442626953125
2023-02-27,PGAS,1050.5885009765625
2023-02-28,PGAS,1071.12109375
2023-03-01,PGAS,1060.8548583984375
2023-03-02,PGAS,1095.075927734375
2023-03-03,PGAS,1081.387451171875
2023-03-06,PGAS,1095.075927734375
2023-03-07,PGAS,1064.27685546875
2023-03-08,PGAS,1057.4326171875
2023-03-09,PGAS,1071.12109375
2023-03-10,PGAS,1060.8548583984375
2023-03-13,PGAS,1057.4326171875
2023-03-14,PGAS,1006.1010131835938
2023-03-15,PGAS,965.0357055664062
2023-03-16,PGAS,927.3924560546875
2023-03-17,PGAS,951.34716796875
2023-03-20,PGAS,913.7039794921875
2023-03-21,PGAS,923.9703369140625
2023-03-24,PGAS,930.8145141601562
2023-03-27,PGAS,941.0808715820312
2023-03-28,PGAS,947.9251098632812
2023-03-29,PGAS,961.613525390625
2023-03-30,PGAS,954.769287109375
2023-03-31,PGAS,944.5029907226562
2023-04-03,PGAS,927.3924560546875
2023-04-04,PGAS,961.613525390625
2023-04-05,PGAS,947.9251098632812
2023-04-06,PGAS,934.236572265625
2023-04-10,PGAS,927.3924560546875
2023-04-11,PGAS,941.0808715820312
2023-04-12,PGAS,947.9251098632812
2023-04-13,PGAS,944.5029907226562
2023-04-14,PGAS,951.34716796875
2023-04-17,PGAS,961.613525390625
2023-04-18,PGAS,971.8798828125
2023-04-26,PGAS,988.9904174804688
2023-04-27,PGAS,978.72412109375
2023-04-28,PGAS,978.72412109375
2023-05-02,PGAS,951.34716796875
2023-05-03,PGAS,954.769287109375
2023-05-04,PGAS,944.5029907226562
2023-05-05,PGAS,937.65869140625
2023-05-08,PGAS,951.34716796875
2023-05-09,PGAS,968.4577026367188
2023-05-10,PGAS,975.302001953125
2023-05-11,PGAS,971.8798828125
2023-05-12,PGAS,971.8798828125
2023-05-15,PGAS,965.0357055664062
2023-05-16,PGAS,944.5029907226562
2023-05-17,PGAS,941.0808715820312
2023-05-19,PGAS,920.5481567382812
2023-05-22,PGAS,930.8145141601562
2023-05-23,PGAS,930.8145141601562
2023-05-24,PGAS,937.65869140625
2023-05-25,PGAS,927.3924560546875
2023-05-26,PGAS,920.5481567382812
2023-05-29,PGAS,965.0357055664062
2023-05-30,PGAS,992.4125366210938
2023-05-31,PGAS,978.72412109375
2023-06-05,PGAS,985.5682983398438
2023-06-06,PGAS,982.1461791992188
2023-06-07,PGAS,975.302001953125
2023-06-08,PGAS,978.72412109375
2023-06-09,PGAS,978.72412109375
2023-06-12,PGAS,998.5072021484375
2023-06-13,PGAS,990.9138793945312
2023-06-14,PGAS,990.9138793945312
2023-06-15,PGAS,998.5072021484375
2023-06-16,PGAS,994.7105102539062
2023-06-19,PGAS,998.5072021484375
2023-06-20,PGAS,998.5072021484375
2023-06-21,PGAS,990.9138793945312
2023-06-22,PGAS,994.7105102539062
2023-06-23,PGAS,990.9138793945312
2023-06-26,PGAS,990.9138793945312
2023-06-27,PGAS,990.9138793945312
2023-07-03,PGAS,994.7105102539062
2023-07-04,PGAS,1017.4901123046875
2023-07-05,PGAS,1021.2866821289062
2023-07-06,PGAS,1032.676513671875
2023-07-07,PGAS,1025.083251953125
2023-07-10,PGAS,1025.083251953125
2023-07-11,PGAS,1017.4901123046875
2023-07-12,PGAS,1017.4901123046875
2023-07-13,PGAS,1017.4901123046875
2023-07-14,PGAS,1032.676513671875
2023-07-17,PGAS,1040.2696533203125
2023-07-18,PGAS,1036.47314453125
2023-07-20,PGAS,1040.2696533203125
2023-07-21,PGAS,1047.8629150390625
2023-07-24,PGAS,1059.252685546875
2023-07-25,PGAS,1044.06640625
2023-07-26,PGAS,1051.6595458984375
2023-07-27,PGAS,1036.47314453125
2023-07-28,PGAS,1040.2696533203125
2023-07-31,PGAS,1036.47314453125
2023-08-01,PGAS,1051.6595458984375
2023-08-02,PGAS,1047.8629150390625
2023-08-03,PGAS,1051.6595458984375
2023-08-04,PGAS,1055.4561767578125
2023-08-07,PGAS,1059.252685546875
2023-08-08,PGAS,1063.0494384765625
2023-08-09,PGAS,1059.252685546875
2023-08-10,PGAS,1063.0494384765625
2023-08-11,PGAS,1066.845947265625
2023-08-14,PGAS,1055.4561767578125
2023-08-15,PGAS,1108.608642578125
2023-08-16,PGAS,1127.5916748046875
2023-08-18,PGAS,1135.1849365234375
2023-08-21,PGAS,1131.38818359375
2023-08-22,PGAS,1157.9644775390625
2023-08-23,PGAS,1138.9814453125
2023-08-24,PGAS,1101.0155029296875
2023-08-25,PGAS,1101.0155029296875
2023-08-28,PGAS,1104.81201171875
2023-08-29,PGAS,1108.608642578125
2023-08-30,PGAS,1059.252685546875
2023-08-31,PGAS,1044.06640625
2023-09-01,PGAS,1028.8798828125
2023-09-04,PGAS,1025.083251953125
2023-09-05,PGAS,1025.083251953125
2023-09-06,PGAS,1055.4561767578125
2023-09-07,PGAS,1028.8798828125
2023-09-08,PGAS,1028.8798828125
2023-09-11,PGAS,1028.8798828125
2023-09-12,PGAS,1021.2866821289062
2023-09-13,PGAS,1089.6256103515625
2023-09-14,PGAS,1066.845947265625
2023-09-15,PGAS,1047.8629150390625
2023-09-18,PGAS,1055.4561767578125
2023-09-19,PGAS,1051.6595458984375
2023-09-20,PGAS,1055.4561767578125
2023-09-21,PGAS,1044.06640625
2023-09-22,PGAS,1047.8629150390625
2023-09-25,PGAS,1051.6595458984375
2023-09-26,PGAS,1051.6595458984375
2023-09-27,PGAS,1044.06640625
2023-09-29,PGAS,1044.06640625
2023-10-02,PGAS,1044.06640625
2023-10-03,PGAS,1032.676513671875
2023-10-04,PGAS,1032.676513671875
2023-10-05,PGAS,1017.4901123046875
2023-10-06,PGAS,1028.8798828125
2023-10-09,PGAS,1059.252685546875
2023-10-10,PGAS,1063.0494384765625
2023-10-11,PGAS,1055.4561767578125
2023-10-12,PGAS,1051.6595458984375
2023-10-13,PGAS,1063.0494384765625
2023-10-16,PGAS,1063.0494384765625
2023-10-17,PGAS,1051.6595458984375
2023-10-18,PGAS,1051.6595458984375
2023-10-19,PGAS,1036.47314453125
2023-10-20,PGAS,1032.676513671875
2023-10-23,PGAS,1013.6934814453125
2023-10-24,PGAS,1013.6934814453125
2023-10-25,PGAS,1021.2866821289062
2023-10-26,PGAS,1006.1002197265625
2023-10-27,PGAS,1013.6934814453125
2023-10-30,PGAS,964.3375854492188
2023-10-31,PGAS,952.9478759765625
2023-11-01,PGAS,926.3716430664062
2023-11-02,PGAS,933.9647216796875
2023-11-03,PGAS,937.7614135742188
2023-11-06,PGAS,937.7614135742188
2023-11-07,PGAS,918.7783813476562
2023-11-08,PGAS,865.6259155273438
2023-11-09,PGAS,846.6428833007812
2023-11-10,PGAS,854.2361450195312
2023-11-13,PGAS,854.2361450195312
2023-11-14,PGAS,858.0326538085938
2023-11-15,PGAS,858.0326538085938
2023-11-16,PGAS,861.8292846679688
2023-11-17,PGAS,854.2361450195312
2023-11-20,PGAS,869.4225463867188
2023-11-21,PGAS,865.6259155273438
2023-11-22,PGAS,861.8292846679688
2023-11-23,PGAS,869.4225463867188
2023-11-24,PGAS,865.6259155273438
2023-11-27,PGAS,869.4225463867188
2023-11-28,PGAS,858.0326538085938
2023-11-29,PGAS,861.8292846679688
2023-11-30,PGAS,846.6428833007812
2023-12-01,PGAS,850.4395141601562
2023-12-04,PGAS,854.2361450195312
2023-12-05,PGAS,846.6428833007812
2023-12-06,PGAS,854.2361450195312
2023-12-07,PGAS,839.0496215820312
2023-12-08,PGAS,839.0496215820312
2023-12-11,PGAS,839.0496215820312
2023-12-12,PGAS,827.6598510742188
2023-12-13,PGAS,820.066650390625
2023-12-14,PGAS,827.6598510742188
2023-12-15,PGAS,820.066650390625
2023-12-18,PGAS,808.6768188476562
2023-12-19,PGAS,831.4564819335938
2023-12-20,PGAS,839.0496215820312
2023-12-21,PGAS,835.2530517578125
2023-12-22,PGAS,835.2530517578125
2023-12-27,PGAS,835.2530517578125
2023-12-28,PGAS,858.0326538085938
2023-12-29,PGAS,858.0326538085938
2024-01-02,PGAS,865.6259155273438
2024-01-03,PGAS,861.8292846679688
2024-01-04,PGAS,869.4225463867188
2024-01-05,PGAS,880.8123168945312
2024-01-08,PGAS,861.8292846679688
2024-01-09,PGAS,858.0326538085938
2024-01-10,PGAS,861.8292846679688
2024-01-11,PGAS,861.8292846679688
2024-01-12,PGAS,865.6259155273438
2024-01-15,PGAS,877.0156860351562
2024-01-16,PGAS,884.6089477539062
2024-01-17,PGAS,865.6259155273438
2024-01-18,PGAS,865.6259155273438
2024-01-19,PGAS,873.2190551757812
2024-01-22,PGAS,850.4395141601562
2024-01-23,PGAS,846.6428833007812
2024-01-24,PGAS,854.2361450195312
2024-01-25,PGAS,861.8292846679688
2024-01-26,PGAS,858.0326538085938
2024-01-29,PGAS,858.0326538085938
2024-01-30,PGAS,846.6428833007812
2024-01-31,PGAS,884.6089477539062
2024-02-01,PGAS,880.8123168945312
2024-02-02,PGAS,861.8292846679688
2024-02-05,PGAS,865.6259155273438
2024-02-06,PGAS,877.0156860351562
2024-02-07,PGAS,877.0156860351562
2024-02-12,PGAS,880.8123168945312
2024-02-13,PGAS,873.2190551757812
2024-02-15,PGAS,888.4055786132812
2024-02-16,PGAS,892.2020874023438
2024-02-19,PGAS,895.9987182617188
2024-02-20,PGAS,884.6089477539062
2024-02-21,PGAS,895.9987182617188
2024-02-22,PGAS,892.2020874023438
2024-02-23,PGAS,880.8123168945312
2024-02-26,PGAS,861.8292846679688
2024-02-27,PGAS,854.2361450195312
2024-02-28,PGAS,846.6428833007812
2024-02-29,PGAS,827.6598510742188
2024-03-01,PGAS,839.0496215820312
2024-03-04,PGAS,850.4395141601562
2024-03-05,PGAS,850.4395141601562
2024-03-06,PGAS,846.6428833007812
2024-03-07,PGAS,846.6428833007812
2024-03-08,PGAS,861.8292846679688
2024-03-13,PGAS,884.6089477539062
2024-03-14,PGAS,907.3886108398438
2024-03-15,PGAS,937.7614135742188
2024-03-18,PGAS,941.5579833984375
2024-03-19,PGAS,971.930908203125
2024-03-20,PGAS,975.7274780273438
2024-03-21,PGAS,1013.6934814453125
2024-03-22,PGAS,1002.3036499023438
2024-03-25,PGAS,1025.083251953125
2024-03-26,PGAS,1017.4901123046875
2024-03-27,PGAS,1028.8798828125
2024-03-28,PGAS,1032.676513671875
2024-04-01,PGAS,1028.8798828125
2024-04-02,PGAS,1017.4901123046875
2024-04-03,PGAS,1036.47314453125
2024-04-04,PGAS,1040.2696533203125
2024-04-05,PGAS,1044.06640625
2024-04-16,PGAS,1040.2696533203125
2024-04-17,PGAS,1055.4561767578125
2024-04-18,PGAS,1044.06640625
2024-04-19,PGAS,1025.083251953125
2024-04-22,PGAS,1017.4901123046875
2024-04-23,PGAS,1040.2696533203125
2024-04-24,PGAS,1006.1002197265625
2024-04-25,PGAS,1002.3036499023438
2024-04-26,PGAS,971.930908203125
2024-04-29,PGAS,1002.3036499023438
2024-04-30,PGAS,1116.2017822265625
2024-05-02,PGAS,1108.608642578125
2024-05-03,PGAS,1150.3712158203125
2024-05-06,PGAS,1142.778076171875
2024-05-07,PGAS,1138.9814453125
2024-05-08,PGAS,1154.16796875
2024-05-13,PGAS,1154.16796875
2024-05-14,PGAS,1123.7950439453125
2024-05-15,PGAS,1127.5916748046875
2024-05-16,PGAS,1135.1849365234375
2024-05-17,PGAS,1150.3712158203125
2024-05-20,PGAS,1195.9305419921875
2024-05-21,PGAS,1188.3372802734375
2024-05-22,PGAS,1207.3203125
2024-05-27,PGAS,1199.7271728515625
2024-05-28,PGAS,1241.48974609375
2024-05-29,PGAS,1222.5067138671875
2024-05-30,PGAS,1241.48974609375
2024-05-31,PGAS,1199.7271728515625
2024-06-03,PGAS,1207.3203125
2024-06-04,PGAS,1230.0999755859375
2024-06-05,PGAS,1203.523681640625
2024-06-06,PGAS,1218.710205078125
2024-06-07,PGAS,1207.3203125
2024-06-10,PGAS,1201.714599609375
2024-06-11,PGAS,1201.714599609375
2024-06-12,PGAS,1172.404541015625
2024-06-13,PGAS,1205.9017333984375
2024-06-14,PGAS,1189.153076171875
2024-06-19,PGAS,1180.77880859375
2024-06-20,PGAS,1197.5274658203125
2024-06-21,PGAS,1260.3348388671875
2024-06-24,PGAS,1281.2706298828125
2024-06-25,PGAS,1302.2064208984375
2024-06-26,PGAS,1293.8321533203125
2024-06-27,PGAS,1289.6448974609375
2024-06-28,PGAS,1289.6448974609375
2024-07-01,PGAS,1293.8321533203125
2024-07-02,PGAS,1331.5164794921875
2024-07-03,PGAS,1339.8907470703125
2024-07-04,PGAS,1339.8907470703125
2024-07-05,PGAS,1348.26513671875
2024-07-08,PGAS,1360.8265380859375
2024-07-09,PGAS,1268.7091064453125
2024-07-10,PGAS,1272.8963623046875
2024-07-11,PGAS,1306.3935546875
2024-07-12,PGAS,1323.1422119140625
2024-07-15,PGAS,1323.1422119140625
2024-07-16,PGAS,1348.26513671875
2024-07-17,PGAS,1356.6395263671875
2024-07-18,PGAS,1352.452392578125
2024-07-19,PGAS,1335.7037353515625
2024-07-22,PGAS,1352.452392578125
2024-07-23,PGAS,1335.7037353515625
2024-07-24,PGAS,1327.329345703125
2024-07-25,PGAS,1302.2064208984375
2024-07-26,PGAS,1323.1422119140625
2024-07-29,PGAS,1344.0780029296875
2024-07-30,PGAS,1344.0780029296875
2024-07-31,PGAS,1339.8907470703125
2024-08-01,PGAS,1331.5164794921875
2024-08-02,PGAS,1327.329345703125
2024-08-05,PGAS,1281.2706298828125
2024-08-06,PGAS,1285.457763671875
2024-08-07,PGAS,1302.2064208984375
2024-08-08,PGAS,1310.5806884765625
2024-08-09,PGAS,1314.7679443359375
2024-08-12,PGAS,1327.329345703125
2024-08-13,PGAS,1331.5164794921875
2024-08-14,PGAS,1356.6395263671875
2024-08-15,PGAS,1344.0780029296875
2024-08-16,PGAS,1339.8907470703125
2024-08-19,PGAS,1369.200927734375
2024-08-20,PGAS,1369.200927734375
2024-08-21,PGAS,1352.452392578125
2024-08-22,PGAS,1365.0137939453125
2024-08-23,PGAS,1415.259765625
2024-08-26,PGAS,1406.8853759765625
2024-08-27,PGAS,1323.1422119140625
2024-08-28,PGAS,1318.955078125
2024-08-29,PGAS,1298.019287109375
2024-08-30,PGAS,1289.6448974609375
2024-09-02,PGAS,1293.8321533203125
2024-09-03,PGAS,1302.2064208984375
2024-09-04,PGAS,1277.08349609375
2024-09-05,PGAS,1281.2706298828125
2024-09-06,PGAS,1268.7091064453125
2024-09-09,PGAS,1264.52197265625
2024-09-10,PGAS,1235.2119140625
2024-09-11,PGAS,1243.586181640625
2024-09-12,PGAS,1251.9605712890625
2024-09-13,PGAS,1251.9605712890625
2024-09-17,PGAS,1251.9605712890625
2024-09-18,PGAS,1256.147705078125
2024-09-19,PGAS,1239.3990478515625
2024-09-20,PGAS,1247.7733154296875
2024-09-23,PGAS,1247.7733154296875
2024-09-24,PGAS,1243.586181640625
2024-09-25,PGAS,1231.024658203125
2024-09-26,PGAS,1239.3990478515625
2024-09-27,PGAS,1231.024658203125
2024-09-30,PGAS,1201.714599609375
2024-10-01,PGAS,1214.276123046875
2024-10-02,PGAS,1205.9017333984375
2024-10-03,PGAS,1222.650390625
2024-10-04,PGAS,1256.147705078125
2024-10-07,PGAS,1260.3348388671875
2024-10-08,PGAS,1260.3348388671875
2024-10-09,PGAS,1260.3348388671875
2024-10-10,PGAS,1260.3348388671875
2024-10-11,PGAS,1272.8963623046875
2024-10-14,PGAS,1293.8321533203125
2024-10-15,PGAS,1281.2706298828125
2024-10-16,PGAS,1293.8321533203125
2024-10-17,PGAS,1285.457763671875
2024-10-18,PGAS,1277.08349609375
2024-10-21,PGAS,1293.8321533203125
2024-10-22,PGAS,1293.8321533203125
2024-10-23,PGAS,1298.019287109375
2024-10-24,PGAS,1281.2706298828125
2024-10-25,PGAS,1256.147705078125
2024-10-28,PGAS,1256.147705078125
2024-10-29,PGAS,1251.9605712890625
2024-10-30,PGAS,1260.3348388671875
2024-10-31,PGAS,1310.5806884765625
2024-11-01,PGAS,1281.2706298828125
2024-11-04,PGAS,1264.52197265625
2024-11-05,PGAS,1268.7091064453125
2024-11-06,PGAS,1268.7091064453125
2024-11-07,PGAS,1306.3935546875
2024-11-08,PGAS,1281.2706298828125
2024-11-11,PGAS,1251.9605712890625
2024-11-12,PGAS,1277.08349609375
2024-11-13,PGAS,1260.3348388671875
2024-11-14,PGAS,1239.3990478515625
2024-11-15,PGAS,1243.586181640625
2024-11-18,PGAS,1226.8375244140625
2024-11-19,PGAS,1260.3348388671875
2024-11-20,PGAS,1247.7733154296875
2024-11-21,PGAS,1251.9605712890625
2024-11-22,PGAS,1251.9605712890625
2024-11-25,PGAS,1314.7679443359375
2024-11-26,PGAS,1285.457763671875
2024-11-28,PGAS,1289.6448974609375
2024-11-29,PGAS,1272.8963623046875
2024-12-02,PGAS,1314.7679443359375
2024-12-03,PGAS,1327.329345703125
2024-12-04,PGAS,1335.7037353515625
2024-12-05,PGAS,1314.7679443359375
2024-12-06,PGAS,1360.8265380859375
2024-12-09,PGAS,1394.323974609375
2024-12-10,PGAS,1331.5164794921875
2024-12-11,PGAS,1344.0780029296875
2024-12-12,PGAS,1352.452392578125
2024-12-13,PGAS,1344.0780029296875
2024-12-16,PGAS,1318.955078125
2024-12-17,PGAS,1277.08349609375
2024-12-18,PGAS,1298.019287109375
2024-12-19,PGAS,1285.457763671875
2024-12-20,PGAS,1298.019287109375
2024-12-23,PGAS,1306.3935546875
2024-12-24,PGAS,1293.8321533203125
2024-12-27,PGAS,1331.5164794921875
2024-12-30,PGAS,1331.5164794921875
2025-01-02,PGAS,1348.26513671875
2025-01-03,PGAS,1335.7037353515625
2025-01-06,PGAS,1436.195556640625
2025-01-07,PGAS,1377.5753173828125
2025-01-08,PGAS,1394.323974609375
2025-01-09,PGAS,1402.6982421875
2025-01-10,PGAS,1427.8211669921875
2025-01-13,PGAS,1436.195556640625
2025-01-14,PGAS,1385.9495849609375
2025-01-15,PGAS,1385.9495849609375
2025-01-16,PGAS,1377.5753173828125
2025-01-17,PGAS,1365.0137939453125
2025-01-20,PGAS,1348.26513671875
2025-01-21,PGAS,1348.26513671875
2025-01-22,PGAS,1327.329345703125
2025-01-23,PGAS,1381.7623291015625
2025-01-24,PGAS,1381.7623291015625
2025-01-30,PGAS,1365.0137939453125
2025-01-31,PGAS,1339.8907470703125
2025-02-03,PGAS,1331.5164794921875
2025-02-04,PGAS,1327.329345703125
2025-02-05,PGAS,1365.0137939453125
2025-02-06,PGAS,1310.5806884765625
2025-02-07,PGAS,1318.955078125
2025-02-10,PGAS,1335.7037353515625
2025-02-11,PGAS,1365.0137939453125
2025-02-12,PGAS,1373.38818359375
2025-02-13,PGAS,1360.8265380859375
2025-02-14,PGAS,1377.5753173828125
2025-02-17,PGAS,1411.072509765625
2025-02-18,PGAS,1423.634033203125
2025-02-19,PGAS,1411.072509765625
2025-02-20,PGAS,1411.072509765625
2025-02-21,PGAS,1390.13671875
2025-02-24,PGAS,1394.323974609375
2025-02-25,PGAS,1369.200927734375
2025-02-26,PGAS,1352.452392578125
2025-02-27,PGAS,1281.2706298828125
2025-02-28,PGAS,1260.3348388671875
2025-03-03,PGAS,1272.8963623046875
2025-03-04,PGAS,1272.8963623046875
2025-03-05,PGAS,1272.8963623046875
2025-03-06,PGAS,1260.3348388671875
2025-03-07,PGAS,1264.52197265625
2025-03-10,PGAS,1243.586181640625
2025-03-11,PGAS,1214.276123046875
2025-03-12,PGAS,1264.52197265625
2025-03-13,PGAS,1302.2064208984375
2025-03-14,PGAS,1285.457763671875
2025-03-17,PGAS,1277.08349609375
2025-03-18,PGAS,1264.52197265625
2025-03-19,PGAS,1256.147705078125
2025-03-20,PGAS,1289.6448974609375
2025-03-21,PGAS,1289.6448974609375
2025-03-24,PGAS,1277.08349609375
2025-03-25,PGAS,1256.147705078125
2025-03-26,PGAS,1298.019287109375
2025-03-27,PGAS,1302.2064208984375
2025-04-08,PGAS,1210.0888671875
2025-04-09,PGAS,1247.7733154296875
2025-04-10,PGAS,1298.019287109375
2025-04-11,PGAS,1323.1422119140625
2025-04-14,PGAS,1373.38818359375
2025-04-15,PGAS,1411.072509765625
2025-04-16,PGAS,1398.5111083984375
2025-04-17,PGAS,1402.6982421875
2025-04-21,PGAS,1406.8853759765625
2025-04-22,PGAS,1402.6982421875
2025-04-23,PGAS,1436.195556640625
2025-04-24,PGAS,1482.254150390625
2025-04-25,PGAS,1444.56982421875
2025-04-28,PGAS,1432.00830078125
2025-04-29,PGAS,1440.382568359375
2025-04-30,PGAS,1411.072509765625
2025-05-02,PGAS,1369.200927734375
2025-05-05,PGAS,1365.0137939453125
2025-05-06,PGAS,1356.6395263671875
2025-05-07,PGAS,1369.200927734375
2025-05-08,PGAS,1339.8907470703125
2025-05-09,PGAS,1344.0780029296875
2025-05-14,PGAS,1390.13671875
2025-05-15,PGAS,1394.323974609375
2025-05-16,PGAS,1415.259765625
2025-05-19,PGAS,1457.13134765625
2025-05-20,PGAS,1444.56982421875
2025-05-21,PGAS,1461.318359375
2025-05-22,PGAS,1507.377197265625
2025-05-23,PGAS,1482.254150390625
2025-05-26,PGAS,1519.9385986328125
2025-05-27,PGAS,1528.31298828125
2025-05-28,PGAS,1524.1258544921875
2025-06-02,PGAS,1524.1258544921875
2025-06-03,PGAS,1553.43603515625
2025-06-04,PGAS,1540.8743896484375
2025-06-05,PGAS,1536.6873779296875
2025-06-10,PGAS,1570.1845703125
2025-06-11,PGAS,1578.558837890625
2025-06-12,PGAS,1557.3135986328125
2025-06-13,PGAS,1548.0439453125
2025-06-16,PGAS,1561.948486328125
2025-06-17,PGAS,1561.948486328125
2025-06-18,PGAS,1548.0439453125
2025-06-19,PGAS,1524.86962890625
2025-06-20,PGAS,1473.8861083984375
2025-06-23,PGAS,1497.0604248046875
2025-06-24,PGAS,1469.251220703125
2025-06-25,PGAS,1418.2677001953125
2025-06-26,PGAS,1436.8072509765625
2025-06-30,PGAS,1497.0604248046875
2025-07-01,PGAS,1469.251220703125
2025-07-02,PGAS,1464.6163330078125
2025-07-03,PGAS,1478.52099609375
2025-07-04,PGAS,1487.7906494140625
2025-07-07,PGAS,1469.251220703125
2025-07-08,PGAS,1459.9815673828125
2025-07-09,PGAS,1450.7117919921875
2025-07-10,PGAS,1478.52099609375
2025-07-11,PGAS,1478.52099609375
2025-07-14,PGAS,1464.6163330078125
2025-07-15,PGAS,1450.7117919921875
2025-07-16,PGAS,1455.3466796875
2025-07-17,PGAS,1459.9815673828125
2025-07-18,PGAS,1515.599853515625
2025-07-21,PGAS,1510.9649658203125
2025-07-22,PGAS,1487.7906494140625
2025-07-23,PGAS,1492.425537109375
2025-07-24,PGAS,1506.330078125
2025-07-25,PGAS,1487.7906494140625
2025-07-28,PGAS,1492.425537109375
2025-07-29,PGAS,1510.9649658203125
2025-07-30,PGAS,1501.6953125
2025-07-31,PGAS,1510.9649658203125
2025-08-01,PGAS,1501.6953125
2025-08-04,PGAS,1515.599853515625
2025-08-05,PGAS,1506.330078125
2025-08-06,PGAS,1566.5833740234375
2025-08-07,PGAS,1566.5833740234375
2025-08-08,PGAS,1561.948486328125
2025-08-11,PGAS,1548.0439453125
2025-08-12,PGAS,1557.3135986328125
2025-08-13,PGAS,1557.3135986328125
2025-08-14,PGAS,1538.774169921875
2025-08-15,PGAS,1534.1392822265625
2025-08-19,PGAS,1543.4090576171875
2025-08-20,PGAS,1566.5833740234375
2025-08-21,PGAS,1599.02734375
2025-08-22,PGAS,1594.3924560546875
2025-08-25,PGAS,1594.3924560546875
2025-08-26,PGAS,1580.4879150390625
2025-08-27,PGAS,1543.4090576171875
2025-08-28,PGAS,1589.7576904296875
2025-08-29,PGAS,1585.122802734375
2025-09-01,PGAS,1543.4090576171875
2025-09-02,PGAS,1575.85302734375
2025-09-03,PGAS,1631.471435546875
2025-09-04,PGAS,1640.7410888671875
2025-09-08,PGAS,1599.02734375
2025-09-09,PGAS,1599.02734375
2025-09-10,PGAS,1585.122802734375
2025-09-11,PGAS,1622.20166015625
2025-09-12,PGAS,1663.9154052734375
2025-09-15,PGAS,1640.7410888671875
2025-09-16,PGAS,1617.5667724609375
2025-09-17,PGAS,1631.471435546875
2025-09-18,PGAS,1636.1063232421875
2025-09-19,PGAS,1617.5667724609375
2025-09-22,PGAS,1599.02734375
2025-09-23,PGAS,1599.02734375
2025-09-24,PGAS,1594.3924560546875
2025-09-25,PGAS,1589.7576904296875
2025-09-26,PGAS,1585.122802734375
2025-09-29,PGAS,1571.2181396484375
2025-09-30,PGAS,1566.5833740234375
2025-10-01,PGAS,1548.0439453125
2025-10-02,PGAS,1515.599853515625
2025-10-03,PGAS,1487.7906494140625
2025-10-06,PGAS,1515.599853515625
2025-10-07,PGAS,1506.330078125
2025-10-08,PGAS,1552.6787109375
2025-10-09,PGAS,1580.4879150390625
2025-10-10,PGAS,1580.4879150390625
2025-10-13,PGAS,1548.0439453125
2025-10-14,PGAS,1538.774169921875
2025-10-15,PGAS,1497.0604248046875
2025-10-16,PGAS,1506.330078125
2025-10-17,PGAS,1501.6953125
2025-10-20,PGAS,1571.2181396484375
2025-10-21,PGAS,1585.122802734375
2025-10-22,PGAS,1552.6787109375
2025-10-23,PGAS,1640.7410888671875
2025-10-24,PGAS,1599.02734375
2025-10-27,PGAS,1575.85302734375
2025-10-28,PGAS,1580.4879150390625
2025-10-29,PGAS,1603.6622314453125
2025-10-30,PGAS,1626.8365478515625
2025-10-31,PGAS,1612.9320068359375
2025-11-03,PGAS,1626.8365478515625
2025-11-04,PGAS,1612.9320068359375
2025-11-05,PGAS,1580.4879150390625
2025-11-06,PGAS,1599.02734375
2025-11-07,PGAS,1631.471435546875
2025-11-10,PGAS,1603.6622314453125
2025-11-11,PGAS,1626.8365478515625
2025-11-12,PGAS,1640.7410888671875
2025-11-13,PGAS,1612.9320068359375
2025-11-14,PGAS,1603.6622314453125
2025-11-17,PGAS,1622.20166015625
2025-11-18,PGAS,1603.6622314453125
2025-11-19,PGAS,1622.20166015625
2025-11-20,PGAS,1622.20166015625
2025-11-21,PGAS,1594.3924560546875
2025-11-24,PGAS,1608.297119140625
2025-11-25,PGAS,1608.297119140625
2025-11-26,PGAS,1626.8365478515625
2025-11-27,PGAS,1612.9320068359375
2025-11-28,PGAS,1673.1851806640625
2025-12-01,PGAS,1733.4383544921875
2025-12-02,PGAS,1696.3594970703125
2025-12-03,PGAS,1733.4383544921875
2025-12-04,PGAS,1714.89892578125
2025-12-05,PGAS,1691.724609375
2025-12-08,PGAS,1696.3594970703125
2025-12-09,PGAS,1673.1851806640625
2025-12-10,PGAS,1719.5338134765625
2025-12-11,PGAS,1691.724609375
2025-12-12,PGAS,1696.3594970703125
2025-12-15,PGAS,1687.0897216796875
2025-12-16,PGAS,1677.820068359375
2025-12-17,PGAS,1728.803466796875
2025-12-18,PGAS,1705.629150390625
2025-12-19,PGAS,1724.168701171875
2025-12-22,PGAS,1765.8824462890625
2025-12-23,PGAS,1742.7081298828125
2025-12-24,PGAS,1751.977783203125
2025-12-29,PGAS,1761.24755859375
2025-12-30,PGAS,1770.5172119140625
2026-01-02,PGAS,1789.0567626953125
2026-01-05,PGAS,1812.2310791015625
2026-01-06,PGAS,1761.24755859375
2026-01-07,PGAS,1802.9613037109375
2026-01-08,PGAS,1816.8658447265625
2026-01-09,PGAS,1830.7705078125
2026-01-12,PGAS,1821.500732421875
2026-01-13,PGAS,1835.4052734375
2026-01-14,PGAS,1881.75390625
2026-01-15,PGAS,1872.4842529296875
2026-01-19,PGAS,1891.023681640625
2026-01-20,PGAS,1928.1025390625
2026-01-21,PGAS,1937.372314453125
2026-01-22,PGAS,2002.2603759765625
2026-01-23,PGAS,2104.227294921875
2026-01-26,PGAS,2094.95751953125
2022-12-30,PTBA,1993.0184326171875
2023-01-02,PTBA,1993.0184326171875
2023-01-03,PTBA,2014.623046875
2023-01-04,PTBA,1955.2105712890625
2023-01-05,PTBA,1841.7864990234375
2023-01-06,PTBA,1852.5888671875
2023-01-09,PTBA,1771.5718994140625
2023-01-10,PTBA,1814.7808837890625
2023-01-11,PTBA,1836.385498046875
2023-01-12,PTBA,1798.57763671875
2023-01-13,PTBA,1798.57763671875
2023-01-16,PTBA,1793.1763916015625
2023-01-17,PTBA,1809.3797607421875
2023-01-18,PTBA,1841.7864990234375
2023-01-19,PTBA,1884.99560546875
2023-01-20,PTBA,1928.2047119140625
2023-01-24,PTBA,1912.0013427734375
2023-01-25,PTBA,1879.594482421875
2023-01-26,PTBA,1830.984375
2023-01-27,PTBA,1874.1934814453125
2023-01-30,PTBA,1863.39111328125
2023-01-31,PTBA,1836.385498046875
2023-02-01,PTBA,1825.5831298828125
2023-02-02,PTBA,1847.187744140625
2023-02-03,PTBA,1798.57763671875
2023-02-06,PTBA,1760.76953125
2023-02-07,PTBA,1874.1934814453125
2023-02-08,PTBA,1884.99560546875
2023-02-09,PTBA,1879.594482421875
2023-02-10,PTBA,1820.1820068359375
2023-02-13,PTBA,1820.1820068359375
2023-02-14,PTBA,1836.385498046875
2023-02-15,PTBA,1857.9898681640625
2023-02-16,PTBA,1895.798095703125
2023-02-17,PTBA,1884.99560546875
2023-02-20,PTBA,1928.2047119140625
2023-02-21,PTBA,1901.198974609375
2023-02-22,PTBA,1912.0013427734375
2023-02-23,PTBA,1922.8035888671875
2023-02-24,PTBA,1976.8148193359375
2023-02-27,PTBA,2014.623046875
2023-02-28,PTBA,2084.837646484375
2023-03-01,PTBA,2095.639892578125
2023-03-02,PTBA,2160.453369140625
2023-03-03,PTBA,2165.8544921875
2023-03-06,PTBA,2155.05224609375
2023-03-07,PTBA,2068.63427734375
2023-03-08,PTBA,2084.837646484375
2023-03-09,PTBA,2128.046630859375
2023-03-10,PTBA,2101.041015625
2023-03-13,PTBA,2122.6455078125
2023-03-14,PTBA,2068.63427734375
2023-03-15,PTBA,2057.831787109375
2023-03-16,PTBA,1971.413818359375
2023-03-17,PTBA,2095.639892578125
2023-03-20,PTBA,2068.63427734375
2023-03-21,PTBA,2025.4251708984375
2023-03-24,PTBA,2003.820556640625
2023-03-27,PTBA,1998.41943359375
2023-03-28,PTBA,2057.831787109375
2023-03-29,PTBA,2111.84326171875
2023-03-30,PTBA,2090.23876953125
2023-03-31,PTBA,2155.05224609375
2023-04-03,PTBA,2182.05810546875
2023-04-04,PTBA,2214.46484375
2023-04-05,PTBA,2198.261474609375
2023-04-06,PTBA,2176.65673828125
2023-04-10,PTBA,2138.848876953125
2023-04-11,PTBA,2149.6513671875
2023-04-12,PTBA,2117.244384765625
2023-04-13,PTBA,2149.6513671875
2023-04-14,PTBA,2144.25
2023-04-17,PTBA,2133.44775390625
2023-04-18,PTBA,2182.05810546875
2023-04-26,PTBA,2236.0693359375
2023-04-27,PTBA,2230.668212890625
2023-04-28,PTBA,2236.0693359375
2023-05-02,PTBA,2084.837646484375
2023-05-03,PTBA,1939.0069580078125
2023-05-04,PTBA,1841.7864990234375
2023-05-05,PTBA,1814.7808837890625
2023-05-08,PTBA,1884.99560546875
2023-05-09,PTBA,1884.99560546875
2023-05-10,PTBA,1884.99560546875
2023-05-11,PTBA,1857.9898681640625
2023-05-12,PTBA,1836.385498046875
2023-05-15,PTBA,1841.7864990234375
2023-05-16,PTBA,1820.1820068359375
2023-05-17,PTBA,1766.170654296875
2023-05-19,PTBA,1685.15380859375
2023-05-22,PTBA,1706.75830078125
2023-05-23,PTBA,1701.3570556640625
2023-05-24,PTBA,1679.752685546875
2023-05-25,PTBA,1625.7413330078125
2023-05-26,PTBA,1587.933349609375
2023-05-29,PTBA,1598.735595703125
2023-05-30,PTBA,1668.9503173828125
2023-05-31,PTBA,1652.7469482421875
2023-06-05,PTBA,1701.3570556640625
2023-06-06,PTBA,1771.5718994140625
2023-06-07,PTBA,1722.961669921875
2023-06-08,PTBA,1782.3741455078125
2023-06-09,PTBA,1825.5831298828125
2023-06-12,PTBA,1906.6002197265625
2023-06-13,PTBA,1884.99560546875
2023-06-14,PTBA,1879.594482421875
2023-06-15,PTBA,1960.6114501953125
2023-06-16,PTBA,2063.233154296875
2023-06-19,PTBA,2047.0296630859375
2023-06-20,PTBA,2079.4365234375
2023-06-21,PTBA,2079.4365234375
2023-06-22,PTBA,2041.6285400390625
2023-06-23,PTBA,1998.41943359375
2023-06-26,PTBA,2415.634033203125
2023-06-27,PTBA,2055.2060546875
2023-07-03,PTBA,2085.880859375
2023-07-04,PTBA,2093.549560546875
2023-07-05,PTBA,2131.89306640625
2023-07-06,PTBA,2154.89892578125
2023-07-07,PTBA,2124.224365234375
2023-07-10,PTBA,2131.89306640625
2023-07-11,PTBA,2116.5556640625
2023-07-12,PTBA,2093.549560546875
2023-07-13,PTBA,2101.21826171875
2023-07-14,PTBA,2124.224365234375
2023-07-17,PTBA,2139.5615234375
2023-07-18,PTBA,2108.88671875
2023-07-20,PTBA,2124.224365234375
2023-07-21,PTBA,2139.5615234375
2023-07-24,PTBA,2208.579833984375
2023-07-25,PTBA,2185.57373046875
2023-07-26,PTBA,2208.579833984375
2023-07-27,PTBA,2170.236328125
2023-07-28,PTBA,2147.230224609375
2023-07-31,PTBA,2124.224365234375
2023-08-01,PTBA,2093.549560546875
2023-08-02,PTBA,2101.21826171875
2023-08-03,PTBA,2101.21826171875
2023-08-04,PTBA,2131.89306640625
2023-08-07,PTBA,2124.224365234375
2023-08-08,PTBA,2124.224365234375
2023-08-09,PTBA,2131.89306640625
2023-08-10,PTBA,2139.5615234375
2023-08-11,PTBA,2124.224365234375
2023-08-14,PTBA,2131.89306640625
2023-08-15,PTBA,2139.5615234375
2023-08-16,PTBA,2124.224365234375
2023-08-18,PTBA,2139.5615234375
2023-08-21,PTBA,2147.230224609375
2023-08-22,PTBA,2292.935302734375
2023-08-23,PTBA,2315.941162109375
2023-08-24,PTBA,2262.260498046875
2023-08-25,PTBA,2231.585693359375
2023-08-28,PTBA,2277.597900390625
2023-08-29,PTBA,2269.92919921875
2023-08-30,PTBA,2231.585693359375
2023-08-31,PTBA,2193.242431640625
2023-09-01,PTBA,2208.579833984375
2023-09-04,PTBA,2239.25439453125
2023-09-05,PTBA,2246.92333984375
2023-09-06,PTBA,2292.935302734375
2023-09-07,PTBA,2239.25439453125
2023-09-08,PTBA,2246.92333984375
2023-09-11,PTBA,2208.579833984375
2023-09-12,PTBA,2200.910888671875
2023-09-13,PTBA,2170.236328125
2023-09-14,PTBA,2216.24853515625
2023-09-15,PTBA,2185.57373046875
2023-09-18,PTBA,2177.905029296875
2023-09-19,PTBA,2208.579833984375
2023-09-20,PTBA,2200.910888671875
2023-09-21,PTBA,2162.56787109375
2023-09-22,PTBA,2193.242431640625
2023-09-25,PTBA,2185.57373046875
2023-09-26,PTBA,2154.89892578125
2023-09-27,PTBA,2147.230224609375
2023-09-29,PTBA,2147.230224609375
2023-10-02,PTBA,2147.230224609375
2023-10-03,PTBA,2101.21826171875
2023-10-04,PTBA,2062.874755859375
2023-10-05,PTBA,2039.868896484375
2023-10-06,PTBA,2039.868896484375
2023-10-09,PTBA,2085.880859375
2023-10-10,PTBA,2108.88671875
2023-10-11,PTBA,2101.21826171875
2023-10-12,PTBA,2078.212158203125
2023-10-13,PTBA,2062.874755859375
2023-10-16,PTBA,2078.212158203125
2023-10-17,PTBA,2085.880859375
2023-10-18,PTBA,2085.880859375
2023-10-19,PTBA,2062.874755859375
2023-10-20,PTBA,2085.880859375
2023-10-23,PTBA,2039.868896484375
2023-10-24,PTBA,2047.5374755859375
2023-10-25,PTBA,2062.874755859375
2023-10-26,PTBA,2039.868896484375
2023-10-27,PTBA,2039.868896484375
2023-10-30,PTBA,1986.1881103515625
2023-10-31,PTBA,1901.8326416015625
2023-11-01,PTBA,1809.808349609375
2023-11-02,PTBA,1825.145751953125
2023-11-03,PTBA,1832.814453125
2023-11-06,PTBA,1840.4830322265625
2023-11-07,PTBA,1809.808349609375
2023-11-08,PTBA,1786.8023681640625
2023-11-09,PTBA,1802.1397705078125
2023-11-10,PTBA,1794.4710693359375
2023-11-13,PTBA,1809.808349609375
2023-11-14,PTBA,1832.814453125
2023-11-15,PTBA,1840.4830322265625
2023-11-16,PTBA,1825.145751953125
2023-11-17,PTBA,1840.4830322265625
2023-11-20,PTBA,1855.820556640625
2023-11-21,PTBA,1863.4892578125
2023-11-22,PTBA,1855.820556640625
2023-11-23,PTBA,1863.4892578125
2023-11-24,PTBA,1886.4951171875
2023-11-27,PTBA,1871.1578369140625
2023-11-28,PTBA,1871.1578369140625
2023-11-29,PTBA,1855.820556640625
2023-11-30,PTBA,1855.820556640625
2023-12-01,PTBA,1863.4892578125
2023-12-04,PTBA,1886.4951171875
2023-12-05,PTBA,1855.820556640625
2023-12-06,PTBA,1848.1517333984375
2023-12-07,PTBA,1855.820556640625
2023-12-08,PTBA,1848.1517333984375
2023-12-11,PTBA,1817.4771728515625
2023-12-12,PTBA,1802.1397705078125
2023-12-13,PTBA,1763.79638671875
2023-12-14,PTBA,1771.4649658203125
2023-12-15,PTBA,1771.4649658203125
2023-12-18,PTBA,1786.8023681640625
2023-12-19,PTBA,1817.4771728515625
2023-12-20,PTBA,1809.808349609375
2023-12-21,PTBA,1825.145751953125
2023-12-22,PTBA,1840.4830322265625
2023-12-27,PTBA,1871.1578369140625
2023-12-28,PTBA,1886.4951171875
2023-12-29,PTBA,1871.1578369140625
2024-01-02,PTBA,1940.1759033203125
2024-01-03,PTBA,1940.1759033203125
2024-01-04,PTBA,2032.2001953125
2024-01-05,PTBA,2039.868896484375
2024-01-08,PTBA,2016.8626708984375
2024-01-09,PTBA,2016.8626708984375
2024-01-10,PTBA,2032.2001953125
2024-01-11,PTBA,2009.194091796875
2024-01-12,PTBA,2024.5313720703125
2024-01-15,PTBA,2078.212158203125
2024-01-16,PTBA,2070.54345703125
2024-01-17,PTBA,2039.868896484375
2024-01-18,PTBA,2024.5313720703125
2024-01-19,PTBA,2009.194091796875
2024-01-22,PTBA,1955.5133056640625
2024-01-23,PTBA,1947.8447265625
2024-01-24,PTBA,1924.838623046875
2024-01-25,PTBA,1970.8505859375
2024-01-26,PTBA,1970.8505859375
2024-01-29,PTBA,1970.8505859375
2024-01-30,PTBA,1986.1881103515625
2024-01-31,PTBA,2001.525390625
2024-02-01,PTBA,1963.1820068359375
2024-02-02,PTBA,1947.8447265625
2024-02-05,PTBA,1947.8447265625
2024-02-06,PTBA,1963.1820068359375
2024-02-07,PTBA,2001.525390625
2024-02-12,PTBA,2032.2001953125
2024-02-13,PTBA,2024.5313720703125
2024-02-15,PTBA,2039.868896484375
2024-02-16,PTBA,2055.2060546875
2024-02-19,PTBA,2062.874755859375
2024-02-20,PTBA,2024.5313720703125
2024-02-21,PTBA,2001.525390625
2024-02-22,PTBA,2016.8626708984375
2024-02-23,PTBA,2016.8626708984375
2024-02-26,PTBA,1978.519287109375
2024-02-27,PTBA,1986.1881103515625
2024-02-28,PTBA,2009.194091796875
2024-02-29,PTBA,1963.1820068359375
2024-03-01,PTBA,1978.519287109375
2024-03-04,PTBA,2062.874755859375
2024-03-05,PTBA,2101.21826171875
2024-03-06,PTBA,2131.89306640625
2024-03-07,PTBA,2177.905029296875
2024-03-08,PTBA,2223.9169921875
2024-03-13,PTBA,2147.230224609375
2024-03-14,PTBA,2208.579833984375
2024-03-15,PTBA,2177.905029296875
2024-03-18,PTBA,2185.57373046875
2024-03-19,PTBA,2246.92333984375
2024-03-20,PTBA,2216.24853515625
2024-03-21,PTBA,2262.260498046875
2024-03-22,PTBA,2254.591796875
2024-03-25,PTBA,2246.92333984375
2024-03-26,PTBA,2254.591796875
2024-03-27,PTBA,2262.260498046875
2024-03-28,PTBA,2277.597900390625
2024-04-01,PTBA,2216.24853515625
2024-04-02,PTBA,2239.25439453125
2024-04-03,PTBA,2239.25439453125
2024-04-04,PTBA,2246.92333984375
2024-04-05,PTBA,2246.92333984375
2024-04-16,PTBA,2377.29052734375
2024-04-17,PTBA,2369.6220703125
2024-04-18,PTBA,2400.296630859375
2024-04-19,PTBA,2407.96533203125
2024-04-22,PTBA,2361.953369140625
2024-04-23,PTBA,2346.615966796875
2024-04-24,PTBA,2269.92919921875
2024-04-25,PTBA,2216.24853515625
2024-04-26,PTBA,2208.579833984375
2024-04-29,PTBA,2300.60400390625
2024-04-30,PTBA,2323.60986328125
2024-05-02,PTBA,2216.24853515625
2024-05-03,PTBA,2246.92333984375
2024-05-06,PTBA,2246.92333984375
2024-05-07,PTBA,2208.579833984375
2024-05-08,PTBA,2246.92333984375
2024-05-13,PTBA,2246.92333984375
2024-05-14,PTBA,2239.25439453125
2024-05-15,PTBA,2231.585693359375
2024-05-16,PTBA,2246.92333984375
2024-05-17,PTBA,2239.25439453125
2024-05-20,PTBA,2246.92333984375
2024-05-21,PTBA,2280.385498046875
2024-05-22,PTBA,2298.131591796875
2024-05-27,PTBA,2236.02001953125
2024-05-28,PTBA,2227.146728515625
2024-05-29,PTBA,2191.654541015625
2024-05-30,PTBA,2209.400634765625
2024-05-31,PTBA,2209.400634765625
2024-06-03,PTBA,2289.258544921875
2024-06-04,PTBA,2280.385498046875
2024-06-05,PTBA,2244.89306640625
2024-06-06,PTBA,2227.146728515625
2024-06-07,PTBA,2244.89306640625
2024-06-10,PTBA,2200.527587890625
2024-06-11,PTBA,2165.03515625
2024-06-12,PTBA,2156.162109375
2024-06-13,PTBA,2236.02001953125
2024-06-14,PTBA,2182.78125
2024-06-19,PTBA,2156.162109375
2024-06-20,PTBA,2147.2890625
2024-06-21,PTBA,2147.2890625
2024-06-24,PTBA,2156.162109375
2024-06-25,PTBA,2138.415771484375
2024-06-26,PTBA,2165.03515625
2024-06-27,PTBA,2156.162109375
2024-06-28,PTBA,2173.908203125
2024-07-01,PTBA,2218.273681640625
2024-07-02,PTBA,2209.400634765625
2024-07-03,PTBA,2218.273681640625
2024-07-04,PTBA,2244.89306640625
2024-07-05,PTBA,2253.76611328125
2024-07-08,PTBA,2262.63916015625
2024-07-09,PTBA,2244.89306640625
2024-07-10,PTBA,2253.76611328125
2024-07-11,PTBA,2262.63916015625
2024-07-12,PTBA,2244.89306640625
2024-07-15,PTBA,2236.02001953125
2024-07-16,PTBA,2244.89306640625
2024-07-17,PTBA,2253.76611328125
2024-07-18,PTBA,2324.7509765625
2024-07-19,PTBA,2333.6240234375
2024-07-22,PTBA,2377.989501953125
2024-07-23,PTBA,2351.3701171875
2024-07-24,PTBA,2324.7509765625
2024-07-25,PTBA,2315.877685546875
2024-07-26,PTBA,2360.2431640625
2024-07-29,PTBA,2369.116455078125
2024-07-30,PTBA,2342.4970703125
2024-07-31,PTBA,2377.989501953125
2024-08-01,PTBA,2369.116455078125
2024-08-02,PTBA,2413.48193359375
2024-08-05,PTBA,2271.51220703125
2024-08-06,PTBA,2298.131591796875
2024-08-07,PTBA,2315.877685546875
2024-08-08,PTBA,2298.131591796875
2024-08-09,PTBA,2289.258544921875
2024-08-12,PTBA,2351.3701171875
2024-08-13,PTBA,2360.2431640625
2024-08-14,PTBA,2413.48193359375
2024-08-15,PTBA,2395.735595703125
2024-08-16,PTBA,2422.35498046875
2024-08-19,PTBA,2404.608642578125
2024-08-20,PTBA,2413.48193359375
2024-08-21,PTBA,2404.608642578125
2024-08-22,PTBA,2413.48193359375
2024-08-23,PTBA,2448.97412109375
2024-08-26,PTBA,2457.847412109375
2024-08-27,PTBA,2466.720458984375
2024-08-28,PTBA,2466.720458984375
2024-08-29,PTBA,2466.720458984375
2024-08-30,PTBA,2422.35498046875
2024-09-02,PTBA,2502.212646484375
2024-09-03,PTBA,2484.466552734375
2024-09-04,PTBA,2448.97412109375
2024-09-05,PTBA,2440.10107421875
2024-09-06,PTBA,2404.608642578125
2024-09-09,PTBA,2377.989501953125
2024-09-10,PTBA,2369.116455078125
2024-09-11,PTBA,2360.2431640625
2024-09-12,PTBA,2413.48193359375
2024-09-13,PTBA,2422.35498046875
2024-09-17,PTBA,2484.466552734375
2024-09-18,PTBA,2466.720458984375
2024-09-19,PTBA,2466.720458984375
2024-09-20,PTBA,2617.56298828125
2024-09-23,PTBA,2768.405517578125
2024-09-24,PTBA,2750.659423828125
2024-09-25,PTBA,2732.913330078125
2024-09-26,PTBA,2759.532470703125
2024-09-27,PTBA,2786.15185546875
2024-09-30,PTBA,2732.913330078125
2024-10-01,PTBA,2724.0400390625
2024-10-02,PTBA,2706.2939453125
2024-10-03,PTBA,2715.1669921875
2024-10-04,PTBA,2653.055419921875
2024-10-07,PTBA,2750.659423828125
2024-10-08,PTBA,2732.913330078125
2024-10-09,PTBA,2706.2939453125
2024-10-10,PTBA,2679.674560546875
2024-10-11,PTBA,2688.5478515625
2024-10-14,PTBA,2750.659423828125
2024-10-15,PTBA,2750.659423828125
2024-10-16,PTBA,2732.913330078125
2024-10-17,PTBA,2715.1669921875
2024-10-18,PTBA,2706.2939453125
2024-10-21,PTBA,2679.674560546875
2024-10-22,PTBA,2697.4208984375
2024-10-23,PTBA,2617.56298828125
2024-10-24,PTBA,2590.943603515625
2024-10-25,PTBA,2555.451416015625
2024-10-28,PTBA,2546.578125
2024-10-29,PTBA,2528.83203125
2024-10-30,PTBA,2519.958984375
2024-10-31,PTBA,2626.43603515625
2024-11-01,PTBA,2590.943603515625
2024-11-04,PTBA,2546.578125
2024-11-05,PTBA,2564.324462890625
2024-11-06,PTBA,2537.705078125
2024-11-07,PTBA,2511.0859375
2024-11-08,PTBA,2484.466552734375
2024-11-11,PTBA,2457.847412109375
2024-11-12,PTBA,2546.578125
2024-11-13,PTBA,2493.339599609375
2024-11-14,PTBA,2457.847412109375
2024-11-15,PTBA,2440.10107421875
2024-11-18,PTBA,2413.48193359375
2024-11-19,PTBA,2457.847412109375
2024-11-20,PTBA,2431.22802734375
2024-11-21,PTBA,2413.48193359375
2024-11-22,PTBA,2457.847412109375
2024-11-25,PTBA,2484.466552734375
2024-11-26,PTBA,2448.97412109375
2024-11-28,PTBA,2475.593505859375
2024-11-29,PTBA,2395.735595703125
2024-12-02,PTBA,2369.116455078125
2024-12-03,PTBA,2395.735595703125
2024-12-04,PTBA,2404.608642578125
2024-12-05,PTBA,2431.22802734375
2024-12-06,PTBA,2422.35498046875
2024-12-09,PTBA,2440.10107421875
2024-12-10,PTBA,2511.0859375
2024-12-11,PTBA,2484.466552734375
2024-12-12,PTBA,2484.466552734375
2024-12-13,PTBA,2466.720458984375
2024-12-16,PTBA,2431.22802734375
2024-12-17,PTBA,2369.116455078125
2024-12-18,PTBA,2377.989501953125
2024-12-19,PTBA,2289.258544921875
2024-12-20,PTBA,2298.131591796875
2024-12-23,PTBA,2298.131591796875
2024-12-24,PTBA,2298.131591796875
2024-12-27,PTBA,2324.7509765625
2024-12-30,PTBA,2440.10107421875
2025-01-02,PTBA,2377.989501953125
2025-01-03,PTBA,2395.735595703125
2025-01-06,PTBA,2351.3701171875
2025-01-07,PTBA,2342.4970703125
2025-01-08,PTBA,2342.4970703125
2025-01-09,PTBA,2324.7509765625
2025-01-10,PTBA,2386.862548828125
2025-01-13,PTBA,2315.877685546875
2025-01-14,PTBA,2324.7509765625
2025-01-15,PTBA,2369.116455078125
2025-01-16,PTBA,2386.862548828125
2025-01-17,PTBA,2377.989501953125
2025-01-20,PTBA,2360.2431640625
2025-01-21,PTBA,2386.862548828125
2025-01-22,PTBA,2404.608642578125
2025-01-23,PTBA,2395.735595703125
2025-01-24,PTBA,2395.735595703125
2025-01-30,PTBA,2377.989501953125
2025-01-31,PTBA,2386.862548828125
2025-02-03,PTBA,2369.116455078125
2025-02-04,PTBA,2386.862548828125
2025-02-05,PTBA,2413.48193359375
2025-02-06,PTBA,2351.3701171875
2025-02-07,PTBA,2369.116455078125
2025-02-10,PTBA,2324.7509765625
2025-02-11,PTBA,2324.7509765625
2025-02-12,PTBA,2342.4970703125
2025-02-13,PTBA,2386.862548828125
2025-02-14,PTBA,2404.608642578125
2025-02-17,PTBA,2404.608642578125
2025-02-18,PTBA,2386.862548828125
2025-02-19,PTBA,2360.2431640625
2025-02-20,PTBA,2369.116455078125
2025-02-21,PTBA,2360.2431640625
2025-02-24,PTBA,2342.4970703125
2025-02-25,PTBA,2324.7509765625
2025-02-26,PTBA,2315.877685546875
2025-02-27,PTBA,2324.7509765625
2025-02-28,PTBA,2298.131591796875
2025-03-03,PTBA,2289.258544921875
2025-03-04,PTBA,2227.146728515625
2025-03-05,PTBA,2289.258544921875
2025-03-06,PTBA,2289.258544921875
2025-03-07,PTBA,2262.63916015625
2025-03-10,PTBA,2227.146728515625
2025-03-11,PTBA,2209.400634765625
2025-03-12,PTBA,2200.527587890625
2025-03-13,PTBA,2173.908203125
2025-03-14,PTBA,2173.908203125
2025-03-17,PTBA,2173.908203125
2025-03-18,PTBA,2147.2890625
2025-03-19,PTBA,2156.162109375
2025-03-20,PTBA,2138.415771484375
2025-03-21,PTBA,2058.55810546875
2025-03-24,PTBA,2040.8118896484375
2025-03-25,PTBA,2173.908203125
2025-03-26,PTBA,2227.146728515625
2025-03-27,PTBA,2236.02001953125
2025-04-08,PTBA,2147.2890625
2025-04-09,PTBA,2182.78125
2025-04-10,PTBA,2377.989501953125
2025-04-11,PTBA,2377.989501953125
2025-04-14,PTBA,2431.22802734375
2025-04-15,PTBA,2448.97412109375
2025-04-16,PTBA,2404.608642578125
2025-04-17,PTBA,2422.35498046875
2025-04-21,PTBA,2422.35498046875
2025-04-22,PTBA,2448.97412109375
2025-04-23,PTBA,2466.720458984375
2025-04-24,PTBA,2466.720458984375
2025-04-25,PTBA,2466.720458984375
2025-04-28,PTBA,2457.847412109375
2025-04-29,PTBA,2475.593505859375
2025-04-30,PTBA,2448.97412109375
2025-05-02,PTBA,2431.22802734375
2025-05-05,PTBA,2413.48193359375
2025-05-06,PTBA,2404.608642578125
2025-05-07,PTBA,2448.97412109375
2025-05-08,PTBA,2413.48193359375
2025-05-09,PTBA,2404.608642578125
2025-05-14,PTBA,2475.593505859375
2025-05-15,PTBA,2457.847412109375
2025-05-16,PTBA,2537.705078125
2025-05-19,PTBA,2573.197509765625
2025-05-20,PTBA,2502.212646484375
2025-05-21,PTBA,2475.593505859375
2025-05-22,PTBA,2502.212646484375
2025-05-23,PTBA,2519.958984375
2025-05-26,PTBA,2511.0859375
2025-05-27,PTBA,2528.83203125
2025-05-28,PTBA,2564.324462890625
2025-06-02,PTBA,2537.705078125
2025-06-03,PTBA,2537.705078125
2025-06-04,PTBA,2528.83203125
2025-06-05,PTBA,2546.578125
2025-06-10,PTBA,2626.43603515625
2025-06-11,PTBA,2670.801513671875
2025-06-12,PTBA,2644.182373046875
2025-06-13,PTBA,2635.30908203125
2025-06-16,PTBA,2670.801513671875
2025-06-17,PTBA,2688.5478515625
2025-06-18,PTBA,2679.674560546875
2025-06-19,PTBA,2653.055419921875
2025-06-20,PTBA,2617.56298828125
2025-06-23,PTBA,2510.0
2025-06-24,PTBA,2440.0
2025-06-25,PTBA,2420.0
2025-06-26,PTBA,2400.0
2025-06-30,PTBA,2460.0
2025-07-01,PTBA,2460.0
2025-07-02,PTBA,2440.0
2025-07-03,PTBA,2420.0
2025-07-04,PTBA,2430.0
2025-07-07,PTBA,2440.0
2025-07-08,PTBA,2400.0
2025-07-09,PTBA,2390.0
2025-07-10,PTBA,2430.0
2025-07-11,PTBA,2480.0
2025-07-14,PTBA,2490.0
2025-07-15,PTBA,2470.0
2025-07-16,PTBA,2460.0
2025-07-17,PTBA,2440.0
2025-07-18,PTBA,2450.0
2025-07-21,PTBA,2420.0
2025-07-22,PTBA,2420.0
2025-07-23,PTBA,2440.0
2025-07-24,PTBA,2470.0
2025-07-25,PTBA,2450.0
2025-07-28,PTBA,2460.0
2025-07-29,PTBA,2460.0
2025-07-30,PTBA,2450.0
2025-07-31,PTBA,2420.0
2025-08-01,PTBA,2420.0
2025-08-04,PTBA,2400.0
2025-08-05,PTBA,2400.0
2025-08-06,PTBA,2420.0
2025-08-07,PTBA,2400.0
2025-08-08,PTBA,2400.0
2025-08-11,PTBA,2410.0
2025-08-12,PTBA,2440.0
2025-08-13,PTBA,2450.0
2025-08-14,PTBA,2420.0
2025-08-15,PTBA,2420.0
2025-08-19,PTBA,2400.0
2025-08-20,PTBA,2430.0
2025-08-21,PTBA,2430.0
2025-08-22,PTBA,2420.0
2025-08-25,PTBA,2420.0
2025-08-26,PTBA,2500.0
2025-08-27,PTBA,2450.0
2025-08-28,PTBA,2430.0
2025-08-29,PTBA,2400.0
2025-09-01,PTBA,2400.0
2025-09-02,PTBA,2420.0
2025-09-03,PTBA,2420.0
2025-09-04,PTBA,2410.0
2025-09-08,PTBA,2410.0
2025-09-09,PTBA,2400.0
2025-09-10,PTBA,2380.0
2025-09-11,PTBA,2370.0
2025-09-12,PTBA,2390.0
2025-09-15,PTBA,2380.0
2025-09-16,PTBA,2380.0
2025-09-17,PTBA,2380.0
2025-09-18,PTBA,2360.0
2025-09-19,PTBA,2380.0
2025-09-22,PTBA,2370.0
2025-09-23,PTBA,2380.0
2025-09-24,PTBA,2380.0
2025-09-25,PTBA,2350.0
2025-09-26,PTBA,2350.0
2025-09-29,PTBA,2330.0
2025-09-30,PTBA,2350.0
2025-10-01,PTBA,2330.0
2025-10-02,PTBA,2310.0
2025-10-03,PTBA,2320.0
2025-10-06,PTBA,2310.0
2025-10-07,PTBA,2270.0
2025-10-08,PTBA,2270.0
2025-10-09,PTBA,2340.0
2025-10-10,PTBA,2380.0
2025-10-13,PTBA,2340.0
2025-10-14,PTBA,2300.0
2025-10-15,PTBA,2170.0
2025-10-16,PTBA,2210.0
2025-10-17,PTBA,2210.0
2025-10-20,PTBA,2270.0
2025-10-21,PTBA,2340.0
2025-10-22,PTBA,2290.0
2025-10-23,PTBA,2320.0
2025-10-24,PTBA,2350.0
2025-10-27,PTBA,2340.0
2025-10-28,PTBA,2350.0
2025-10-29,PTBA,2370.0
2025-10-30,PTBA,2430.0
2025-10-31,PTBA,2400.0
2025-11-03,PTBA,2400.0
2025-11-04,PTBA,2400.0
2025-11-05,PTBA,2380.0
2025-11-06,PTBA,2400.0
2025-11-07,PTBA,2390.0
2025-11-10,PTBA,2390.0
2025-11-11,PTBA,2390.0
2025-11-12,PTBA,2380.0
2025-11-13,PTBA,2360.0
2025-11-14,PTBA,2340.0
2025-11-17,PTBA,2350.0
2025-11-18,PTBA,2310.0
2025-11-19,PTBA,2320.0
2025-11-20,PTBA,2330.0
2025-11-21,PTBA,2320.0
2025-11-24,PTBA,2330.0
2025-11-25,PTBA,2310.0
2025-11-26,PTBA,2320.0
2025-11-27,PTBA,2300.0
2025-11-28,PTBA,2310.0
2025-12-01,PTBA,2290.0
2025-12-02,PTBA,2310.0
2025-12-03,PTBA,2310.0
2025-12-04,PTBA,2300.0
2025-12-05,PTBA,2300.0
2025-12-08,PTBA,2300.0
2025-12-09,PTBA,2290.0
2025-12-10,PTBA,2290.0
2025-12-11,PTBA,2260.0
2025-12-12,PTBA,2260.0
2025-12-15,PTBA,2260.0
2025-12-16,PTBA,2280.0
2025-12-17,PTBA,2270.0
2025-12-18,PTBA,2260.0
2025-12-19,PTBA,2270.0
2025-12-22,PTBA,2280.0
2025-12-23,PTBA,2280.0
2025-12-24,PTBA,2280.0
2025-12-29,PTBA,2320.0
2025-12-30,PTBA,2310.0
2026-01-02,PTBA,2320.0
2026-01-05,PTBA,2340.0
2026-01-06,PTBA,2370.0
2026-01-07,PTBA,2420.0
2026-01-08,PTBA,2390.0
2026-01-09,PTBA,2390.0
2026-01-12,PTBA,2380.0
2026-01-13,PTBA,2420.0
2026-01-14,PTBA,2440.0
2026-01-15,PTBA,2450.0
2026-01-19,PTBA,2460.0
2026-01-20,PTBA,2470.0
2026-01-21,PTBA,2480.0
2026-01-22,PTBA,2530.0
2026-01-23,PTBA,2560.0
2026-01-26,PTBA,2590.0
2022-12-30,SMGR,5865.1337890625
2023-01-02,SMGR,5909.73486328125
2023-01-03,SMGR,5976.6376953125
2023-01-04,SMGR,6043.5400390625
2023-01-05,SMGR,5976.6376953125
2023-01-06,SMGR,6311.1513671875
2023-01-09,SMGR,6400.3544921875
2023-01-10,SMGR,6288.85009765625
2023-01-11,SMGR,6244.24853515625
2023-01-12,SMGR,6601.0625
2023-01-13,SMGR,6422.6552734375
2023-01-16,SMGR,6601.0625
2023-01-17,SMGR,6444.9560546875
2023-01-18,SMGR,6244.24853515625
2023-01-19,SMGR,6355.7529296875
2023-01-20,SMGR,6288.85009765625
2023-01-24,SMGR,6333.45166015625
2023-01-25,SMGR,6288.85009765625
2023-01-26,SMGR,6534.15966796875
2023-01-27,SMGR,6489.55810546875
2023-01-30,SMGR,6444.9560546875
2023-01-31,SMGR,6601.0625
2023-02-01,SMGR,6534.15966796875
2023-02-02,SMGR,6534.15966796875
2023-02-03,SMGR,6489.55810546875
2023-02-06,SMGR,6467.25732421875
2023-02-07,SMGR,6467.25732421875
2023-02-08,SMGR,6444.9560546875
2023-02-09,SMGR,6534.15966796875
2023-02-10,SMGR,6913.27490234375
2023-02-13,SMGR,6779.4697265625
2023-02-14,SMGR,6824.0712890625
2023-02-15,SMGR,6801.7705078125
2023-02-16,SMGR,6712.56640625
2023-02-17,SMGR,6623.36376953125
2023-02-20,SMGR,6712.56640625
2023-02-21,SMGR,6757.1689453125
2023-02-22,SMGR,6623.36376953125
2023-02-23,SMGR,6801.7705078125
2023-02-24,SMGR,6601.0625
2023-02-27,SMGR,6578.76123046875
2023-02-28,SMGR,6444.9560546875
2023-03-01,SMGR,6467.25732421875
2023-03-02,SMGR,6378.0537109375
2023-03-03,SMGR,6400.3544921875
2023-03-06,SMGR,6355.7529296875
2023-03-07,SMGR,6311.1513671875
2023-03-08,SMGR,6155.044921875
2023-03-09,SMGR,6177.34619140625
2023-03-10,SMGR,6043.5400390625
2023-03-13,SMGR,5909.73486328125
2023-03-14,SMGR,5865.1337890625
2023-03-15,SMGR,5508.31884765625
2023-03-16,SMGR,5352.21337890625
2023-03-17,SMGR,5441.416015625
2023-03-20,SMGR,5419.11572265625
2023-03-21,SMGR,5575.2216796875
2023-03-24,SMGR,5619.82373046875
2023-03-27,SMGR,5575.2216796875
2023-03-28,SMGR,5686.72607421875
2023-03-29,SMGR,5686.72607421875
2023-03-30,SMGR,5686.72607421875
2023-03-31,SMGR,5619.82373046875
2023-04-03,SMGR,5664.42529296875
2023-04-04,SMGR,5686.72607421875
2023-04-05,SMGR,5374.51318359375
2023-04-06,SMGR,5374.51318359375
2023-04-10,SMGR,5396.81494140625
2023-04-11,SMGR,5486.0185546875
2023-04-12,SMGR,5530.6201171875
2023-04-13,SMGR,5441.416015625
2023-04-14,SMGR,5463.71728515625
2023-04-17,SMGR,5396.81494140625
2023-04-18,SMGR,5374.51318359375
2023-04-26,SMGR,5374.51318359375
2023-04-27,SMGR,5374.51318359375
2023-04-28,SMGR,5307.61083984375
2023-05-02,SMGR,5240.70849609375
2023-05-03,SMGR,5218.4072265625
2023-05-04,SMGR,5400.140625
2023-05-05,SMGR,5307.03466796875
2023-05-08,SMGR,5423.41748046875
2023-05-09,SMGR,5702.73486328125
2023-05-10,SMGR,5632.90576171875
2023-05-11,SMGR,5469.97021484375
2023-05-12,SMGR,5493.24658203125
2023-05-15,SMGR,5446.693359375
2023-05-16,SMGR,5493.24658203125
2023-05-17,SMGR,5516.52294921875
2023-05-19,SMGR,5516.52294921875
2023-05-22,SMGR,5632.90576171875
2023-05-23,SMGR,5539.79931640625
2023-05-24,SMGR,5516.52294921875
2023-05-25,SMGR,5493.24658203125
2023-05-26,SMGR,5493.24658203125
2023-05-29,SMGR,5493.24658203125
2023-05-30,SMGR,5493.24658203125
2023-05-31,SMGR,5400.140625
2023-06-05,SMGR,5423.41748046875
2023-06-06,SMGR,5446.693359375
2023-06-07,SMGR,5446.693359375
2023-06-08,SMGR,5469.97021484375
2023-06-09,SMGR,5516.52294921875
2023-06-12,SMGR,5632.90576171875
2023-06-13,SMGR,5586.3525390625
2023-06-14,SMGR,5563.076171875
2023-06-15,SMGR,5656.181640625
2023-06-16,SMGR,5586.3525390625
2023-06-19,SMGR,5586.3525390625
2023-06-20,SMGR,5609.62890625
2023-06-21,SMGR,5609.62890625
2023-06-22,SMGR,5609.62890625
2023-06-23,SMGR,5702.73486328125
2023-06-26,SMGR,5726.01123046875
2023-06-27,SMGR,5656.181640625
2023-07-03,SMGR,5656.181640625
2023-07-04,SMGR,5656.181640625
2023-07-05,SMGR,5749.28759765625
2023-07-06,SMGR,5819.1171875
2023-07-07,SMGR,5982.052734375
2023-07-10,SMGR,5982.052734375
2023-07-11,SMGR,6098.4345703125
2023-07-12,SMGR,6051.8818359375
2023-07-13,SMGR,6261.3701171875
2023-07-14,SMGR,6401.02880859375
2023-07-17,SMGR,6307.9228515625
2023-07-18,SMGR,6307.9228515625
2023-07-20,SMGR,6238.09375
2023-07-21,SMGR,6470.8583984375
2023-07-24,SMGR,6470.8583984375
2023-07-25,SMGR,6517.4111328125
2023-07-26,SMGR,6354.47607421875
2023-07-27,SMGR,6214.8173828125
2023-07-28,SMGR,6284.64697265625
2023-07-31,SMGR,6494.13525390625
2023-08-01,SMGR,6261.3701171875
2023-08-02,SMGR,6354.47607421875
2023-08-03,SMGR,6726.8994140625
2023-08-04,SMGR,6587.24072265625
2023-08-07,SMGR,6470.8583984375
2023-08-08,SMGR,6377.75244140625
2023-08-09,SMGR,6214.8173828125
2023-08-10,SMGR,6191.541015625
2023-08-11,SMGR,6261.3701171875
2023-08-14,SMGR,6377.75244140625
2023-08-15,SMGR,6377.75244140625
2023-08-16,SMGR,6447.58203125
2023-08-18,SMGR,6261.3701171875
2023-08-21,SMGR,6238.09375
2023-08-22,SMGR,6284.64697265625
2023-08-23,SMGR,6261.3701171875
2023-08-24,SMGR,6401.02880859375
2023-08-25,SMGR,6401.02880859375
2023-08-28,SMGR,6377.75244140625
2023-08-29,SMGR,6401.02880859375
2023-08-30,SMGR,6401.02880859375
2023-08-31,SMGR,6331.19970703125
2023-09-01,SMGR,6331.19970703125
2023-09-04,SMGR,6307.9228515625
2023-09-05,SMGR,6494.13525390625
2023-09-06,SMGR,6401.02880859375
2023-09-07,SMGR,6401.02880859375
2023-09-08,SMGR,6447.58203125
2023-09-11,SMGR,6610.5166015625
2023-09-12,SMGR,6540.6875
2023-09-13,SMGR,6494.13525390625
2023-09-14,SMGR,6517.4111328125
2023-09-15,SMGR,6517.4111328125
2023-09-18,SMGR,6401.02880859375
2023-09-19,SMGR,6377.75244140625
2023-09-20,SMGR,6401.02880859375
2023-09-21,SMGR,6424.3056640625
2023-09-22,SMGR,6377.75244140625
2023-09-25,SMGR,6191.541015625
2023-09-26,SMGR,6098.4345703125
2023-09-27,SMGR,6098.4345703125
2023-09-29,SMGR,5982.052734375
2023-10-02,SMGR,6028.60546875
2023-10-03,SMGR,5958.77587890625
2023-10-04,SMGR,5865.669921875
2023-10-05,SMGR,5819.1171875
2023-10-06,SMGR,5912.22314453125
2023-10-09,SMGR,6144.98828125
2023-10-10,SMGR,6121.71142578125
2023-10-11,SMGR,6075.15869140625
2023-10-12,SMGR,6098.4345703125
2023-10-13,SMGR,6121.71142578125
2023-10-16,SMGR,6005.3291015625
2023-10-17,SMGR,6121.71142578125
2023-10-18,SMGR,5958.77587890625
2023-10-19,SMGR,6028.60546875
2023-10-20,SMGR,5958.77587890625
2023-10-23,SMGR,5842.3935546875
2023-10-24,SMGR,5888.94677734375
2023-10-25,SMGR,5958.77587890625
2023-10-26,SMGR,5819.1171875
2023-10-27,SMGR,5749.28759765625
2023-10-30,SMGR,5679.45849609375
2023-10-31,SMGR,5679.45849609375
2023-11-01,SMGR,5632.90576171875
2023-11-02,SMGR,5819.1171875
2023-11-03,SMGR,5772.564453125
2023-11-06,SMGR,6028.60546875
2023-11-07,SMGR,6005.3291015625
2023-11-08,SMGR,5912.22314453125
2023-11-09,SMGR,5935.49951171875
2023-11-10,SMGR,5842.3935546875
2023-11-13,SMGR,5912.22314453125
2023-11-14,SMGR,5795.84033203125
2023-11-15,SMGR,5842.3935546875
2023-11-16,SMGR,5842.3935546875
2023-11-17,SMGR,6168.26416015625
2023-11-20,SMGR,6238.09375
2023-11-21,SMGR,6168.26416015625
2023-11-22,SMGR,6005.3291015625
2023-11-23,SMGR,6005.3291015625
2023-11-24,SMGR,5982.052734375
2023-11-27,SMGR,6051.8818359375
2023-11-28,SMGR,5958.77587890625
2023-11-29,SMGR,5958.77587890625
2023-11-30,SMGR,6051.8818359375
2023-12-01,SMGR,6098.4345703125
2023-12-04,SMGR,6005.3291015625
2023-12-05,SMGR,5935.49951171875
2023-12-06,SMGR,5982.052734375
2023-12-07,SMGR,5865.669921875
2023-12-08,SMGR,5865.669921875
2023-12-11,SMGR,5702.73486328125
2023-12-12,SMGR,5749.28759765625
2023-12-13,SMGR,5795.84033203125
2023-12-14,SMGR,5749.28759765625
2023-12-15,SMGR,5772.564453125
2023-12-18,SMGR,5702.73486328125
2023-12-19,SMGR,5749.28759765625
2023-12-20,SMGR,5795.84033203125
2023-12-21,SMGR,5726.01123046875
2023-12-22,SMGR,5842.3935546875
2023-12-27,SMGR,5842.3935546875
2023-12-28,SMGR,5842.3935546875
2023-12-29,SMGR,5958.77587890625
2024-01-02,SMGR,6028.60546875
2024-01-03,SMGR,5982.052734375
2024-01-04,SMGR,6028.60546875
2024-01-05,SMGR,5935.49951171875
2024-01-08,SMGR,5819.1171875
2024-01-09,SMGR,5865.669921875
2024-01-10,SMGR,5888.94677734375
2024-01-11,SMGR,5819.1171875
2024-01-12,SMGR,5842.3935546875
2024-01-15,SMGR,5842.3935546875
2024-01-16,SMGR,5749.28759765625
2024-01-17,SMGR,5656.181640625
2024-01-18,SMGR,5632.90576171875
2024-01-19,SMGR,5632.90576171875
2024-01-22,SMGR,5586.3525390625
2024-01-23,SMGR,5563.076171875
2024-01-24,SMGR,5609.62890625
2024-01-25,SMGR,5726.01123046875
2024-01-26,SMGR,5749.28759765625
2024-01-29,SMGR,5772.564453125
2024-01-30,SMGR,5749.28759765625
2024-01-31,SMGR,5772.564453125
2024-02-01,SMGR,5888.94677734375
2024-02-02,SMGR,5888.94677734375
2024-02-05,SMGR,5842.3935546875
2024-02-06,SMGR,5819.1171875
2024-02-07,SMGR,5726.01123046875
2024-02-12,SMGR,5772.564453125
2024-02-13,SMGR,5726.01123046875
2024-02-15,SMGR,6051.8818359375
2024-02-16,SMGR,6051.8818359375
2024-02-19,SMGR,5888.94677734375
2024-02-20,SMGR,5842.3935546875
2024-02-21,SMGR,5795.84033203125
2024-02-22,SMGR,5726.01123046875
2024-02-23,SMGR,5679.45849609375
2024-02-26,SMGR,5632.90576171875
2024-02-27,SMGR,5609.62890625
2024-02-28,SMGR,5609.62890625
2024-02-29,SMGR,5679.45849609375
2024-03-01,SMGR,5702.73486328125
2024-03-04,SMGR,5632.90576171875
2024-03-05,SMGR,5563.076171875
2024-03-06,SMGR,5539.79931640625
2024-03-07,SMGR,5516.52294921875
2024-03-08,SMGR,5493.24658203125
2024-03-13,SMGR,5353.587890625
2024-03-14,SMGR,5400.140625
2024-03-15,SMGR,5446.693359375
2024-03-18,SMGR,5307.03466796875
2024-03-19,SMGR,5260.48193359375
2024-03-20,SMGR,5330.3115234375
2024-03-21,SMGR,5353.587890625
2024-03-22,SMGR,5400.140625
2024-03-25,SMGR,5423.41748046875
2024-03-26,SMGR,5446.693359375
2024-03-27,SMGR,5516.52294921875
2024-03-28,SMGR,5493.24658203125
2024-04-01,SMGR,5469.97021484375
2024-04-02,SMGR,5376.8642578125
2024-04-03,SMGR,5307.03466796875
2024-04-04,SMGR,5307.03466796875
2024-04-05,SMGR,5260.48193359375
2024-04-16,SMGR,5190.65234375
2024-04-17,SMGR,4981.16455078125
2024-04-18,SMGR,4981.16455078125
2024-04-19,SMGR,4725.12353515625
2024-04-22,SMGR,4678.56982421875
2024-04-23,SMGR,4543.56689453125
2024-04-24,SMGR,4469.08203125
2024-04-25,SMGR,4469.08203125
2024-04-26,SMGR,4264.24951171875
2024-04-29,SMGR,4301.4912109375
2024-04-30,SMGR,4348.04443359375
2024-05-02,SMGR,4413.21875
2024-05-03,SMGR,4310.80224609375
2024-05-06,SMGR,4375.97607421875
2024-05-07,SMGR,4375.97607421875
2024-05-08,SMGR,4171.1435546875
2024-05-13,SMGR,4078.037109375
2024-05-14,SMGR,3929.06787109375
2024-05-15,SMGR,3835.9619140625
2024-05-16,SMGR,3916.5048828125
2024-05-17,SMGR,3859.468505859375
2024-05-20,SMGR,3792.92578125
2024-05-21,SMGR,3792.92578125
2024-05-22,SMGR,3754.901611328125
2024-05-27,SMGR,3574.2861328125
2024-05-28,SMGR,3593.298095703125
2024-05-29,SMGR,3574.2861328125
2024-05-30,SMGR,3507.743408203125
2024-05-31,SMGR,3317.6220703125
2024-06-03,SMGR,3374.658203125
2024-06-04,SMGR,3640.82861328125
2024-06-05,SMGR,3669.346923828125
2024-06-06,SMGR,3754.901611328125
2024-06-07,SMGR,3811.93798828125
2024-06-10,SMGR,3897.49267578125
2024-06-11,SMGR,3688.35888671875
2024-06-12,SMGR,3431.69482421875
2024-06-13,SMGR,3479.22509765625
2024-06-14,SMGR,3270.09130859375
2024-06-19,SMGR,3336.634033203125
2024-06-20,SMGR,3327.1279296875
2024-06-21,SMGR,3517.24951171875
2024-06-24,SMGR,3507.743408203125
2024-06-25,SMGR,3479.22509765625
2024-06-26,SMGR,3450.706787109375
2024-06-27,SMGR,3422.188720703125
2024-06-28,SMGR,3545.767822265625
2024-07-01,SMGR,3726.38330078125
2024-07-02,SMGR,3764.407470703125
2024-07-03,SMGR,3840.456298828125
2024-07-04,SMGR,3745.3955078125
2024-07-05,SMGR,3754.901611328125
2024-07-08,SMGR,3992.5537109375
2024-07-09,SMGR,3973.541259765625
2024-07-10,SMGR,3849.96240234375
2024-07-11,SMGR,3811.93798828125
2024-07-12,SMGR,3887.986572265625
2024-07-15,SMGR,3859.468505859375
2024-07-16,SMGR,3859.468505859375
2024-07-17,SMGR,3868.974365234375
2024-07-18,SMGR,3878.480712890625
2024-07-19,SMGR,3859.468505859375
2024-07-22,SMGR,3916.5048828125
2024-07-23,SMGR,3859.468505859375
2024-07-24,SMGR,3859.468505859375
2024-07-25,SMGR,3783.419677734375
2024-07-26,SMGR,3811.93798828125
2024-07-29,SMGR,3792.92578125
2024-07-30,SMGR,3707.37109375
2024-07-31,SMGR,3716.877197265625
2024-08-01,SMGR,3659.840576171875
2024-08-02,SMGR,3669.346923828125
2024-08-05,SMGR,3593.298095703125
2024-08-06,SMGR,3602.80419921875
2024-08-07,SMGR,3593.298095703125
2024-08-08,SMGR,3564.780029296875
2024-08-09,SMGR,3583.7919921875
2024-08-12,SMGR,3650.334716796875
2024-08-13,SMGR,3802.431884765625
2024-08-14,SMGR,3859.468505859375
2024-08-15,SMGR,3811.93798828125
2024-08-16,SMGR,3849.96240234375
2024-08-19,SMGR,3926.010986328125
2024-08-20,SMGR,3954.529296875
2024-08-21,SMGR,3868.974365234375
2024-08-22,SMGR,3802.431884765625
2024-08-23,SMGR,3840.456298828125
2024-08-26,SMGR,3811.93798828125
2024-08-27,SMGR,3773.913818359375
2024-08-28,SMGR,3821.444091796875
2024-08-29,SMGR,3821.444091796875
2024-08-30,SMGR,3811.93798828125
2024-09-02,SMGR,3887.986572265625
2024-09-03,SMGR,3830.9501953125
2024-09-04,SMGR,3783.419677734375
2024-09-05,SMGR,3830.9501953125
2024-09-06,SMGR,3821.444091796875
2024-09-09,SMGR,3802.431884765625
2024-09-10,SMGR,3802.431884765625
2024-09-11,SMGR,3773.913818359375
2024-09-12,SMGR,3764.407470703125
2024-09-13,SMGR,3754.901611328125
2024-09-17,SMGR,3764.407470703125
2024-09-18,SMGR,3716.877197265625
2024-09-19,SMGR,3697.864990234375
2024-09-20,SMGR,3716.877197265625
2024-09-23,SMGR,3640.82861328125
2024-09-24,SMGR,3631.322509765625
2024-09-25,SMGR,3678.85302734375
2024-09-26,SMGR,3707.37109375
2024-09-27,SMGR,3659.840576171875
2024-09-30,SMGR,3602.80419921875
2024-10-01,SMGR,3688.35888671875
2024-10-02,SMGR,3707.37109375
2024-10-03,SMGR,3840.456298828125
2024-10-04,SMGR,3830.9501953125
2024-10-07,SMGR,3830.9501953125
2024-10-08,SMGR,3821.444091796875
2024-10-09,SMGR,3811.93798828125
2024-10-10,SMGR,3849.96240234375
2024-10-11,SMGR,4097.12060546875
2024-10-14,SMGR,3935.51708984375
2024-10-15,SMGR,4011.5654296875
2024-10-16,SMGR,4116.13232421875
2024-10-17,SMGR,4344.2783203125
2024-10-18,SMGR,4296.748046875
2024-10-21,SMGR,4192.18115234375
2024-10-22,SMGR,4097.12060546875
2024-10-23,SMGR,4068.60205078125
2024-10-24,SMGR,4078.108154296875
2024-10-25,SMGR,4173.1689453125
2024-10-28,SMGR,3935.51708984375
2024-10-29,SMGR,3906.998779296875
2024-10-30,SMGR,3716.877197265625
2024-10-31,SMGR,3754.901611328125
2024-11-01,SMGR,3621.81640625
2024-11-04,SMGR,3431.69482421875
2024-11-05,SMGR,3450.706787109375
2024-11-06,SMGR,3469.71923828125
2024-11-07,SMGR,3479.22509765625
2024-11-08,SMGR,3450.706787109375
2024-11-11,SMGR,3374.658203125
2024-11-12,SMGR,3422.188720703125
2024-11-13,SMGR,3507.743408203125
2024-11-14,SMGR,3450.706787109375
2024-11-15,SMGR,3365.15234375
2024-11-18,SMGR,3374.658203125
2024-11-19,SMGR,3498.237548828125
2024-11-20,SMGR,3441.200927734375
2024-11-21,SMGR,3422.188720703125
2024-11-22,SMGR,3412.6826171875
2024-11-25,SMGR,3469.71923828125
2024-11-26,SMGR,3422.188720703125
2024-11-28,SMGR,3431.69482421875
2024-11-29,SMGR,3327.1279296875
2024-12-02,SMGR,3251.079345703125
2024-12-03,SMGR,3127.500244140625
2024-12-04,SMGR,3270.09130859375
2024-12-05,SMGR,3203.548828125
2024-12-06,SMGR,3117.994140625
2024-12-09,SMGR,3146.512451171875
2024-12-10,SMGR,3146.512451171875
2024-12-11,SMGR,3270.09130859375
2024-12-12,SMGR,3213.05517578125
2024-12-13,SMGR,3232.067138671875
2024-12-16,SMGR,3194.042724609375
2024-12-17,SMGR,3127.500244140625
2024-12-18,SMGR,3213.05517578125
2024-12-19,SMGR,3117.994140625
2024-12-20,SMGR,3098.98193359375
2024-12-23,SMGR,3184.536865234375
2024-12-24,SMGR,3079.969970703125
2024-12-27,SMGR,3137.00634765625
2024-12-30,SMGR,3127.500244140625
2025-01-02,SMGR,3117.994140625
2025-01-03,SMGR,3108.48828125
2025-01-06,SMGR,3060.95751953125
2025-01-07,SMGR,3022.933349609375
2025-01-08,SMGR,2899.3544921875
2025-01-09,SMGR,2823.3056640625
2025-01-10,SMGR,2832.811767578125
2025-01-13,SMGR,2775.775146484375
2025-01-14,SMGR,2642.690185546875
2025-01-15,SMGR,2737.7509765625
2025-01-16,SMGR,2709.232666015625
2025-01-17,SMGR,2709.232666015625
2025-01-20,SMGR,2794.78759765625
2025-01-21,SMGR,2861.330078125
2025-01-22,SMGR,2804.29345703125
2025-01-23,SMGR,2842.31787109375
2025-01-24,SMGR,2794.78759765625
2025-01-30,SMGR,2699.7265625
2025-01-31,SMGR,2671.20849609375
2025-02-03,SMGR,2623.677978515625
2025-02-04,SMGR,2737.7509765625
2025-02-05,SMGR,2737.7509765625
2025-02-06,SMGR,2633.18408203125
2025-02-07,SMGR,2566.6416015625
2025-02-10,SMGR,2519.111083984375
2025-02-11,SMGR,2462.07470703125
2025-02-12,SMGR,2424.05029296875
2025-02-13,SMGR,2519.111083984375
2025-02-14,SMGR,2652.1962890625
2025-02-17,SMGR,2652.1962890625
2025-02-18,SMGR,2661.702392578125
2025-02-19,SMGR,2690.220703125
2025-02-20,SMGR,2642.690185546875
2025-02-21,SMGR,2652.1962890625
2025-02-24,SMGR,2642.690185546875
2025-02-25,SMGR,2652.1962890625
2025-02-26,SMGR,2547.62939453125
2025-02-27,SMGR,2462.07470703125
2025-02-28,SMGR,2214.91650390625
2025-03-03,SMGR,2224.422607421875
2025-03-04,SMGR,2100.84375
2025-03-05,SMGR,2157.880126953125
2025-03-06,SMGR,2214.91650390625
2025-03-07,SMGR,2243.434814453125
2025-03-10,SMGR,2319.4833984375
2025-03-11,SMGR,2214.91650390625
2025-03-12,SMGR,2224.422607421875
2025-03-13,SMGR,2214.91650390625
2025-03-14,SMGR,2148.3740234375
2025-03-17,SMGR,2148.3740234375
2025-03-18,SMGR,2100.84375
2025-03-19,SMGR,2119.855712890625
2025-03-20,SMGR,2138.867919921875
2025-03-21,SMGR,2015.2889404296875
2025-03-24,SMGR,2110.349609375
2025-03-25,SMGR,2386.026123046875
2025-03-26,SMGR,2614.172119140625
2025-03-27,SMGR,2519.111083984375
2025-04-08,SMGR,2148.3740234375
2025-04-09,SMGR,1986.7706298828125
2025-04-10,SMGR,2053.313232421875
2025-04-11,SMGR,2034.301025390625
2025-04-14,SMGR,2338.49560546875
2025-04-15,SMGR,2376.52001953125
2025-04-16,SMGR,2328.989501953125
2025-04-17,SMGR,2328.989501953125
2025-04-21,SMGR,2252.94091796875
2025-04-22,SMGR,2414.544189453125
2025-04-23,SMGR,2424.05029296875
2025-04-24,SMGR,2405.038330078125
2025-04-25,SMGR,2471.58056640625
2025-04-28,SMGR,2443.0625
2025-04-29,SMGR,2433.556396484375
2025-04-30,SMGR,2481.0869140625
2025-05-02,SMGR,2414.544189453125
2025-05-05,SMGR,2424.05029296875
2025-05-06,SMGR,2424.05029296875
2025-05-07,SMGR,2386.026123046875
2025-05-08,SMGR,2367.013916015625
2025-05-09,SMGR,2290.965087890625
2025-05-14,SMGR,2395.531982421875
2025-05-15,SMGR,2395.531982421875
2025-05-16,SMGR,2443.0625
2025-05-19,SMGR,2576.1474609375
2025-05-20,SMGR,2405.038330078125
2025-05-21,SMGR,2443.0625
2025-05-22,SMGR,2538.123291015625
2025-05-23,SMGR,2585.65380859375
2025-05-26,SMGR,2718.739013671875
2025-05-27,SMGR,2699.7265625
2025-05-28,SMGR,2671.20849609375
2025-06-02,SMGR,2623.677978515625
2025-06-03,SMGR,2690.220703125
2025-06-04,SMGR,2652.1962890625
2025-06-05,SMGR,2697.697998046875
2025-06-10,SMGR,2825.69091796875
2025-06-11,SMGR,2786.30859375
2025-06-12,SMGR,2874.9189453125
2025-06-13,SMGR,2855.227783203125
2025-06-16,SMGR,2835.53662109375
2025-06-17,SMGR,2865.073486328125
2025-06-18,SMGR,2825.69091796875
2025-06-19,SMGR,2687.852294921875
2025-06-20,SMGR,2638.624267578125
2025-06-23,SMGR,2490.940185546875
2025-06-24,SMGR,2559.859375
2025-06-25,SMGR,2559.859375
2025-06-26,SMGR,2540.168212890625
2025-06-30,SMGR,2648.469970703125
2025-07-01,SMGR,2609.08740234375
2025-07-02,SMGR,2579.55078125
2025-07-03,SMGR,2638.624267578125
2025-07-04,SMGR,2618.93310546875
2025-07-07,SMGR,2638.624267578125
2025-07-08,SMGR,2638.624267578125
2025-07-09,SMGR,2687.852294921875
2025-07-10,SMGR,2707.543701171875
2025-07-11,SMGR,2756.771728515625
2025-07-14,SMGR,2697.697998046875
2025-07-15,SMGR,2687.852294921875
2025-07-16,SMGR,2756.771728515625
2025-07-17,SMGR,2658.315673828125
2025-07-18,SMGR,2550.013916015625
2025-07-21,SMGR,2451.5576171875
2025-07-22,SMGR,2372.792724609375
2025-07-23,SMGR,2431.866455078125
2025-07-24,SMGR,2461.4033203125
2025-07-25,SMGR,2431.866455078125
2025-07-28,SMGR,2441.712158203125
2025-07-29,SMGR,2520.47705078125
2025-07-30,SMGR,2471.2490234375
2025-07-31,SMGR,2422.020751953125
2025-08-01,SMGR,2471.2490234375
2025-08-04,SMGR,2422.020751953125
2025-08-05,SMGR,2471.2490234375
2025-08-06,SMGR,2481.094482421875
2025-08-07,SMGR,2451.5576171875
2025-08-08,SMGR,2441.712158203125
2025-08-11,SMGR,2628.77880859375
2025-08-12,SMGR,2589.396240234375
2025-08-13,SMGR,2589.396240234375
2025-08-14,SMGR,2609.08740234375
2025-08-15,SMGR,2559.859375
2025-08-19,SMGR,2658.315673828125
2025-08-20,SMGR,2776.462890625
2025-08-21,SMGR,2727.23486328125
2025-08-22,SMGR,2707.543701171875
2025-08-25,SMGR,2766.617431640625
2025-08-26,SMGR,2727.23486328125
2025-08-27,SMGR,2687.852294921875
2025-08-28,SMGR,2687.852294921875
2025-08-29,SMGR,2609.08740234375
2025-09-01,SMGR,2678.0068359375
2025-09-02,SMGR,2668.1611328125
2025-09-03,SMGR,2756.771728515625
2025-09-04,SMGR,2737.08056640625
2025-09-08,SMGR,2737.08056640625
2025-09-09,SMGR,2697.697998046875
2025-09-10,SMGR,2668.1611328125
2025-09-11,SMGR,2737.08056640625
2025-09-12,SMGR,2825.69091796875
2025-09-15,SMGR,2845.38232421875
2025-09-16,SMGR,2884.7646484375
2025-09-17,SMGR,2894.6103515625
2025-09-18,SMGR,2845.38232421875
2025-09-19,SMGR,2825.69091796875
2025-09-22,SMGR,2865.073486328125
2025-09-23,SMGR,2865.073486328125
2025-09-24,SMGR,2845.38232421875
2025-09-25,SMGR,2815.845458984375
2025-09-26,SMGR,2796.154052734375
2025-09-29,SMGR,2835.53662109375
2025-09-30,SMGR,2796.154052734375
2025-10-01,SMGR,2776.462890625
2025-10-02,SMGR,2687.852294921875
2025-10-03,SMGR,2668.1611328125
2025-10-06,SMGR,2668.1611328125
2025-10-07,SMGR,2569.705078125
2025-10-08,SMGR,2530.322509765625
2025-10-09,SMGR,2540.168212890625
2025-10-10,SMGR,2550.013916015625
2025-10-13,SMGR,2500.78564453125
2025-10-14,SMGR,2431.866455078125
2025-10-15,SMGR,2520.47705078125
2025-10-16,SMGR,2382.638427734375
2025-10-17,SMGR,2353.1015625
2025-10-20,SMGR,2471.2490234375
2025-10-21,SMGR,2530.322509765625
2025-10-22,SMGR,2530.322509765625
2025-10-23,SMGR,2618.93310546875
2025-10-24,SMGR,2618.93310546875
2025-10-27,SMGR,2697.697998046875
2025-10-28,SMGR,2668.1611328125
2025-10-29,SMGR,2668.1611328125
2025-10-30,SMGR,2678.0068359375
2025-10-31,SMGR,2717.38916015625
2025-11-03,SMGR,2756.771728515625
2025-11-04,SMGR,2727.23486328125
2025-11-05,SMGR,2756.771728515625
2025-11-06,SMGR,2845.38232421875
2025-11-07,SMGR,2835.53662109375
2025-11-10,SMGR,2717.38916015625
2025-11-11,SMGR,2648.469970703125
2025-11-12,SMGR,2648.469970703125
2025-11-13,SMGR,2618.93310546875
2025-11-14,SMGR,2559.859375
2025-11-17,SMGR,2559.859375
2025-11-18,SMGR,2500.78564453125
2025-11-19,SMGR,2668.1611328125
2025-11-20,SMGR,2609.08740234375
2025-11-21,SMGR,2658.315673828125
2025-11-24,SMGR,2579.55078125
2025-11-25,SMGR,2510.63134765625
2025-11-26,SMGR,2914.301513671875
2025-11-27,SMGR,2825.69091796875
2025-11-28,SMGR,2865.073486328125
2025-12-01,SMGR,2825.69091796875
2025-12-02,SMGR,2766.617431640625
2025-12-03,SMGR,2815.845458984375
2025-12-04,SMGR,2756.771728515625
2025-12-05,SMGR,2865.073486328125
2025-12-08,SMGR,2845.38232421875
2025-12-09,SMGR,2865.073486328125
2025-12-10,SMGR,2766.617431640625
2025-12-11,SMGR,2786.30859375
2025-12-12,SMGR,2727.23486328125
2025-12-15,SMGR,2707.543701171875
2025-12-16,SMGR,2727.23486328125
2025-12-17,SMGR,2707.543701171875
2025-12-18,SMGR,2618.93310546875
2025-12-19,SMGR,2628.77880859375
2025-12-22,SMGR,2658.315673828125
2025-12-23,SMGR,2589.396240234375
2025-12-24,SMGR,2628.77880859375
2025-12-29,SMGR,2579.55078125
2025-12-30,SMGR,2599.241943359375
2026-01-02,SMGR,2618.93310546875
2026-01-05,SMGR,2609.08740234375
2026-01-06,SMGR,2569.705078125
2026-01-07,SMGR,2589.396240234375
2026-01-08,SMGR,2569.705078125
2026-01-09,SMGR,2589.396240234375
2026-01-12,SMGR,2609.08740234375
2026-01-13,SMGR,2589.396240234375
2026-01-14,SMGR,2569.705078125
2026-01-15,SMGR,2599.241943359375
2026-01-19,SMGR,2628.77880859375
2026-01-20,SMGR,2599.241943359375
2026-01-21,SMGR,2569.705078125
2026-01-22,SMGR,2609.08740234375
2026-01-23,SMGR,2687.852294921875
2026-01-26,SMGR,2648.469970703125
2022-12-30,TBIG,2148.02685546875
2023-01-02,TBIG,2138.6875
2023-01-03,TBIG,2176.044677734375
2023-01-04,TBIG,2176.044677734375
2023-01-05,TBIG,2026.616943359375
2023-01-06,TBIG,1989.259521484375
2023-01-09,TBIG,2035.9556884765625
2023-01-10,TBIG,2063.9736328125
2023-01-11,TBIG,2082.652099609375
2023-01-12,TBIG,2129.348388671875
2023-01-13,TBIG,2007.938232421875
2023-01-16,TBIG,1933.22412109375
2023-01-17,TBIG,1961.241943359375
2023-01-18,TBIG,1951.902587890625
2023-01-19,TBIG,1998.5986328125
2023-01-20,TBIG,2035.9556884765625
2023-01-24,TBIG,2045.294921875
2023-01-25,TBIG,1998.5986328125
2023-01-26,TBIG,1979.9205322265625
2023-01-27,TBIG,1970.5811767578125
2023-01-30,TBIG,1923.8848876953125
2023-01-31,TBIG,1961.241943359375
2023-02-01,TBIG,2007.938232421875
2023-02-02,TBIG,1970.5811767578125
2023-02-03,TBIG,1979.9205322265625
2023-02-06,TBIG,1942.563232421875
2023-02-07,TBIG,1923.8848876953125
2023-02-08,TBIG,1961.241943359375
2023-02-09,TBIG,1979.9205322265625
2023-02-10,TBIG,1979.9205322265625
2023-02-13,TBIG,1942.563232421875
2023-02-14,TBIG,1989.259521484375
2023-02-15,TBIG,2054.63427734375
2023-02-16,TBIG,2091.9912109375
2023-02-17,TBIG,2007.938232421875
2023-02-20,TBIG,2026.616943359375
2023-02-21,TBIG,2007.938232421875
2023-02-22,TBIG,1951.902587890625
2023-02-23,TBIG,1942.563232421875
2023-02-24,TBIG,1979.9205322265625
2023-02-27,TBIG,1961.241943359375
2023-02-28,TBIG,1951.902587890625
2023-03-01,TBIG,1923.8848876953125
2023-03-02,TBIG,1970.5811767578125
2023-03-03,TBIG,2082.652099609375
2023-03-06,TBIG,2017.27734375
2023-03-07,TBIG,1961.241943359375
2023-03-08,TBIG,1961.241943359375
2023-03-09,TBIG,2063.9736328125
2023-03-10,TBIG,2007.938232421875
2023-03-13,TBIG,1998.5986328125
2023-03-14,TBIG,1979.9205322265625
2023-03-15,TBIG,1961.241943359375
2023-03-16,TBIG,1979.9205322265625
2023-03-17,TBIG,1961.241943359375
2023-03-20,TBIG,1970.5811767578125
2023-03-21,TBIG,1942.563232421875
2023-03-24,TBIG,1914.545654296875
2023-03-27,TBIG,1979.9205322265625
2023-03-28,TBIG,2026.616943359375
2023-03-29,TBIG,2063.9736328125
2023-03-30,TBIG,2017.27734375
2023-03-31,TBIG,2017.27734375
2023-04-03,TBIG,2007.938232421875
2023-04-04,TBIG,1961.241943359375
2023-04-05,TBIG,1979.9205322265625
2023-04-06,TBIG,1951.902587890625
2023-04-10,TBIG,1970.5811767578125
2023-04-11,TBIG,1989.259521484375
2023-04-12,TBIG,1979.9205322265625
2023-04-13,TBIG,1970.5811767578125
2023-04-14,TBIG,1989.259521484375
2023-04-17,TBIG,1998.5986328125
2023-04-18,TBIG,1942.563232421875
2023-04-26,TBIG,1951.902587890625
2023-04-27,TBIG,1951.902587890625
2023-04-28,TBIG,1923.8848876953125
2023-05-02,TBIG,1793.135498046875
2023-05-03,TBIG,1867.849365234375
2023-05-04,TBIG,1886.5279541015625
2023-05-05,TBIG,1914.545654296875
2023-05-08,TBIG,1905.206298828125
2023-05-09,TBIG,1877.1885986328125
2023-05-10,TBIG,1942.563232421875
2023-05-11,TBIG,1933.22412109375
2023-05-12,TBIG,1877.1885986328125
2023-05-15,TBIG,1933.22412109375
2023-05-16,TBIG,1877.1885986328125
2023-05-17,TBIG,1877.1885986328125
2023-05-19,TBIG,1867.849365234375
2023-05-22,TBIG,1839.8316650390625
2023-05-23,TBIG,1816.4835205078125
2023-05-24,TBIG,1863.179931640625
2023-05-25,TBIG,1914.545654296875
2023-05-26,TBIG,1979.9205322265625
2023-05-29,TBIG,1989.259521484375
2023-05-30,TBIG,1970.5811767578125
2023-05-31,TBIG,1989.259521484375
2023-06-05,TBIG,1998.5986328125
2023-06-06,TBIG,2054.63427734375
2023-06-07,TBIG,2082.652099609375
2023-06-08,TBIG,2026.616943359375
2023-06-09,TBIG,1979.9205322265625
2023-06-12,TBIG,2026.616943359375
2023-06-13,TBIG,1993.7159423828125
2023-06-14,TBIG,1993.7159423828125
2023-06-15,TBIG,1974.728271484375
2023-06-16,TBIG,1927.2586669921875
2023-06-19,TBIG,2003.209716796875
2023-06-20,TBIG,1946.2464599609375
2023-06-21,TBIG,1974.728271484375
2023-06-22,TBIG,1927.2586669921875
2023-06-23,TBIG,1927.2586669921875
2023-06-26,TBIG,1917.7650146484375
2023-06-27,TBIG,1908.2711181640625
2023-07-03,TBIG,1889.283203125
2023-07-04,TBIG,1898.777099609375
2023-07-05,TBIG,1917.7650146484375
2023-07-06,TBIG,1917.7650146484375
2023-07-07,TBIG,1898.777099609375
2023-07-10,TBIG,1898.777099609375
2023-07-11,TBIG,1889.283203125
2023-07-12,TBIG,1889.283203125
2023-07-13,TBIG,1841.8138427734375
2023-07-14,TBIG,1870.2955322265625
2023-07-17,TBIG,1860.801513671875
2023-07-18,TBIG,1856.0546875
2023-07-20,TBIG,1860.801513671875
2023-07-21,TBIG,1879.789306640625
2023-07-24,TBIG,1917.7650146484375
2023-07-25,TBIG,1936.752685546875
2023-07-26,TBIG,1875.0423583984375
2023-07-27,TBIG,1813.33203125
2023-07-28,TBIG,1794.344482421875
2023-07-31,TBIG,1832.3199462890625
2023-08-01,TBIG,1780.103515625
2023-08-02,TBIG,1803.83837890625
2023-08-03,TBIG,1803.83837890625
2023-08-04,TBIG,1851.3077392578125
2023-08-07,TBIG,1851.3077392578125
2023-08-08,TBIG,1856.0546875
2023-08-09,TBIG,1884.536376953125
2023-08-10,TBIG,1870.2955322265625
2023-08-11,TBIG,1879.789306640625
2023-08-14,TBIG,1898.777099609375
2023-08-15,TBIG,1984.2220458984375
2023-08-16,TBIG,1984.2220458984375
2023-08-18,TBIG,1955.740478515625
2023-08-21,TBIG,1946.2464599609375
2023-08-22,TBIG,2031.69140625
2023-08-23,TBIG,1993.7159423828125
2023-08-24,TBIG,1965.234375
2023-08-25,TBIG,1974.728271484375
2023-08-28,TBIG,1993.7159423828125
2023-08-29,TBIG,1993.7159423828125
2023-08-30,TBIG,1993.7159423828125
2023-08-31,TBIG,1993.7159423828125
2023-09-01,TBIG,1927.2586669921875
2023-09-04,TBIG,1965.234375
2023-09-05,TBIG,1946.2464599609375
2023-09-06,TBIG,1955.740478515625
2023-09-07,TBIG,1993.7159423828125
2023-09-08,TBIG,1993.7159423828125
2023-09-11,TBIG,1993.7159423828125
2023-09-12,TBIG,1965.234375
2023-09-13,TBIG,1946.2464599609375
2023-09-14,TBIG,1927.2586669921875
2023-09-15,TBIG,1917.7650146484375
2023-09-18,TBIG,1946.2464599609375
2023-09-19,TBIG,1927.2586669921875
2023-09-20,TBIG,1946.2464599609375
2023-09-21,TBIG,1936.752685546875
2023-09-22,TBIG,1946.2464599609375
2023-09-25,TBIG,1898.777099609375
2023-09-26,TBIG,1894.0301513671875
2023-09-27,TBIG,1908.2711181640625
2023-09-29,TBIG,1917.7650146484375
2023-10-02,TBIG,1894.0301513671875
2023-10-03,TBIG,1870.2955322265625
2023-10-04,TBIG,1889.283203125
2023-10-05,TBIG,1898.777099609375
2023-10-06,TBIG,1908.2711181640625
2023-10-09,TBIG,1889.283203125
2023-10-10,TBIG,1851.3077392578125
2023-10-11,TBIG,1860.801513671875
2023-10-12,TBIG,1851.3077392578125
2023-10-13,TBIG,1818.0792236328125
2023-10-16,TBIG,1851.3077392578125
2023-10-17,TBIG,1860.801513671875
2023-10-18,TBIG,1856.0546875
2023-10-19,TBIG,1846.560791015625
2023-10-20,TBIG,1789.597412109375
2023-10-23,TBIG,1870.2955322265625
2023-10-24,TBIG,1946.2464599609375
2023-10-25,TBIG,1946.2464599609375
2023-10-26,TBIG,1936.752685546875
2023-10-27,TBIG,1993.7159423828125
2023-10-30,TBIG,2003.209716796875
2023-10-31,TBIG,1965.234375
2023-11-01,TBIG,1927.2586669921875
2023-11-02,TBIG,1955.740478515625
2023-11-03,TBIG,2022.1976318359375
2023-11-06,TBIG,1984.2220458984375
2023-11-07,TBIG,1955.740478515625
2023-11-08,TBIG,1946.2464599609375
2023-11-09,TBIG,1993.7159423828125
2023-11-10,TBIG,1955.740478515625
2023-11-13,TBIG,1965.234375
2023-11-14,TBIG,1955.740478515625
2023-11-15,TBIG,1936.752685546875
2023-11-16,TBIG,1946.2464599609375
2023-11-17,TBIG,1955.740478515625
2023-11-20,TBIG,1927.2586669921875
2023-11-21,TBIG,1955.740478515625
2023-11-22,TBIG,1927.2586669921875
2023-11-23,TBIG,1927.2586669921875
2023-11-24,TBIG,1927.2586669921875
2023-11-27,TBIG,1965.234375
2023-11-28,TBIG,1984.2220458984375
2023-11-29,TBIG,1955.740478515625
2023-11-30,TBIG,1946.2464599609375
2023-12-01,TBIG,1965.234375
2023-12-04,TBIG,1965.234375
2023-12-05,TBIG,2003.209716796875
2023-12-06,TBIG,1965.234375
2023-12-07,TBIG,1974.728271484375
2023-12-08,TBIG,1965.234375
2023-12-11,TBIG,1974.728271484375
2023-12-12,TBIG,1993.7159423828125
2023-12-13,TBIG,2017.7366943359375
2023-12-14,TBIG,1998.52001953125
2023-12-15,TBIG,1998.52001953125
2023-12-18,TBIG,1979.3037109375
2023-12-19,TBIG,1988.9119873046875
2023-12-20,TBIG,2008.12841796875
2023-12-21,TBIG,1988.9119873046875
2023-12-22,TBIG,1998.52001953125
2023-12-27,TBIG,1998.52001953125
2023-12-28,TBIG,1988.9119873046875
2023-12-29,TBIG,2008.12841796875
2024-01-02,TBIG,2046.5615234375
2024-01-03,TBIG,2046.5615234375
2024-01-04,TBIG,2036.9532470703125
2024-01-05,TBIG,2084.99462890625
2024-01-08,TBIG,2094.602783203125
2024-01-09,TBIG,2075.385986328125
2024-01-10,TBIG,2046.5615234375
2024-01-11,TBIG,2027.3448486328125
2024-01-12,TBIG,1998.52001953125
2024-01-15,TBIG,1950.478759765625
2024-01-16,TBIG,1864.00439453125
2024-01-17,TBIG,1820.7672119140625
2024-01-18,TBIG,1815.9630126953125
2024-01-19,TBIG,1758.3134765625
2024-01-22,TBIG,1883.220947265625
2024-01-23,TBIG,1878.416748046875
2024-01-24,TBIG,1873.6126708984375
2024-01-25,TBIG,1897.63330078125
2024-01-26,TBIG,1873.6126708984375
2024-01-29,TBIG,1873.6126708984375
2024-01-30,TBIG,1883.220947265625
2024-01-31,TBIG,1873.6126708984375
2024-02-01,TBIG,1873.6126708984375
2024-02-02,TBIG,1883.220947265625
2024-02-05,TBIG,1854.3961181640625
2024-02-06,TBIG,1825.5712890625
2024-02-07,TBIG,1825.5712890625
2024-02-12,TBIG,1825.5712890625
2024-02-13,TBIG,1825.5712890625
2024-02-15,TBIG,1820.7672119140625
2024-02-16,TBIG,1811.158935546875
2024-02-19,TBIG,1815.9630126953125
2024-02-20,TBIG,1801.5506591796875
2024-02-21,TBIG,1825.5712890625
2024-02-22,TBIG,1830.37548828125
2024-02-23,TBIG,1825.5712890625
2024-02-26,TBIG,1811.158935546875
2024-02-27,TBIG,1806.354736328125
2024-02-28,TBIG,1825.5712890625
2024-02-29,TBIG,1787.13818359375
2024-03-01,TBIG,1811.158935546875
2024-03-04,TBIG,1815.9630126953125
2024-03-05,TBIG,1849.5919189453125
2024-03-06,TBIG,1796.746337890625
2024-03-07,TBIG,1806.354736328125
2024-03-08,TBIG,1787.13818359375
2024-03-13,TBIG,1806.354736328125
2024-03-14,TBIG,1787.13818359375
2024-03-15,TBIG,1873.6126708984375
2024-03-18,TBIG,1825.5712890625
2024-03-19,TBIG,1825.5712890625
2024-03-20,TBIG,1811.158935546875
2024-03-21,TBIG,1787.13818359375
2024-03-22,TBIG,1782.3341064453125
2024-03-25,TBIG,1787.13818359375
2024-03-26,TBIG,1796.746337890625
2024-03-27,TBIG,1801.5506591796875
2024-03-28,TBIG,1806.354736328125
2024-04-01,TBIG,1791.9423828125
2024-04-02,TBIG,1796.746337890625
2024-04-03,TBIG,1796.746337890625
2024-04-04,TBIG,1796.746337890625
2024-04-05,TBIG,1796.746337890625
2024-04-16,TBIG,1700.6636962890625
2024-04-17,TBIG,1700.6636962890625
2024-04-18,TBIG,1657.426513671875
2024-04-19,TBIG,1681.4471435546875
2024-04-22,TBIG,1686.2513427734375
2024-04-23,TBIG,1782.3341064453125
2024-04-24,TBIG,1787.13818359375
2024-04-25,TBIG,1782.3341064453125
2024-04-26,TBIG,1782.3341064453125
2024-04-29,TBIG,1839.983642578125
2024-04-30,TBIG,1897.63330078125
2024-05-02,TBIG,1825.5712890625
2024-05-03,TBIG,1849.5919189453125
2024-05-06,TBIG,1849.5919189453125
2024-05-07,TBIG,1825.5712890625
2024-05-08,TBIG,1820.7672119140625
2024-05-13,TBIG,1859.2001953125
2024-05-14,TBIG,1883.220947265625
2024-05-15,TBIG,1873.6126708984375
2024-05-16,TBIG,1820.7672119140625
2024-05-17,TBIG,1782.3341064453125
2024-05-20,TBIG,1796.746337890625
2024-05-21,TBIG,1777.530029296875
2024-05-22,TBIG,1777.530029296875
2024-05-27,TBIG,1782.3341064453125
2024-05-28,TBIG,1777.530029296875
2024-05-29,TBIG,1777.530029296875
2024-05-30,TBIG,1763.1175537109375
2024-05-31,TBIG,1700.6636962890625
2024-06-03,TBIG,1777.530029296875
2024-06-04,TBIG,1815.9630126953125
2024-06-05,TBIG,1815.9630126953125
2024-06-06,TBIG,1844.787841796875
2024-06-07,TBIG,1835.1795654296875
2024-06-10,TBIG,1864.666748046875
2024-06-11,TBIG,1859.785400390625
2024-06-12,TBIG,1864.666748046875
2024-06-13,TBIG,1903.71728515625
2024-06-14,TBIG,1903.71728515625
2024-06-19,TBIG,1854.904052734375
2024-06-20,TBIG,1810.97216796875
2024-06-21,TBIG,1713.3455810546875
2024-06-24,TBIG,1718.2269287109375
2024-06-25,TBIG,1708.4642333984375
2024-06-26,TBIG,1698.70166015625
2024-06-27,TBIG,1757.277587890625
2024-06-28,TBIG,1850.022705078125
2024-07-01,TBIG,1825.6160888671875
2024-07-02,TBIG,1830.4974365234375
2024-07-03,TBIG,1830.4974365234375
2024-07-04,TBIG,1840.2601318359375
2024-07-05,TBIG,1835.3787841796875
2024-07-08,TBIG,1825.6160888671875
2024-07-09,TBIG,1874.4293212890625
2024-07-10,TBIG,1889.0733642578125
2024-07-11,TBIG,1942.76806640625
2024-07-12,TBIG,1952.5306396484375
2024-07-15,TBIG,1923.2425537109375
2024-07-16,TBIG,1962.2933349609375
2024-07-17,TBIG,1942.76806640625
2024-07-18,TBIG,1942.76806640625
2024-07-19,TBIG,1952.5306396484375
2024-07-22,TBIG,1942.76806640625
2024-07-23,TBIG,1947.6492919921875
2024-07-24,TBIG,1874.4293212890625
2024-07-25,TBIG,1947.6492919921875
2024-07-26,TBIG,1942.76806640625
2024-07-29,TBIG,1918.361328125
2024-07-30,TBIG,1913.47998046875
2024-07-31,TBIG,1952.5306396484375
2024-08-01,TBIG,1942.76806640625
2024-08-02,TBIG,1942.76806640625
2024-08-05,TBIG,1928.1239013671875
2024-08-06,TBIG,1908.5986328125
2024-08-07,TBIG,1874.4293212890625
2024-08-08,TBIG,1874.4293212890625
2024-08-09,TBIG,1874.4293212890625
2024-08-12,TBIG,1874.4293212890625
2024-08-13,TBIG,1879.3106689453125
2024-08-14,TBIG,1869.548095703125
2024-08-15,TBIG,1869.548095703125
2024-08-16,TBIG,1864.666748046875
2024-08-19,TBIG,1854.904052734375
2024-08-20,TBIG,1874.4293212890625
2024-08-21,TBIG,1903.71728515625
2024-08-22,TBIG,1869.548095703125
2024-08-23,TBIG,1874.4293212890625
2024-08-26,TBIG,1869.548095703125
2024-08-27,TBIG,1893.9547119140625
2024-08-28,TBIG,1913.47998046875
2024-08-29,TBIG,1879.3106689453125
2024-08-30,TBIG,1879.3106689453125
2024-09-02,TBIG,1889.0733642578125
2024-09-03,TBIG,1884.1920166015625
2024-09-04,TBIG,1893.9547119140625
2024-09-05,TBIG,1903.71728515625
2024-09-06,TBIG,1874.4293212890625
2024-09-09,TBIG,1864.666748046875
2024-09-10,TBIG,1859.785400390625
2024-09-11,TBIG,1864.666748046875
2024-09-12,TBIG,1864.666748046875
2024-09-13,TBIG,1864.666748046875
2024-09-17,TBIG,1864.666748046875
2024-09-18,TBIG,1864.666748046875
2024-09-19,TBIG,1854.904052734375
2024-09-20,TBIG,1810.97216796875
2024-09-23,TBIG,1850.022705078125
2024-09-24,TBIG,1840.2601318359375
2024-09-25,TBIG,1850.022705078125
2024-09-26,TBIG,1854.904052734375
2024-09-27,TBIG,1854.904052734375
2024-09-30,TBIG,1854.904052734375
2024-10-01,TBIG,1854.904052734375
2024-10-02,TBIG,1845.1414794921875
2024-10-03,TBIG,1845.1414794921875
2024-10-04,TBIG,1845.1414794921875
2024-10-07,TBIG,1835.3787841796875
2024-10-08,TBIG,1835.3787841796875
2024-10-09,TBIG,1835.3787841796875
2024-10-10,TBIG,1835.3787841796875
2024-10-11,TBIG,1835.3787841796875
2024-10-14,TBIG,1835.3787841796875
2024-10-15,TBIG,1835.3787841796875
2024-10-16,TBIG,1835.3787841796875
2024-10-17,TBIG,1830.4974365234375
2024-10-18,TBIG,1835.3787841796875
2024-10-21,TBIG,1845.1414794921875
2024-10-22,TBIG,1845.1414794921875
2024-10-23,TBIG,1830.4974365234375
2024-10-24,TBIG,1830.4974365234375
2024-10-25,TBIG,1835.3787841796875
2024-10-28,TBIG,1835.3787841796875
2024-10-29,TBIG,1835.3787841796875
2024-10-30,TBIG,1869.548095703125
2024-10-31,TBIG,1854.904052734375
2024-11-01,TBIG,1835.3787841796875
2024-11-04,TBIG,1825.6160888671875
2024-11-05,TBIG,1825.6160888671875
2024-11-06,TBIG,1825.6160888671875
2024-11-07,TBIG,1835.3787841796875
2024-11-08,TBIG,1835.3787841796875
2024-11-11,TBIG,1835.3787841796875
2024-11-12,TBIG,1835.3787841796875
2024-11-13,TBIG,1854.904052734375
2024-11-14,TBIG,1840.2601318359375
2024-11-15,TBIG,1835.3787841796875
2024-11-18,TBIG,1835.3787841796875
2024-11-19,TBIG,1845.1414794921875
2024-11-20,TBIG,1864.666748046875
2024-11-21,TBIG,1937.88671875
2024-11-22,TBIG,1908.5986328125
2024-11-25,TBIG,1859.785400390625
2024-11-26,TBIG,1928.1239013671875
2024-11-28,TBIG,1913.47998046875
2024-11-29,TBIG,1923.2425537109375
2024-12-02,TBIG,1923.2425537109375
2024-12-03,TBIG,1893.9547119140625
2024-12-04,TBIG,1898.8359375
2024-12-05,TBIG,1884.1920166015625
2024-12-06,TBIG,1893.9547119140625
2024-12-09,TBIG,1903.71728515625
2024-12-10,TBIG,1908.5986328125
2024-12-11,TBIG,1908.5986328125
2024-12-12,TBIG,1918.48779296875
2024-12-13,TBIG,1962.98876953125
2024-12-16,TBIG,1958.044189453125
2024-12-17,TBIG,1958.044189453125
2024-12-18,TBIG,1953.099609375
2024-12-19,TBIG,1938.2659912109375
2024-12-20,TBIG,1878.9312744140625
2024-12-23,TBIG,1888.8204345703125
2024-12-24,TBIG,1933.3214111328125
2024-12-27,TBIG,2126.1591796875
2024-12-30,TBIG,2076.713623046875
2025-01-02,TBIG,2076.713623046875
2025-01-03,TBIG,2047.0462646484375
2025-01-06,TBIG,2047.0462646484375
2025-01-07,TBIG,2056.935302734375
2025-01-08,TBIG,2047.0462646484375
2025-01-09,TBIG,2027.2679443359375
2025-01-10,TBIG,2007.48974609375
2025-01-13,TBIG,2007.48974609375
2025-01-14,TBIG,2007.48974609375
2025-01-15,TBIG,2047.0462646484375
2025-01-16,TBIG,2047.0462646484375
2025-01-17,TBIG,2056.935302734375
2025-01-20,TBIG,2066.824462890625
2025-01-21,TBIG,2066.824462890625
2025-01-22,TBIG,2027.2679443359375
2025-01-23,TBIG,2027.2679443359375
2025-01-24,TBIG,1977.8223876953125
2025-01-30,TBIG,1997.6007080078125
2025-01-31,TBIG,2047.0462646484375
2025-02-03,TBIG,2056.935302734375
2025-02-04,TBIG,2076.713623046875
2025-02-05,TBIG,2066.824462890625
2025-02-06,TBIG,2066.824462890625
2025-02-07,TBIG,2086.6025390625
2025-02-10,TBIG,2155.826416015625
2025-02-11,TBIG,2165.715576171875
2025-02-12,TBIG,2175.604736328125
2025-02-13,TBIG,2175.604736328125
2025-02-14,TBIG,2185.493896484375
2025-02-17,TBIG,2195.3828125
2025-02-18,TBIG,2215.1611328125
2025-02-19,TBIG,2195.3828125
2025-02-20,TBIG,2165.715576171875
2025-02-21,TBIG,2215.1611328125
2025-02-24,TBIG,2185.493896484375
2025-02-25,TBIG,2175.604736328125
2025-02-26,TBIG,2185.493896484375
2025-02-27,TBIG,2165.715576171875
2025-02-28,TBIG,2136.048095703125
2025-03-03,TBIG,2175.604736328125
2025-03-04,TBIG,2155.826416015625
2025-03-05,TBIG,2165.715576171875
2025-03-06,TBIG,2165.715576171875
2025-03-07,TBIG,2185.493896484375
2025-03-10,TBIG,2175.604736328125
2025-03-11,TBIG,2155.826416015625
2025-03-12,TBIG,2126.1591796875
2025-03-13,TBIG,2136.048095703125
2025-03-14,TBIG,2086.6025390625
2025-03-17,TBIG,2047.0462646484375
2025-03-18,TBIG,2007.48974609375
2025-03-19,TBIG,2027.2679443359375
2025-03-20,TBIG,2027.2679443359375
2025-03-21,TBIG,1943.2105712890625
2025-03-24,TBIG,1943.2105712890625
2025-03-25,TBIG,1943.2105712890625
2025-03-26,TBIG,1958.044189453125
2025-03-27,TBIG,1967.933349609375
2025-04-08,TBIG,1799.818359375
2025-04-09,TBIG,1878.9312744140625
2025-04-10,TBIG,1913.543212890625
2025-04-11,TBIG,1913.543212890625
2025-04-14,TBIG,1918.48779296875
2025-04-15,TBIG,1953.099609375
2025-04-16,TBIG,1953.099609375
2025-04-17,TBIG,1953.099609375
2025-04-21,TBIG,1953.099609375
2025-04-22,TBIG,1958.044189453125
2025-04-23,TBIG,1967.933349609375
2025-04-24,TBIG,1948.155029296875
2025-04-25,TBIG,1953.099609375
2025-04-28,TBIG,1958.044189453125
2025-04-29,TBIG,1958.044189453125
2025-04-30,TBIG,1967.933349609375
2025-05-02,TBIG,1972.8778076171875
2025-05-05,TBIG,2037.1571044921875
2025-05-06,TBIG,2155.826416015625
2025-05-07,TBIG,2175.604736328125
2025-05-08,TBIG,2076.713623046875
2025-05-09,TBIG,2037.1571044921875
2025-05-14,TBIG,2056.935302734375
2025-05-15,TBIG,1997.6007080078125
2025-05-16,TBIG,1997.6007080078125
2025-05-19,TBIG,1997.6007080078125
2025-05-20,TBIG,1997.6007080078125
2025-05-21,TBIG,2007.48974609375
2025-05-22,TBIG,2017.37890625
2025-05-23,TBIG,2007.48974609375
2025-05-26,TBIG,1977.8223876953125
2025-05-27,TBIG,2175.604736328125
2025-05-28,TBIG,2175.604736328125
2025-06-02,TBIG,2195.3828125
2025-06-03,TBIG,2215.1611328125
2025-06-04,TBIG,2284.385009765625
2025-06-05,TBIG,2284.385009765625
2025-06-10,TBIG,2264.606689453125
2025-06-11,TBIG,2185.493896484375
2025-06-12,TBIG,2175.604736328125
2025-06-13,TBIG,2175.604736328125
2025-06-16,TBIG,2126.1591796875
2025-06-17,TBIG,2086.6025390625
2025-06-18,TBIG,2116.27001953125
2025-06-19,TBIG,2100.0
2025-06-20,TBIG,2090.0
2025-06-23,TBIG,2080.0
2025-06-24,TBIG,2120.0
2025-06-25,TBIG,2140.0
2025-06-26,TBIG,2070.0
2025-06-30,TBIG,2300.0
2025-07-01,TBIG,2120.0
2025-07-02,TBIG,2010.0
2025-07-03,TBIG,1980.0
2025-07-04,TBIG,2000.0
2025-07-07,TBIG,2000.0
2025-07-08,TBIG,2000.0
2025-07-09,TBIG,2010.0
2025-07-10,TBIG,2020.0
2025-07-11,TBIG,2040.0
2025-07-14,TBIG,1995.0
2025-07-15,TBIG,1995.0
2025-07-16,TBIG,1970.0
2025-07-17,TBIG,2020.0
2025-07-18,TBIG,1995.0
2025-07-21,TBIG,1995.0
2025-07-22,TBIG,1980.0
2025-07-23,TBIG,1970.0
2025-07-24,TBIG,1955.0
2025-07-25,TBIG,2000.0
2025-07-28,TBIG,2000.0
2025-07-29,TBIG,1990.0
2025-07-30,TBIG,1965.0
2025-07-31,TBIG,1955.0
2025-08-01,TBIG,1985.0
2025-08-04,TBIG,1985.0
2025-08-05,TBIG,1940.0
2025-08-06,TBIG,1925.0
2025-08-07,TBIG,1950.0
2025-08-08,TBIG,1935.0
2025-08-11,TBIG,1925.0
2025-08-12,TBIG,1920.0
2025-08-13,TBIG,1915.0
2025-08-14,TBIG,1920.0
2025-08-15,TBIG,1900.0
2025-08-19,TBIG,1940.0
2025-08-20,TBIG,1920.0
2025-08-21,TBIG,1925.0
2025-08-22,TBIG,1915.0
2025-08-25,TBIG,1930.0
2025-08-26,TBIG,1930.0
2025-08-27,TBIG,1925.0
2025-08-28,TBIG,1935.0
2025-08-29,TBIG,1920.0
2025-09-01,TBIG,1845.0
2025-09-02,TBIG,1810.0
2025-09-03,TBIG,1805.0
2025-09-04,TBIG,1850.0
2025-09-08,TBIG,1865.0
2025-09-09,TBIG,1855.0
2025-09-10,TBIG,1840.0
2025-09-11,TBIG,1840.0
2025-09-12,TBIG,1885.0
2025-09-15,TBIG,1835.0
2025-09-16,TBIG,1835.0
2025-09-17,TBIG,1790.0
2025-09-18,TBIG,1815.0
2025-09-19,TBIG,1740.0
2025-09-22,TBIG,1785.0
2025-09-23,TBIG,1785.0
2025-09-24,TBIG,1760.0
2025-09-25,TBIG,1765.0
2025-09-26,TBIG,1750.0
2025-09-29,TBIG,1735.0
2025-09-30,TBIG,1740.0
2025-10-01,TBIG,1825.0
2025-10-02,TBIG,1785.0
2025-10-03,TBIG,1765.0
2025-10-06,TBIG,1900.0
2025-10-07,TBIG,1895.0
2025-10-08,TBIG,1895.0
2025-10-09,TBIG,1905.0
2025-10-10,TBIG,1850.0
2025-10-13,TBIG,1800.0
2025-10-14,TBIG,1845.0
2025-10-15,TBIG,1865.0
2025-10-16,TBIG,1860.0
2025-10-17,TBIG,1960.0
2025-10-20,TBIG,1885.0
2025-10-21,TBIG,1900.0
2025-10-22,TBIG,1895.0
2025-10-23,TBIG,1870.0
2025-10-24,TBIG,1890.0
2025-10-27,TBIG,1855.0
2025-10-28,TBIG,1825.0
2025-10-29,TBIG,1860.0
2025-10-30,TBIG,1910.0
2025-10-31,TBIG,2380.0
2025-11-03,TBIG,2250.0
2025-11-04,TBIG,2140.0
2025-11-05,TBIG,2200.0
2025-11-06,TBIG,2180.0
2025-11-07,TBIG,2200.0
2025-11-10,TBIG,2220.0
2025-11-11,TBIG,2220.0
2025-11-12,TBIG,2230.0
2025-11-13,TBIG,2170.0
2025-11-14,TBIG,2000.0
2025-11-17,TBIG,2000.0
2025-11-18,TBIG,1995.0
2025-11-19,TBIG,2000.0
2025-11-20,TBIG,1985.0
2025-11-21,TBIG,1985.0
2025-11-24,TBIG,1980.0
2025-11-25,TBIG,1985.0
2025-11-26,TBIG,1985.0
2025-11-27,TBIG,1990.0
2025-11-28,TBIG,1985.0
2025-12-01,TBIG,1980.0
2025-12-02,TBIG,1980.0
2025-12-03,TBIG,1975.0
2025-12-04,TBIG,1975.0
2025-12-05,TBIG,1985.0
2025-12-08,TBIG,1985.0
2025-12-09,TBIG,1980.0
2025-12-10,TBIG,1935.0
2025-12-11,TBIG,1925.0
2025-12-12,TBIG,1900.0
2025-12-15,TBIG,1970.0
2025-12-16,TBIG,1970.0
2025-12-17,TBIG,2030.0
2025-12-18,TBIG,2170.0
2025-12-19,TBIG,2140.0
2025-12-22,TBIG,2140.0
2025-12-23,TBIG,2300.0
2025-12-24,TBIG,2490.0
2025-12-29,TBIG,2810.0
2025-12-30,TBIG,2680.0
2026-01-02,TBIG,2600.0
2026-01-05,TBIG,2550.0
2026-01-06,TBIG,2450.0
2026-01-07,TBIG,2400.0
2026-01-08,TBIG,2340.0
2026-01-09,TBIG,2330.0
2026-01-12,TBIG,2280.0
2026-01-13,TBIG,2110.0
2026-01-14,TBIG,2170.0
2026-01-15,TBIG,2240.0
2026-01-19,TBIG,2240.0
2026-01-20,TBIG,2230.0
2026-01-21,TBIG,2200.0
2026-01-22,TBIG,2170.0
2026-01-23,TBIG,2100.0
2026-01-26,TBIG,1990.0
2022-12-30,TLKM,3143.732666015625
2023-01-02,TLKM,3185.64892578125
2023-01-03,TLKM,3235.948974609375
2023-01-04,TLKM,3202.41552734375
2023-01-05,TLKM,3160.499267578125
2023-01-06,TLKM,3110.199462890625
2023-01-09,TLKM,3177.265869140625
2023-01-10,TLKM,3210.799072265625
2023-01-11,TLKM,3244.33203125
2023-01-12,TLKM,3235.948974609375
2023-01-13,TLKM,3168.88232421875
2023-01-16,TLKM,3227.565673828125
2023-01-17,TLKM,3311.3984375
2023-01-18,TLKM,3294.6318359375
2023-01-19,TLKM,3261.0986328125
2023-01-20,TLKM,3244.33203125
2023-01-24,TLKM,3227.565673828125
2023-01-25,TLKM,3219.182373046875
2023-01-26,TLKM,3328.1650390625
2023-01-27,TLKM,3319.78173828125
2023-01-30,TLKM,3319.78173828125
2023-01-31,TLKM,3227.565673828125
2023-02-01,TLKM,3244.33203125
2023-02-02,TLKM,3261.0986328125
2023-02-03,TLKM,3252.71533203125
2023-02-06,TLKM,3252.71533203125
2023-02-07,TLKM,3185.64892578125
2023-02-08,TLKM,3219.182373046875
2023-02-09,TLKM,3160.499267578125
2023-02-10,TLKM,3185.64892578125
2023-02-13,TLKM,3177.265869140625
2023-02-14,TLKM,3185.64892578125
2023-02-15,TLKM,3177.265869140625
2023-02-16,TLKM,3160.499267578125
2023-02-17,TLKM,3152.1162109375
2023-02-20,TLKM,3202.41552734375
2023-02-21,TLKM,3219.182373046875
2023-02-22,TLKM,3235.948974609375
2023-02-23,TLKM,3328.1650390625
2023-02-24,TLKM,3386.84814453125
2023-02-27,TLKM,3319.78173828125
2023-02-28,TLKM,3252.71533203125
2023-03-01,TLKM,3294.6318359375
2023-03-02,TLKM,3252.71533203125
2023-03-03,TLKM,3269.48193359375
2023-03-06,TLKM,3252.71533203125
2023-03-07,TLKM,3252.71533203125
2023-03-08,TLKM,3303.015380859375
2023-03-09,TLKM,3328.1650390625
2023-03-10,TLKM,3361.6982421875
2023-03-13,TLKM,3411.997802734375
2023-03-14,TLKM,3370.08154296875
2023-03-15,TLKM,3361.6982421875
2023-03-16,TLKM,3395.2314453125
2023-03-17,TLKM,3395.2314453125
2023-03-20,TLKM,3344.931640625
2023-03-21,TLKM,3453.914306640625
2023-03-24,TLKM,3411.997802734375
2023-03-27,TLKM,3395.2314453125
2023-03-28,TLKM,3395.2314453125
2023-03-29,TLKM,3437.14794921875
2023-03-30,TLKM,3428.764404296875
2023-03-31,TLKM,3403.614501953125
2023-04-03,TLKM,3420.381103515625
2023-04-04,TLKM,3403.614501953125
2023-04-05,TLKM,3479.064208984375
2023-04-06,TLKM,3562.89697265625
2023-04-10,TLKM,3604.8134765625
2023-04-11,TLKM,3604.8134765625
2023-04-12,TLKM,3613.19677734375
2023-04-13,TLKM,3638.346435546875
2023-04-14,TLKM,3638.346435546875
2023-04-17,TLKM,3579.66357421875
2023-04-18,TLKM,3579.66357421875
2023-04-26,TLKM,3688.646484375
2023-04-27,TLKM,3621.580078125
2023-04-28,TLKM,3562.89697265625
2023-05-02,TLKM,3512.597412109375
2023-05-03,TLKM,3479.064208984375
2023-05-04,TLKM,3479.064208984375
2023-05-05,TLKM,3495.830810546875
2023-05-08,TLKM,3403.614501953125
2023-05-09,TLKM,3411.997802734375
2023-05-10,TLKM,3462.297607421875
2023-05-11,TLKM,3428.764404296875
2023-05-12,TLKM,3336.548095703125
2023-05-15,TLKM,3336.548095703125
2023-05-16,TLKM,3336.548095703125
2023-05-17,TLKM,3344.931640625
2023-05-19,TLKM,3370.08154296875
2023-05-22,TLKM,3386.84814453125
2023-05-23,TLKM,3386.84814453125
2023-05-24,TLKM,3487.447265625
2023-05-25,TLKM,3453.914306640625
2023-05-26,TLKM,3462.297607421875
2023-05-29,TLKM,3520.980712890625
2023-05-30,TLKM,3453.914306640625
2023-05-31,TLKM,3386.84814453125
2023-06-05,TLKM,3420.381103515625
2023-06-06,TLKM,3428.764404296875
2023-06-07,TLKM,3479.064208984375
2023-06-08,TLKM,3495.830810546875
2023-06-09,TLKM,3479.064208984375
2023-06-12,TLKM,3538.119140625
2023-06-13,TLKM,3520.646728515625
2023-06-14,TLKM,3494.4384765625
2023-06-15,TLKM,3511.910888671875
2023-06-16,TLKM,3468.23046875
2023-06-19,TLKM,3459.494140625
2023-06-20,TLKM,3485.70263671875
2023-06-21,TLKM,3476.96630859375
2023-06-22,TLKM,3442.022216796875
2023-06-23,TLKM,3450.758056640625
2023-06-26,TLKM,3485.70263671875
2023-06-27,TLKM,3494.4384765625
2023-07-03,TLKM,3494.4384765625
2023-07-04,TLKM,3468.23046875
2023-07-05,TLKM,3476.96630859375
2023-07-06,TLKM,3459.494140625
2023-07-07,TLKM,3459.494140625
2023-07-10,TLKM,3450.758056640625
2023-07-11,TLKM,3476.96630859375
2023-07-12,TLKM,3476.96630859375
2023-07-13,TLKM,3424.550048828125
2023-07-14,TLKM,3433.285888671875
2023-07-17,TLKM,3415.813720703125
2023-07-18,TLKM,3363.397216796875
2023-07-20,TLKM,3363.397216796875
2023-07-21,TLKM,3372.13330078125
2023-07-24,TLKM,3407.07763671875
2023-07-25,TLKM,3389.60546875
2023-07-26,TLKM,3389.60546875
2023-07-27,TLKM,3249.827880859375
2023-07-28,TLKM,3249.827880859375
2023-07-31,TLKM,3249.827880859375
2023-08-01,TLKM,3276.0361328125
2023-08-02,TLKM,3223.61962890625
2023-08-03,TLKM,3249.827880859375
2023-08-04,TLKM,3223.61962890625
2023-08-07,TLKM,3214.883544921875
2023-08-08,TLKM,3258.56396484375
2023-08-09,TLKM,3293.50830078125
2023-08-10,TLKM,3319.716552734375
2023-08-11,TLKM,3328.452880859375
2023-08-14,TLKM,3345.925048828125
2023-08-15,TLKM,3337.188720703125
2023-08-16,TLKM,3345.925048828125
2023-08-18,TLKM,3284.7724609375
2023-08-21,TLKM,3267.30029296875
2023-08-22,TLKM,3276.0361328125
2023-08-23,TLKM,3267.30029296875
2023-08-24,TLKM,3249.827880859375
2023-08-25,TLKM,3249.827880859375
2023-08-28,TLKM,3232.355712890625
2023-08-29,TLKM,3249.827880859375
2023-08-30,TLKM,3328.452880859375
2023-08-31,TLKM,3258.56396484375
2023-09-01,TLKM,3249.827880859375
2023-09-04,TLKM,3258.56396484375
2023-09-05,TLKM,3267.30029296875
2023-09-06,TLKM,3310.980712890625
2023-09-07,TLKM,3284.7724609375
2023-09-08,TLKM,3223.61962890625
2023-09-11,TLKM,3232.355712890625
2023-09-12,TLKM,3241.091796875
2023-09-13,TLKM,3241.091796875
2023-09-14,TLKM,3214.883544921875
2023-09-15,TLKM,3249.827880859375
2023-09-18,TLKM,3214.883544921875
2023-09-19,TLKM,3258.56396484375
2023-09-20,TLKM,3328.452880859375
2023-09-21,TLKM,3328.452880859375
2023-09-22,TLKM,3372.13330078125
2023-09-25,TLKM,3293.50830078125
2023-09-26,TLKM,3284.7724609375
2023-09-27,TLKM,3249.827880859375
2023-09-29,TLKM,3276.0361328125
2023-10-02,TLKM,3276.0361328125
2023-10-03,TLKM,3293.50830078125
2023-10-04,TLKM,3302.244384765625
2023-10-05,TLKM,3249.827880859375
2023-10-06,TLKM,3302.244384765625
2023-10-09,TLKM,3284.7724609375
2023-10-10,TLKM,3328.452880859375
2023-10-11,TLKM,3302.244384765625
2023-10-12,TLKM,3345.925048828125
2023-10-13,TLKM,3363.397216796875
2023-10-16,TLKM,3284.7724609375
2023-10-17,TLKM,3310.980712890625
2023-10-18,TLKM,3276.0361328125
2023-10-19,TLKM,3258.56396484375
2023-10-20,TLKM,3232.355712890625
2023-10-23,TLKM,3153.73095703125
2023-10-24,TLKM,3188.67529296875
2023-10-25,TLKM,3144.994873046875
2023-10-26,TLKM,3040.16162109375
2023-10-27,TLKM,3057.6337890625
2023-10-30,TLKM,2987.7451171875
2023-10-31,TLKM,3048.897705078125
2023-11-01,TLKM,3162.466796875
2023-11-02,TLKM,3162.466796875
2023-11-03,TLKM,3118.786376953125
2023-11-06,TLKM,3188.67529296875
2023-11-07,TLKM,3118.786376953125
2023-11-08,TLKM,3075.10595703125
2023-11-09,TLKM,3083.842041015625
2023-11-10,TLKM,3101.314208984375
2023-11-13,TLKM,3075.10595703125
2023-11-14,TLKM,3057.6337890625
2023-11-15,TLKM,3101.314208984375
2023-11-16,TLKM,3092.578125
2023-11-17,TLKM,3101.314208984375
2023-11-20,TLKM,3136.258544921875
2023-11-21,TLKM,3162.466796875
2023-11-22,TLKM,3153.73095703125
2023-11-23,TLKM,3144.994873046875
2023-11-24,TLKM,3162.466796875
2023-11-27,TLKM,3214.883544921875
2023-11-28,TLKM,3293.50830078125
2023-11-29,TLKM,3249.827880859375
2023-11-30,TLKM,3284.7724609375
2023-12-01,TLKM,3345.925048828125
2023-12-04,TLKM,3328.452880859375
2023-12-05,TLKM,3363.397216796875
2023-12-06,TLKM,3424.550048828125
2023-12-07,TLKM,3415.813720703125
2023-12-08,TLKM,3442.022216796875
2023-12-11,TLKM,3476.96630859375
2023-12-12,TLKM,3415.813720703125
2023-12-13,TLKM,3424.550048828125
2023-12-14,TLKM,3442.022216796875
2023-12-15,TLKM,3476.96630859375
2023-12-18,TLKM,3468.23046875
2023-12-19,TLKM,3468.23046875
2023-12-20,TLKM,3459.494140625
2023-12-21,TLKM,3450.758056640625
2023-12-22,TLKM,3459.494140625
2023-12-27,TLKM,3442.022216796875
2023-12-28,TLKM,3459.494140625
2023-12-29,TLKM,3450.758056640625
2024-01-02,TLKM,3485.70263671875
2024-01-03,TLKM,3459.494140625
2024-01-04,TLKM,3468.23046875
2024-01-05,TLKM,3398.341552734375
2024-01-08,TLKM,3398.341552734375
2024-01-09,TLKM,3459.494140625
2024-01-10,TLKM,3494.4384765625
2024-01-11,TLKM,3485.70263671875
2024-01-12,TLKM,3503.1748046875
2024-01-15,TLKM,3494.4384765625
2024-01-16,TLKM,3503.1748046875
2024-01-17,TLKM,3485.70263671875
2024-01-18,TLKM,3450.758056640625
2024-01-19,TLKM,3442.022216796875
2024-01-22,TLKM,3476.96630859375
2024-01-23,TLKM,3450.758056640625
2024-01-24,TLKM,3468.23046875
2024-01-25,TLKM,3476.96630859375
2024-01-26,TLKM,3476.96630859375
2024-01-29,TLKM,3503.1748046875
2024-01-30,TLKM,3494.4384765625
2024-01-31,TLKM,3459.494140625
2024-02-01,TLKM,3529.383056640625
2024-02-02,TLKM,3485.70263671875
2024-02-05,TLKM,3476.96630859375
2024-02-06,TLKM,3476.96630859375
2024-02-07,TLKM,3476.96630859375
2024-02-12,TLKM,3494.4384765625
2024-02-13,TLKM,3476.96630859375
2024-02-15,TLKM,3520.646728515625
2024-02-16,TLKM,3634.216064453125
2024-02-19,TLKM,3634.216064453125
2024-02-20,TLKM,3677.896484375
2024-02-21,TLKM,3651.688232421875
2024-02-22,TLKM,3573.0634765625
2024-02-23,TLKM,3581.7998046875
2024-02-26,TLKM,3573.0634765625
2024-02-27,TLKM,3485.70263671875
2024-02-28,TLKM,3485.70263671875
2024-02-29,TLKM,3494.4384765625
2024-03-01,TLKM,3424.550048828125
2024-03-04,TLKM,3442.022216796875
2024-03-05,TLKM,3380.869384765625
2024-03-06,TLKM,3407.07763671875
2024-03-07,TLKM,3407.07763671875
2024-03-08,TLKM,3372.13330078125
2024-03-13,TLKM,3407.07763671875
2024-03-14,TLKM,3459.494140625
2024-03-15,TLKM,3468.23046875
2024-03-18,TLKM,3424.550048828125
2024-03-19,TLKM,3442.022216796875
2024-03-20,TLKM,3433.285888671875
2024-03-21,TLKM,3398.341552734375
2024-03-22,TLKM,3407.07763671875
2024-03-25,TLKM,3258.56396484375
2024-03-26,TLKM,3162.466796875
2024-03-27,TLKM,3048.897705078125
2024-03-28,TLKM,3031.425537109375
2024-04-01,TLKM,3066.369873046875
2024-04-02,TLKM,3048.897705078125
2024-04-03,TLKM,2987.7451171875
2024-04-04,TLKM,3013.953369140625
2024-04-05,TLKM,2996.481201171875
2024-04-16,TLKM,2813.023193359375
2024-04-17,TLKM,2795.551025390625
2024-04-18,TLKM,2839.2314453125
2024-04-19,TLKM,2751.870361328125
2024-04-22,TLKM,2769.3427734375
2024-04-23,TLKM,2708.18994140625
2024-04-24,TLKM,2655.7734375
2024-04-25,TLKM,2655.7734375
2024-04-26,TLKM,2647.037109375
2024-04-29,TLKM,2690.7177734375
2024-04-30,TLKM,2769.3427734375
2024-05-02,TLKM,2725.662109375
2024-05-03,TLKM,2760.6064453125
2024-05-06,TLKM,2664.50927734375
2024-05-07,TLKM,2699.453857421875
2024-05-08,TLKM,2690.7177734375
2024-05-13,TLKM,2699.453857421875
2024-05-14,TLKM,2725.662109375
2024-05-15,TLKM,2708.18994140625
2024-05-16,TLKM,2790.232177734375
2024-05-17,TLKM,2771.692626953125
2024-05-20,TLKM,2771.692626953125
2024-05-21,TLKM,2734.613037109375
2024-05-22,TLKM,2725.34326171875
2024-05-27,TLKM,2604.834716796875
2024-05-28,TLKM,2651.18408203125
2024-05-29,TLKM,2604.834716796875
2024-05-30,TLKM,2604.834716796875
2024-05-31,TLKM,2688.263671875
2024-06-03,TLKM,2716.0732421875
2024-06-04,TLKM,2780.96240234375
2024-06-05,TLKM,2836.58154296875
2024-06-06,TLKM,2827.311767578125
2024-06-07,TLKM,2827.311767578125
2024-06-10,TLKM,2790.232177734375
2024-06-11,TLKM,2669.723876953125
2024-06-12,TLKM,2706.803466796875
2024-06-13,TLKM,2632.64453125
2024-06-14,TLKM,2521.406005859375
2024-06-19,TLKM,2623.37451171875
2024-06-20,TLKM,2632.64453125
2024-06-21,TLKM,2734.613037109375
2024-06-24,TLKM,2734.613037109375
2024-06-25,TLKM,2771.692626953125
2024-06-26,TLKM,2780.96240234375
2024-06-27,TLKM,2808.77197265625
2024-06-28,TLKM,2901.470703125
2024-07-01,TLKM,2864.391357421875
2024-07-02,TLKM,2818.0419921875
2024-07-03,TLKM,2808.77197265625
2024-07-04,TLKM,2743.8828125
2024-07-05,TLKM,2799.502197265625
2024-07-08,TLKM,2855.121337890625
2024-07-09,TLKM,2855.121337890625
2024-07-10,TLKM,2929.280517578125
2024-07-11,TLKM,2947.820068359375
2024-07-12,TLKM,2984.899658203125
2024-07-15,TLKM,2929.280517578125
2024-07-16,TLKM,2873.6611328125
2024-07-17,TLKM,3012.709228515625
2024-07-18,TLKM,2975.6298828125
2024-07-19,TLKM,2910.74072265625
2024-07-22,TLKM,2873.6611328125
2024-07-23,TLKM,2929.280517578125
2024-07-24,TLKM,2836.58154296875
2024-07-25,TLKM,2864.391357421875
2024-07-26,TLKM,2873.6611328125
2024-07-29,TLKM,2827.311767578125
2024-07-30,TLKM,2669.723876953125
2024-07-31,TLKM,2669.723876953125
2024-08-01,TLKM,2669.723876953125
2024-08-02,TLKM,2641.914306640625
2024-08-05,TLKM,2586.294921875
2024-08-06,TLKM,2586.294921875
2024-08-07,TLKM,2614.104736328125
2024-08-08,TLKM,2641.914306640625
2024-08-09,TLKM,2623.37451171875
2024-08-12,TLKM,2660.4541015625
2024-08-13,TLKM,2641.914306640625
2024-08-14,TLKM,2651.18408203125
2024-08-15,TLKM,2660.4541015625
2024-08-16,TLKM,2743.8828125
2024-08-19,TLKM,2716.0732421875
2024-08-20,TLKM,2762.422607421875
2024-08-21,TLKM,2753.15283203125
2024-08-22,TLKM,2706.803466796875
2024-08-23,TLKM,2734.613037109375
2024-08-26,TLKM,2762.422607421875
2024-08-27,TLKM,2771.692626953125
2024-08-28,TLKM,2762.422607421875
2024-08-29,TLKM,2808.77197265625
2024-08-30,TLKM,2836.58154296875
2024-09-02,TLKM,2910.74072265625
2024-09-03,TLKM,2855.121337890625
2024-09-04,TLKM,2855.121337890625
2024-09-05,TLKM,2799.502197265625
2024-09-06,TLKM,2818.0419921875
2024-09-09,TLKM,2808.77197265625
2024-09-10,TLKM,2808.77197265625
2024-09-11,TLKM,2818.0419921875
2024-09-12,TLKM,2827.311767578125
2024-09-13,TLKM,2882.930908203125
2024-09-17,TLKM,2864.391357421875
2024-09-18,TLKM,2892.200927734375
2024-09-19,TLKM,2910.74072265625
2024-09-20,TLKM,2920.010498046875
2024-09-23,TLKM,2938.55029296875
2024-09-24,TLKM,2929.280517578125
2024-09-25,TLKM,2957.090087890625
2024-09-26,TLKM,2938.55029296875
2024-09-27,TLKM,2827.311767578125
2024-09-30,TLKM,2771.692626953125
2024-10-01,TLKM,2799.502197265625
2024-10-02,TLKM,2706.803466796875
2024-10-03,TLKM,2678.993896484375
2024-10-04,TLKM,2669.723876953125
2024-10-07,TLKM,2688.263671875
2024-10-08,TLKM,2771.692626953125
2024-10-09,TLKM,2743.8828125
2024-10-10,TLKM,2734.613037109375
2024-10-11,TLKM,2725.34326171875
2024-10-14,TLKM,2688.263671875
2024-10-15,TLKM,2725.34326171875
2024-10-16,TLKM,2780.96240234375
2024-10-17,TLKM,2818.0419921875
2024-10-18,TLKM,2873.6611328125
2024-10-21,TLKM,2873.6611328125
2024-10-22,TLKM,2790.232177734375
2024-10-23,TLKM,2725.34326171875
2024-10-24,TLKM,2688.263671875
2024-10-25,TLKM,2697.533447265625
2024-10-28,TLKM,2706.803466796875
2024-10-29,TLKM,2688.263671875
2024-10-30,TLKM,2688.263671875
2024-10-31,TLKM,2614.104736328125
2024-11-01,TLKM,2577.025146484375
2024-11-04,TLKM,2595.56494140625
2024-11-05,TLKM,2567.75537109375
2024-11-06,TLKM,2539.945556640625
2024-11-07,TLKM,2558.4853515625
2024-11-08,TLKM,2549.215576171875
2024-11-11,TLKM,2493.59619140625
2024-11-12,TLKM,2410.16748046875
2024-11-13,TLKM,2391.627685546875
2024-11-14,TLKM,2345.2783203125
2024-11-15,TLKM,2354.548095703125
2024-11-18,TLKM,2400.8974609375
2024-11-19,TLKM,2577.025146484375
2024-11-20,TLKM,2484.326416015625
2024-11-21,TLKM,2567.75537109375
2024-11-22,TLKM,2549.215576171875
2024-11-25,TLKM,2539.945556640625
2024-11-26,TLKM,2512.135986328125
2024-11-28,TLKM,2521.406005859375
2024-11-29,TLKM,2512.135986328125
2024-12-02,TLKM,2484.326416015625
2024-12-03,TLKM,2614.104736328125
2024-12-04,TLKM,2632.64453125
2024-12-05,TLKM,2567.75537109375
2024-12-06,TLKM,2558.4853515625
2024-12-09,TLKM,2539.945556640625
2024-12-10,TLKM,2567.75537109375
2024-12-11,TLKM,2651.18408203125
2024-12-12,TLKM,2614.104736328125
2024-12-13,TLKM,2586.294921875
2024-12-16,TLKM,2465.78662109375
2024-12-17,TLKM,2428.707275390625
2024-12-18,TLKM,2382.35791015625
2024-12-19,TLKM,2345.2783203125
2024-12-20,TLKM,2363.818115234375
2024-12-23,TLKM,2456.516845703125
2024-12-24,TLKM,2539.945556640625
2024-12-27,TLKM,2549.215576171875
2024-12-30,TLKM,2512.135986328125
2025-01-02,TLKM,2502.8662109375
2025-01-03,TLKM,2549.215576171875
2025-01-06,TLKM,2493.59619140625
2025-01-07,TLKM,2382.35791015625
2025-01-08,TLKM,2456.516845703125
2025-01-09,TLKM,2428.707275390625
2025-01-10,TLKM,2484.326416015625
2025-01-13,TLKM,2475.056640625
2025-01-14,TLKM,2428.707275390625
2025-01-15,TLKM,2437.97705078125
2025-01-16,TLKM,2400.8974609375
2025-01-17,TLKM,2465.78662109375
2025-01-20,TLKM,2419.437255859375
2025-01-21,TLKM,2437.97705078125
2025-01-22,TLKM,2530.67578125
2025-01-23,TLKM,2512.135986328125
2025-01-24,TLKM,2493.59619140625
2025-01-30,TLKM,2447.246826171875
2025-01-31,TLKM,2465.78662109375
2025-02-03,TLKM,2437.97705078125
2025-02-04,TLKM,2447.246826171875
2025-02-05,TLKM,2428.707275390625
2025-02-06,TLKM,2373.087890625
2025-02-07,TLKM,2400.8974609375
2025-02-10,TLKM,2261.849365234375
2025-02-11,TLKM,2150.61083984375
2025-02-12,TLKM,2298.928955078125
2025-02-13,TLKM,2243.3095703125
2025-02-14,TLKM,2345.2783203125
2025-02-17,TLKM,2456.516845703125
2025-02-18,TLKM,2484.326416015625
2025-02-19,TLKM,2475.056640625
2025-02-20,TLKM,2475.056640625
2025-02-21,TLKM,2456.516845703125
2025-02-24,TLKM,2410.16748046875
2025-02-25,TLKM,2280.38916015625
2025-02-26,TLKM,2336.00830078125
2025-02-27,TLKM,2308.19873046875
2025-02-28,TLKM,2178.420654296875
2025-03-03,TLKM,2224.77001953125
2025-03-04,TLKM,2206.230224609375
2025-03-05,TLKM,2271.119384765625
2025-03-06,TLKM,2224.77001953125
2025-03-07,TLKM,2234.039794921875
2025-03-10,TLKM,2215.5
2025-03-11,TLKM,2196.960205078125
2025-03-12,TLKM,2271.119384765625
2025-03-13,TLKM,2252.57958984375
2025-03-14,TLKM,2243.3095703125
2025-03-17,TLKM,2243.3095703125
2025-03-18,TLKM,2243.3095703125
2025-03-19,TLKM,2252.57958984375
2025-03-20,TLKM,2215.5
2025-03-21,TLKM,2141.341064453125
2025-03-24,TLKM,2159.880859375
2025-03-25,TLKM,2169.150634765625
2025-03-26,TLKM,2261.849365234375
2025-03-27,TLKM,2234.039794921875
2025-04-08,TLKM,2122.80126953125
2025-04-09,TLKM,2150.61083984375
2025-04-10,TLKM,2178.420654296875
2025-04-11,TLKM,2159.880859375
2025-04-14,TLKM,2252.57958984375
2025-04-15,TLKM,2271.119384765625
2025-04-16,TLKM,2298.928955078125
2025-04-17,TLKM,2363.818115234375
2025-04-21,TLKM,2382.35791015625
2025-04-22,TLKM,2363.818115234375
2025-04-23,TLKM,2437.97705078125
2025-04-24,TLKM,2437.97705078125
2025-04-25,TLKM,2410.16748046875
2025-04-28,TLKM,2373.087890625
2025-04-29,TLKM,2400.8974609375
2025-04-30,TLKM,2447.246826171875
2025-05-02,TLKM,2484.326416015625
2025-05-05,TLKM,2502.8662109375
2025-05-06,TLKM,2484.326416015625
2025-05-07,TLKM,2428.707275390625
2025-05-08,TLKM,2382.35791015625
2025-05-09,TLKM,2410.16748046875
2025-05-14,TLKM,2400.8974609375
2025-05-15,TLKM,2465.78662109375
2025-05-16,TLKM,2539.945556640625
2025-05-19,TLKM,2614.104736328125
2025-05-20,TLKM,2539.945556640625
2025-05-21,TLKM,2549.215576171875
2025-05-22,TLKM,2595.56494140625
2025-05-23,TLKM,2493.59619140625
2025-05-26,TLKM,2595.56494140625
2025-05-27,TLKM,2623.37451171875
2025-05-28,TLKM,2614.104736328125
2025-06-02,TLKM,2577.025146484375
2025-06-03,TLKM,2595.56494140625
2025-06-04,TLKM,2614.104736328125
2025-06-05,TLKM,2632.64453125
2025-06-10,TLKM,2697.533447265625
2025-06-11,TLKM,2800.0
2025-06-12,TLKM,2780.0
2025-06-13,TLKM,2740.0
2025-06-16,TLKM,2740.0
2025-06-17,TLKM,2760.0
2025-06-18,TLKM,2770.0
2025-06-19,TLKM,2690.0
2025-06-20,TLKM,2640.0
2025-06-23,TLKM,2580.0
2025-06-24,TLKM,2590.0
2025-06-25,TLKM,2620.0
2025-06-26,TLKM,2710.0
2025-06-30,TLKM,2780.0
2025-07-01,TLKM,2810.0
2025-07-02,TLKM,2780.0
2025-07-03,TLKM,2710.0
2025-07-04,TLKM,2630.0
2025-07-07,TLKM,2700.0
2025-07-08,TLKM,2650.0
2025-07-09,TLKM,2670.0
2025-07-10,TLKM,2690.0
2025-07-11,TLKM,2730.0
2025-07-14,TLKM,2690.0
2025-07-15,TLKM,2640.0
2025-07-16,TLKM,2650.0
2025-07-17,TLKM,2770.0
2025-07-18,TLKM,2770.0
2025-07-21,TLKM,2800.0
2025-07-22,TLKM,2850.0
2025-07-23,TLKM,2850.0
2025-07-24,TLKM,2840.0
2025-07-25,TLKM,2820.0
2025-07-28,TLKM,2860.0
2025-07-29,TLKM,2880.0
2025-07-30,TLKM,2880.0
2025-07-31,TLKM,2880.0
2025-08-01,TLKM,2980.0
2025-08-04,TLKM,3030.0
2025-08-05,TLKM,3030.0
2025-08-06,TLKM,2990.0
2025-08-07,TLKM,2950.0
2025-08-08,TLKM,2940.0
2025-08-11,TLKM,2990.0
2025-08-12,TLKM,3180.0
2025-08-13,TLKM,3360.0
2025-08-14,TLKM,3420.0
2025-08-15,TLKM,3310.0
2025-08-19,TLKM,3250.0
2025-08-20,TLKM,3220.0
2025-08-21,TLKM,3250.0
2025-08-22,TLKM,3240.0
2025-08-25,TLKM,3310.0
2025-08-26,TLKM,3260.0
2025-08-27,TLKM,3170.0
2025-08-28,TLKM,3180.0
2025-08-29,TLKM,3130.0
2025-09-01,TLKM,3110.0
2025-09-02,TLKM,3070.0
2025-09-03,TLKM,3110.0
2025-09-04,TLKM,3150.0
2025-09-08,TLKM,3090.0
2025-09-09,TLKM,3050.0
2025-09-10,TLKM,3150.0
2025-09-11,TLKM,3080.0
2025-09-12,TLKM,3100.0
2025-09-15,TLKM,3260.0
2025-09-16,TLKM,3300.0
2025-09-17,TLKM,3340.0
2025-09-18,TLKM,3250.0
2025-09-19,TLKM,3230.0
2025-09-22,TLKM,3220.0
2025-09-23,TLKM,3190.0
2025-09-24,TLKM,3160.0
2025-09-25,TLKM,3120.0
2025-09-26,TLKM,3110.0
2025-09-29,TLKM,3080.0
2025-09-30,TLKM,3060.0
2025-10-01,TLKM,3060.0
2025-10-02,TLKM,3130.0
2025-10-03,TLKM,3070.0
2025-10-06,TLKM,3010.0
2025-10-07,TLKM,3010.0
2025-10-08,TLKM,2990.0
2025-10-09,TLKM,3010.0
2025-10-10,TLKM,3040.0
2025-10-13,TLKM,3020.0
2025-10-14,TLKM,2960.0
2025-10-15,TLKM,3080.0
2025-10-16,TLKM,2950.0
2025-10-17,TLKM,2880.0
2025-10-20,TLKM,2940.0
2025-10-21,TLKM,3280.0
2025-10-22,TLKM,3150.0
2025-10-23,TLKM,3360.0
2025-10-24,TLKM,3290.0
2025-10-27,TLKM,3330.0
2025-10-28,TLKM,3400.0
2025-10-29,TLKM,3290.0
2025-10-30,TLKM,3250.0
2025-10-31,TLKM,3210.0
2025-11-03,TLKM,3350.0
2025-11-04,TLKM,3500.0
2025-11-05,TLKM,3540.0
2025-11-06,TLKM,3480.0
2025-11-07,TLKM,3470.0
2025-11-10,TLKM,3440.0
2025-11-11,TLKM,3520.0
2025-11-12,TLKM,3560.0
2025-11-13,TLKM,3500.0
2025-11-14,TLKM,3550.0
2025-11-17,TLKM,3610.0
2025-11-18,TLKM,3620.0
2025-11-19,TLKM,3650.0
2025-11-20,TLKM,3640.0
2025-11-21,TLKM,3500.0
2025-11-24,TLKM,3700.0
2025-11-25,TLKM,3650.0
2025-11-26,TLKM,3720.0
2025-11-27,TLKM,3570.0
2025-11-28,TLKM,3510.0
2025-12-01,TLKM,3650.0
2025-12-02,TLKM,3560.0
2025-12-03,TLKM,3580.0
2025-12-04,TLKM,3630.0
2025-12-05,TLKM,3700.0
2025-12-08,TLKM,3630.0
2025-12-09,TLKM,3570.0
2025-12-10,TLKM,3640.0
2025-12-11,TLKM,3570.0
2025-12-12,TLKM,3550.0
2025-12-15,TLKM,3470.0
2025-12-16,TLKM,3520.0
2025-12-17,TLKM,3500.0
2025-12-18,TLKM,3460.0
2025-12-19,TLKM,3410.0
2025-12-22,TLKM,3470.0
2025-12-23,TLKM,3470.0
2025-12-24,TLKM,3460.0
2025-12-29,TLKM,3490.0
2025-12-30,TLKM,3480.0
2026-01-02,TLKM,3470.0
2026-01-05,TLKM,3580.0
2026-01-06,TLKM,3520.0
2026-01-07,TLKM,3540.0
2026-01-08,TLKM,3530.0
2026-01-09,TLKM,3450.0
2026-01-12,TLKM,3520.0
2026-01-13,TLKM,3620.0
2026-01-14,TLKM,3650.0
2026-01-15,TLKM,3660.0
2026-01-19,TLKM,3620.0
2026-01-20,TLKM,3600.0
2026-01-21,TLKM,3600.0
2026-01-22,TLKM,3740.0
2026-01-23,TLKM,3770.0
2026-01-26,TLKM,3850.0
2022-12-30,TOWR,989.8624877929688
2023-01-02,TOWR,1034.8560791015625
2023-01-03,TOWR,1057.35302734375
2023-01-04,TOWR,1048.354248046875
2023-01-05,TOWR,1030.356689453125
2023-01-06,TOWR,1039.3555908203125
2023-01-09,TOWR,1039.3555908203125
2023-01-10,TOWR,1039.3555908203125
2023-01-11,TOWR,1030.356689453125
2023-01-12,TOWR,1030.356689453125
2023-01-13,TOWR,1025.8575439453125
2023-01-16,TOWR,1034.8560791015625
2023-01-17,TOWR,1025.8575439453125
2023-01-18,TOWR,1052.853759765625
2023-01-19,TOWR,1043.85498046875
2023-01-20,TOWR,1021.3580932617188
2023-01-24,TOWR,1003.3606567382812
2023-01-25,TOWR,1003.3606567382812
2023-01-26,TOWR,1003.3606567382812
2023-01-27,TOWR,1012.3594360351562
2023-01-30,TOWR,1012.3594360351562
2023-01-31,TOWR,1007.8599853515625
2023-02-01,TOWR,1016.8587646484375
2023-02-02,TOWR,1012.3594360351562
2023-02-03,TOWR,1012.3594360351562
2023-02-06,TOWR,998.8612670898438
2023-02-07,TOWR,998.8612670898438
2023-02-08,TOWR,980.8636474609375
2023-02-09,TOWR,971.8649291992188
2023-02-10,TOWR,998.8612670898438
2023-02-13,TOWR,962.8662109375
2023-02-14,TOWR,971.8649291992188
2023-02-15,TOWR,976.3643188476562
2023-02-16,TOWR,980.8636474609375
2023-02-17,TOWR,989.8624877929688
2023-02-20,TOWR,989.8624877929688
2023-02-21,TOWR,989.8624877929688
2023-02-22,TOWR,967.365478515625
2023-02-23,TOWR,971.8649291992188
2023-02-24,TOWR,976.3643188476562
2023-02-27,TOWR,958.3668823242188
2023-02-28,TOWR,944.8687133789062
2023-03-01,TOWR,913.3731079101562
2023-03-02,TOWR,926.8712158203125
2023-03-03,TOWR,904.374267578125
2023-03-06,TOWR,904.374267578125
2023-03-07,TOWR,872.8787231445312
2023-03-08,TOWR,886.3768310546875
2023-03-09,TOWR,886.3768310546875
2023-03-10,TOWR,877.3781127929688
2023-03-13,TOWR,868.3793334960938
2023-03-14,TOWR,859.380615234375
2023-03-15,TOWR,827.8849487304688
2023-03-16,TOWR,818.88623046875
2023-03-17,TOWR,823.3855590820312
2023-03-20,TOWR,814.3869018554688
2023-03-21,TOWR,818.88623046875
2023-03-24,TOWR,805.3880615234375
2023-03-27,TOWR,818.88623046875
2023-03-28,TOWR,836.8836669921875
2023-03-29,TOWR,854.8811645507812
2023-03-30,TOWR,827.8849487304688
2023-03-31,TOWR,832.3843994140625
2023-04-03,TOWR,868.3793334960938
2023-04-04,TOWR,850.3818359375
2023-04-05,TOWR,841.383056640625
2023-04-06,TOWR,827.8849487304688
2023-04-10,TOWR,832.3843994140625
2023-04-11,TOWR,827.8849487304688
2023-04-12,TOWR,823.3855590820312
2023-04-13,TOWR,859.380615234375
2023-04-14,TOWR,890.8761596679688
2023-04-17,TOWR,886.3768310546875
2023-04-18,TOWR,895.3755493164062
2023-04-26,TOWR,926.8712158203125
2023-04-27,TOWR,949.3680419921875
2023-04-28,TOWR,922.371826171875
2023-05-02,TOWR,913.3731079101562
2023-05-03,TOWR,881.87744140625
2023-05-04,TOWR,913.3731079101562
2023-05-05,TOWR,908.8736572265625
2023-05-08,TOWR,904.374267578125
2023-05-09,TOWR,908.8736572265625
2023-05-10,TOWR,922.371826171875
2023-05-11,TOWR,908.8736572265625
2023-05-12,TOWR,881.87744140625
2023-05-15,TOWR,895.3755493164062
2023-05-16,TOWR,879.885986328125
2023-05-17,TOWR,925.7133178710938
2023-05-19,TOWR,948.6270751953125
2023-05-22,TOWR,925.7133178710938
2023-05-23,TOWR,925.7133178710938
2023-05-24,TOWR,921.1305541992188
2023-05-25,TOWR,934.8788452148438
2023-05-26,TOWR,925.7133178710938
2023-05-29,TOWR,921.1305541992188
2023-05-30,TOWR,911.965087890625
2023-05-31,TOWR,907.3823852539062
2023-06-05,TOWR,916.5478515625
2023-06-06,TOWR,911.965087890625
2023-06-07,TOWR,916.5478515625
2023-06-08,TOWR,916.5478515625
2023-06-09,TOWR,930.2960815429688
2023-06-12,TOWR,925.7133178710938
2023-06-13,TOWR,921.1305541992188
2023-06-14,TOWR,944.0443115234375
2023-06-15,TOWR,944.0443115234375
2023-06-16,TOWR,921.1305541992188
2023-06-19,TOWR,939.4615478515625
2023-06-20,TOWR,939.4615478515625
2023-06-21,TOWR,948.6270751953125
2023-06-22,TOWR,953.209716796875
2023-06-23,TOWR,966.9580078125
2023-06-26,TOWR,971.5406494140625
2023-06-27,TOWR,966.9580078125
2023-07-03,TOWR,962.3753051757812
2023-07-04,TOWR,985.2888793945312
2023-07-05,TOWR,1017.3681640625
2023-07-06,TOWR,1017.3681640625
2023-07-07,TOWR,1008.2027587890625
2023-07-10,TOWR,1012.7853393554688
2023-07-11,TOWR,1003.6199340820312
2023-07-12,TOWR,1017.3681640625
2023-07-13,TOWR,989.8717041015625
2023-07-14,TOWR,985.2888793945312
2023-07-17,TOWR,966.9580078125
2023-07-18,TOWR,962.3753051757812
2023-07-20,TOWR,948.6270751953125
2023-07-21,TOWR,971.5406494140625
2023-07-24,TOWR,939.4615478515625
2023-07-25,TOWR,944.0443115234375
2023-07-26,TOWR,944.0443115234375
2023-07-27,TOWR,934.8788452148438
2023-07-28,TOWR,925.7133178710938
2023-07-31,TOWR,930.2960815429688
2023-08-01,TOWR,934.8788452148438
2023-08-02,TOWR,893.6341552734375
2023-08-03,TOWR,889.0513916015625
2023-08-04,TOWR,884.4686889648438
2023-08-07,TOWR,889.0513916015625
2023-08-08,TOWR,870.7203979492188
2023-08-09,TOWR,884.4686889648438
2023-08-10,TOWR,898.2168579101562
2023-08-11,TOWR,902.7996215820312
2023-08-14,TOWR,902.7996215820312
2023-08-15,TOWR,925.7133178710938
2023-08-16,TOWR,916.5478515625
2023-08-18,TOWR,925.7133178710938
2023-08-21,TOWR,925.7133178710938
2023-08-22,TOWR,939.4615478515625
2023-08-23,TOWR,921.1305541992188
2023-08-24,TOWR,911.965087890625
2023-08-25,TOWR,934.8788452148438
2023-08-28,TOWR,930.2960815429688
2023-08-29,TOWR,925.7133178710938
2023-08-30,TOWR,962.3753051757812
2023-08-31,TOWR,944.0443115234375
2023-09-01,TOWR,944.0443115234375
2023-09-04,TOWR,948.6270751953125
2023-09-05,TOWR,948.6270751953125
2023-09-06,TOWR,948.6270751953125
2023-09-07,TOWR,953.209716796875
2023-09-08,TOWR,957.79248046875
2023-09-11,TOWR,980.7062377929688
2023-09-12,TOWR,957.79248046875
2023-09-13,TOWR,953.209716796875
2023-09-14,TOWR,939.4615478515625
2023-09-15,TOWR,934.8788452148438
2023-09-18,TOWR,934.8788452148438
2023-09-19,TOWR,939.4615478515625
2023-09-20,TOWR,916.5478515625
2023-09-21,TOWR,911.965087890625
2023-09-22,TOWR,902.7996215820312
2023-09-25,TOWR,884.4686889648438
2023-09-26,TOWR,884.4686889648438
2023-09-27,TOWR,879.885986328125
2023-09-29,TOWR,879.885986328125
2023-10-02,TOWR,879.885986328125
2023-10-03,TOWR,889.0513916015625
2023-10-04,TOWR,870.7203979492188
2023-10-05,TOWR,843.2239990234375
2023-10-06,TOWR,852.3894653320312
2023-10-09,TOWR,852.3894653320312
2023-10-10,TOWR,875.30322265625
2023-10-11,TOWR,875.30322265625
2023-10-12,TOWR,875.30322265625
2023-10-13,TOWR,866.1376953125
2023-10-16,TOWR,852.3894653320312
2023-10-17,TOWR,861.5550537109375
2023-10-18,TOWR,829.475830078125
2023-10-19,TOWR,824.89306640625
2023-10-20,TOWR,806.5621337890625
2023-10-23,TOWR,797.3966674804688
2023-10-24,TOWR,824.89306640625
2023-10-25,TOWR,801.9793701171875
2023-10-26,TOWR,756.1519775390625
2023-10-27,TOWR,756.1519775390625
2023-10-30,TOWR,774.48291015625
2023-10-31,TOWR,815.7275390625
2023-11-01,TOWR,779.0657348632812
2023-11-02,TOWR,856.9722290039062
2023-11-03,TOWR,875.30322265625
2023-11-06,TOWR,879.885986328125
2023-11-07,TOWR,879.885986328125
2023-11-08,TOWR,870.7203979492188
2023-11-09,TOWR,875.30322265625
2023-11-10,TOWR,856.9722290039062
2023-11-13,TOWR,870.7203979492188
2023-11-14,TOWR,852.3894653320312
2023-11-15,TOWR,879.885986328125
2023-11-16,TOWR,879.885986328125
2023-11-17,TOWR,898.2168579101562
2023-11-20,TOWR,898.2168579101562
2023-11-21,TOWR,907.3823852539062
2023-11-22,TOWR,898.2168579101562
2023-11-23,TOWR,889.0513916015625
2023-11-24,TOWR,893.6341552734375
2023-11-27,TOWR,889.0513916015625
2023-11-28,TOWR,907.3823852539062
2023-11-29,TOWR,907.3823852539062
2023-11-30,TOWR,916.5478515625
2023-12-01,TOWR,861.5550537109375
2023-12-04,TOWR,884.4686889648438
2023-12-05,TOWR,898.2168579101562
2023-12-06,TOWR,870.7203979492188
2023-12-07,TOWR,829.475830078125
2023-12-08,TOWR,829.475830078125
2023-12-11,TOWR,861.5550537109375
2023-12-12,TOWR,884.4686889648438
2023-12-13,TOWR,907.3823852539062
2023-12-14,TOWR,916.5478515625
2023-12-15,TOWR,922.080322265625
2023-12-18,TOWR,880.5867309570312
2023-12-19,TOWR,894.4179077148438
2023-12-20,TOWR,903.638671875
2023-12-21,TOWR,880.5867309570312
2023-12-22,TOWR,889.8074951171875
2023-12-27,TOWR,889.8074951171875
2023-12-28,TOWR,894.4179077148438
2023-12-29,TOWR,912.8594970703125
2024-01-02,TOWR,931.3010864257812
2024-01-03,TOWR,935.9115600585938
2024-01-04,TOWR,940.52197265625
2024-01-05,TOWR,917.4699096679688
2024-01-08,TOWR,899.0283203125
2024-01-09,TOWR,903.638671875
2024-01-10,TOWR,880.5867309570312
2024-01-11,TOWR,899.0283203125
2024-01-12,TOWR,903.638671875
2024-01-15,TOWR,908.2490844726562
2024-01-16,TOWR,880.5867309570312
2024-01-17,TOWR,875.9762573242188
2024-01-18,TOWR,866.7555541992188
2024-01-19,TOWR,866.7555541992188
2024-01-22,TOWR,880.5867309570312
2024-01-23,TOWR,889.8074951171875
2024-01-24,TOWR,889.8074951171875
2024-01-25,TOWR,848.3138427734375
2024-01-26,TOWR,843.7034301757812
2024-01-29,TOWR,843.7034301757812
2024-01-30,TOWR,806.8202514648438
2024-01-31,TOWR,820.6514282226562
2024-02-01,TOWR,839.0930786132812
2024-02-02,TOWR,852.92431640625
2024-02-05,TOWR,834.4827270507812
2024-02-06,TOWR,839.0930786132812
2024-02-07,TOWR,811.4307250976562
2024-02-12,TOWR,811.4307250976562
2024-02-13,TOWR,811.4307250976562
2024-02-15,TOWR,806.8202514648438
2024-02-16,TOWR,811.4307250976562
2024-02-19,TOWR,806.8202514648438
2024-02-20,TOWR,852.92431640625
2024-02-21,TOWR,848.3138427734375
2024-02-22,TOWR,857.53466796875
2024-02-23,TOWR,857.53466796875
2024-02-26,TOWR,857.53466796875
2024-02-27,TOWR,862.1450805664062
2024-02-28,TOWR,862.1450805664062
2024-02-29,TOWR,848.3138427734375
2024-03-01,TOWR,829.872314453125
2024-03-04,TOWR,820.6514282226562
2024-03-05,TOWR,811.4307250976562
2024-03-06,TOWR,806.8202514648438
2024-03-07,TOWR,816.0410766601562
2024-03-08,TOWR,820.6514282226562
2024-03-13,TOWR,806.8202514648438
2024-03-14,TOWR,829.872314453125
2024-03-15,TOWR,797.5994873046875
2024-03-18,TOWR,797.5994873046875
2024-03-19,TOWR,788.3786010742188
2024-03-20,TOWR,783.768310546875
2024-03-21,TOWR,788.3786010742188
2024-03-22,TOWR,806.8202514648438
2024-03-25,TOWR,797.5994873046875
2024-03-26,TOWR,802.2098999023438
2024-03-27,TOWR,788.3786010742188
2024-03-28,TOWR,792.989013671875
2024-04-01,TOWR,783.768310546875
2024-04-02,TOWR,788.3786010742188
2024-04-03,TOWR,788.3786010742188
2024-04-04,TOWR,788.3786010742188
2024-04-05,TOWR,788.3786010742188
2024-04-16,TOWR,751.4954833984375
2024-04-17,TOWR,737.6642456054688
2024-04-18,TOWR,742.2745971679688
2024-04-19,TOWR,737.6642456054688
2024-04-22,TOWR,719.2225952148438
2024-04-23,TOWR,737.6642456054688
2024-04-24,TOWR,737.6642456054688
2024-04-25,TOWR,751.4954833984375
2024-04-26,TOWR,733.0538940429688
2024-04-29,TOWR,742.2745971679688
2024-04-30,TOWR,742.2745971679688
2024-05-02,TOWR,728.4434204101562
2024-05-03,TOWR,737.6642456054688
2024-05-06,TOWR,737.6642456054688
2024-05-07,TOWR,733.0538940429688
2024-05-08,TOWR,733.0538940429688
2024-05-13,TOWR,719.2225952148438
2024-05-14,TOWR,719.2225952148438
2024-05-15,TOWR,691.5602416992188
2024-05-16,TOWR,700.781005859375
2024-05-17,TOWR,700.781005859375
2024-05-20,TOWR,705.3914794921875
2024-05-21,TOWR,686.9497680664062
2024-05-22,TOWR,705.3914794921875
2024-05-27,TOWR,654.677001953125
2024-05-28,TOWR,668.5082397460938
2024-05-29,TOWR,659.287353515625
2024-05-30,TOWR,663.8978271484375
2024-05-31,TOWR,636.2354125976562
2024-06-03,TOWR,636.2354125976562
2024-06-04,TOWR,659.287353515625
2024-06-05,TOWR,650.066650390625
2024-06-06,TOWR,668.5082397460938
2024-06-07,TOWR,668.5082397460938
2024-06-10,TOWR,663.8978271484375
2024-06-11,TOWR,654.677001953125
2024-06-12,TOWR,640.8458251953125
2024-06-13,TOWR,636.2354125976562
2024-06-14,TOWR,622.4042358398438
2024-06-19,TOWR,627.0145874023438
2024-06-20,TOWR,627.0145874023438
2024-06-21,TOWR,645.456298828125
2024-06-24,TOWR,622.4042358398438
2024-06-25,TOWR,631.625
2024-06-26,TOWR,631.625
2024-06-27,TOWR,659.287353515625
2024-06-28,TOWR,677.7290649414062
2024-07-01,TOWR,673.1185913085938
2024-07-02,TOWR,673.1185913085938
2024-07-03,TOWR,686.9497680664062
2024-07-04,TOWR,686.9497680664062
2024-07-05,TOWR,694.6046752929688
2024-07-08,TOWR,708.7802734375
2024-07-09,TOWR,741.856689453125
2024-07-10,TOWR,737.1314697265625
2024-07-11,TOWR,741.856689453125
2024-07-12,TOWR,765.4827270507812
2024-07-15,TOWR,756.0322875976562
2024-07-16,TOWR,746.5819091796875
2024-07-17,TOWR,751.30712890625
2024-07-18,TOWR,751.30712890625
2024-07-19,TOWR,737.1314697265625
2024-07-22,TOWR,737.1314697265625
2024-07-23,TOWR,751.30712890625
2024-07-24,TOWR,741.856689453125
2024-07-25,TOWR,746.5819091796875
2024-07-26,TOWR,746.5819091796875
2024-07-29,TOWR,741.856689453125
2024-07-30,TOWR,741.856689453125
2024-07-31,TOWR,751.30712890625
2024-08-01,TOWR,774.93310546875
2024-08-02,TOWR,789.1087036132812
2024-08-05,TOWR,756.0322875976562
2024-08-06,TOWR,770.2079467773438
2024-08-07,TOWR,779.6583251953125
2024-08-08,TOWR,779.6583251953125
2024-08-09,TOWR,789.1087036132812
2024-08-12,TOWR,774.93310546875
2024-08-13,TOWR,789.1087036132812
2024-08-14,TOWR,793.8339233398438
2024-08-15,TOWR,779.6583251953125
2024-08-16,TOWR,770.2079467773438
2024-08-19,TOWR,756.0322875976562
2024-08-20,TOWR,765.4827270507812
2024-08-21,TOWR,770.2079467773438
2024-08-22,TOWR,760.7575073242188
2024-08-23,TOWR,765.4827270507812
2024-08-26,TOWR,770.2079467773438
2024-08-27,TOWR,779.6583251953125
2024-08-28,TOWR,784.383544921875
2024-08-29,TOWR,784.383544921875
2024-08-30,TOWR,789.1087036132812
2024-09-02,TOWR,789.1087036132812
2024-09-03,TOWR,770.2079467773438
2024-09-04,TOWR,770.2079467773438
2024-09-05,TOWR,789.1087036132812
2024-09-06,TOWR,793.8339233398438
2024-09-09,TOWR,793.8339233398438
2024-09-10,TOWR,831.6355590820312
2024-09-11,TOWR,812.7346801757812
2024-09-12,TOWR,812.7346801757812
2024-09-13,TOWR,812.7346801757812
2024-09-17,TOWR,798.55908203125
2024-09-18,TOWR,756.0322875976562
2024-09-19,TOWR,808.009521484375
2024-09-20,TOWR,793.8339233398438
2024-09-23,TOWR,798.55908203125
2024-09-24,TOWR,808.009521484375
2024-09-25,TOWR,808.009521484375
2024-09-26,TOWR,808.009521484375
2024-09-27,TOWR,808.009521484375
2024-09-30,TOWR,808.009521484375
2024-10-01,TOWR,822.1851196289062
2024-10-02,TOWR,808.009521484375
2024-10-03,TOWR,798.55908203125
2024-10-04,TOWR,803.2843017578125
2024-10-07,TOWR,798.55908203125
2024-10-08,TOWR,793.8339233398438
2024-10-09,TOWR,793.8339233398438
2024-10-10,TOWR,793.8339233398438
2024-10-11,TOWR,793.8339233398438
2024-10-14,TOWR,770.2079467773438
2024-10-15,TOWR,779.6583251953125
2024-10-16,TOWR,774.93310546875
2024-10-17,TOWR,765.4827270507812
2024-10-18,TOWR,765.4827270507812
2024-10-21,TOWR,770.2079467773438
2024-10-22,TOWR,765.4827270507812
2024-10-23,TOWR,756.0322875976562
2024-10-24,TOWR,760.7575073242188
2024-10-25,TOWR,751.30712890625
2024-10-28,TOWR,732.40625
2024-10-29,TOWR,741.856689453125
2024-10-30,TOWR,746.5819091796875
2024-10-31,TOWR,756.0322875976562
2024-11-01,TOWR,756.0322875976562
2024-11-04,TOWR,741.856689453125
2024-11-05,TOWR,741.856689453125
2024-11-06,TOWR,727.6810913085938
2024-11-07,TOWR,737.1314697265625
2024-11-08,TOWR,713.5054931640625
2024-11-11,TOWR,708.7802734375
2024-11-12,TOWR,699.3298950195312
2024-11-13,TOWR,694.6046752929688
2024-11-14,TOWR,685.154296875
2024-11-15,TOWR,680.4290161132812
2024-11-18,TOWR,670.9786376953125
2024-11-19,TOWR,680.4290161132812
2024-11-20,TOWR,680.4290161132812
2024-11-21,TOWR,680.4290161132812
2024-11-22,TOWR,680.4290161132812
2024-11-25,TOWR,666.2534790039062
2024-11-26,TOWR,666.2534790039062
2024-11-28,TOWR,666.2534790039062
2024-11-29,TOWR,666.2534790039062
2024-12-02,TOWR,652.077880859375
2024-12-03,TOWR,652.077880859375
2024-12-04,TOWR,670.9786376953125
2024-12-05,TOWR,680.4290161132812
2024-12-06,TOWR,670.9786376953125
2024-12-09,TOWR,689.8794555664062
2024-12-10,TOWR,680.4290161132812
2024-12-11,TOWR,675.7037963867188
2024-12-12,TOWR,647.3526611328125
2024-12-13,TOWR,652.077880859375
2024-12-16,TOWR,642.62744140625
2024-12-17,TOWR,642.62744140625
2024-12-18,TOWR,623.7266235351562
2024-12-19,TOWR,614.2762451171875
2024-12-20,TOWR,576.4746704101562
2024-12-23,TOWR,581.1998291015625
2024-12-24,TOWR,585.925048828125
2024-12-27,TOWR,600.1006469726562
2024-12-30,TOWR,619.0014038085938
2025-01-02,TOWR,604.8258666992188
2025-01-03,TOWR,680.4290161132812
2025-01-06,TOWR,661.5283203125
2025-01-07,TOWR,662.4815063476562
2025-01-08,TOWR,643.417236328125
2025-01-09,TOWR,638.6511840820312
2025-01-10,TOWR,643.417236328125
2025-01-13,TOWR,619.5869750976562
2025-01-14,TOWR,614.8209838867188
2025-01-15,TOWR,643.417236328125
2025-01-16,TOWR,648.183349609375
2025-01-17,TOWR,629.119140625
2025-01-20,TOWR,633.8851928710938
2025-01-21,TOWR,638.6511840820312
2025-01-22,TOWR,652.9494018554688
2025-01-23,TOWR,662.4815063476562
2025-01-24,TOWR,648.183349609375
2025-01-30,TOWR,638.6511840820312
2025-01-31,TOWR,605.288818359375
2025-02-03,TOWR,600.5227661132812
2025-02-04,TOWR,600.5227661132812
2025-02-05,TOWR,600.5227661132812
2025-02-06,TOWR,600.5227661132812
2025-02-07,TOWR,600.5227661132812
2025-02-10,TOWR,586.224609375
2025-02-11,TOWR,567.160400390625
2025-02-12,TOWR,581.4585571289062
2025-02-13,TOWR,581.4585571289062
2025-02-14,TOWR,586.224609375
2025-02-17,TOWR,600.5227661132812
2025-02-18,TOWR,595.7567138671875
2025-02-19,TOWR,571.9264526367188
2025-02-20,TOWR,581.4585571289062
2025-02-21,TOWR,567.160400390625
2025-02-24,TOWR,552.8622436523438
2025-02-25,TOWR,543.3302001953125
2025-02-26,TOWR,543.3302001953125
2025-02-27,TOWR,529.0320434570312
2025-02-28,TOWR,495.6695861816406
2025-03-03,TOWR,529.0320434570312
2025-03-04,TOWR,509.9678039550781
2025-03-05,TOWR,519.4998779296875
2025-03-06,TOWR,509.9678039550781
2025-03-07,TOWR,509.9678039550781
2025-03-10,TOWR,500.4356689453125
2025-03-11,TOWR,486.1374816894531
2025-03-12,TOWR,486.1374816894531
2025-03-13,TOWR,490.903564453125
2025-03-14,TOWR,481.3714294433594
2025-03-17,TOWR,495.6695861816406
2025-03-18,TOWR,490.903564453125
2025-03-19,TOWR,495.6695861816406
2025-03-20,TOWR,495.6695861816406
2025-03-21,TOWR,500.4356689453125
2025-03-24,TOWR,481.3714294433594
2025-03-25,TOWR,481.3714294433594
2025-03-26,TOWR,500.4356689453125
2025-03-27,TOWR,481.3714294433594
2025-04-08,TOWR,438.4769287109375
2025-04-09,TOWR,446.1026306152344
2025-04-10,TOWR,490.903564453125
2025-04-11,TOWR,486.1374816894531
2025-04-14,TOWR,500.4356689453125
2025-04-15,TOWR,500.4356689453125
2025-04-16,TOWR,490.903564453125
2025-04-17,TOWR,509.9678039550781
2025-04-21,TOWR,509.9678039550781
2025-04-22,TOWR,514.7338256835938
2025-04-23,TOWR,524.2659301757812
2025-04-24,TOWR,519.4998779296875
2025-04-25,TOWR,529.0320434570312
2025-04-28,TOWR,538.5640869140625
2025-04-29,TOWR,562.3944091796875
2025-04-30,TOWR,543.3302001953125
2025-05-02,TOWR,557.6282958984375
2025-05-05,TOWR,562.3794555664062
2025-05-06,TOWR,557.5313720703125
2025-05-07,TOWR,572.07568359375
2025-05-08,TOWR,581.7717895507812
2025-05-09,TOWR,581.7717895507812
2025-05-14,TOWR,606.0123291015625
2025-05-15,TOWR,596.3161010742188
2025-05-16,TOWR,596.3161010742188
2025-05-19,TOWR,581.7717895507812
2025-05-20,TOWR,591.468017578125
2025-05-21,TOWR,596.3161010742188
2025-05-22,TOWR,581.7717895507812
2025-05-23,TOWR,576.9237060546875
2025-05-26,TOWR,562.3794555664062
2025-05-27,TOWR,562.3794555664062
2025-05-28,TOWR,567.2275390625
2025-06-02,TOWR,552.6832885742188
2025-06-03,TOWR,533.2908325195312
2025-06-04,TOWR,538.1389770507812
2025-06-05,TOWR,513.8984375
2025-06-10,TOWR,509.05035400390625
2025-06-11,TOWR,533.2908325195312
2025-06-12,TOWR,528.4427490234375
2025-06-13,TOWR,518.74658203125
2025-06-16,TOWR,513.8984375
2025-06-17,TOWR,518.74658203125
2025-06-18,TOWR,494.50604248046875
2025-06-19,TOWR,484.8098449707031
2025-06-20,TOWR,471.23516845703125
2025-06-23,TOWR,465.41748046875
2025-06-24,TOWR,473.1744384765625
2025-06-25,TOWR,478.99212646484375
2025-06-26,TOWR,480.931396484375
2025-06-30,TOWR,478.99212646484375
2025-07-01,TOWR,478.99212646484375
2025-07-02,TOWR,533.2908325195312
2025-07-03,TOWR,518.74658203125
2025-07-04,TOWR,504.2022399902344
2025-07-07,TOWR,504.2022399902344
2025-07-08,TOWR,518.74658203125
2025-07-09,TOWR,509.05035400390625
2025-07-10,TOWR,528.4427490234375
2025-07-11,TOWR,528.4427490234375
2025-07-14,TOWR,538.1389770507812
2025-07-15,TOWR,567.2275390625
2025-07-16,TOWR,562.3794555664062
2025-07-17,TOWR,572.07568359375
2025-07-18,TOWR,557.5313720703125
2025-07-21,TOWR,639.9490356445312
2025-07-22,TOWR,630.2528076171875
2025-07-23,TOWR,654.4932861328125
2025-07-24,TOWR,639.9490356445312
2025-07-25,TOWR,639.9490356445312
2025-07-28,TOWR,654.4932861328125
2025-07-29,TOWR,654.4932861328125
2025-07-30,TOWR,639.9490356445312
2025-07-31,TOWR,591.468017578125
2025-08-01,TOWR,610.8604125976562
2025-08-04,TOWR,615.70849609375
2025-08-05,TOWR,601.1641845703125
2025-08-06,TOWR,591.468017578125
2025-08-07,TOWR,601.1641845703125
2025-08-08,TOWR,601.1641845703125
2025-08-11,TOWR,625.4047241210938
2025-08-12,TOWR,620.556640625
2025-08-13,TOWR,625.4047241210938
2025-08-14,TOWR,615.70849609375
2025-08-15,TOWR,596.3161010742188
2025-08-19,TOWR,596.3161010742188
2025-08-20,TOWR,606.0123291015625
2025-08-21,TOWR,596.3161010742188
2025-08-22,TOWR,586.6199340820312
2025-08-25,TOWR,664.1895141601562
2025-08-26,TOWR,615.70849609375
2025-08-27,TOWR,630.2528076171875
2025-08-28,TOWR,625.4047241210938
2025-08-29,TOWR,596.3161010742188
2025-09-01,TOWR,586.6199340820312
2025-09-02,TOWR,576.9237060546875
2025-09-03,TOWR,576.9237060546875
2025-09-04,TOWR,581.7717895507812
2025-09-08,TOWR,572.07568359375
2025-09-09,TOWR,572.07568359375
2025-09-10,TOWR,562.3794555664062
2025-09-11,TOWR,567.2275390625
2025-09-12,TOWR,567.2275390625
2025-09-15,TOWR,572.07568359375
2025-09-16,TOWR,581.7717895507812
2025-09-17,TOWR,591.468017578125
2025-09-18,TOWR,572.07568359375
2025-09-19,TOWR,591.468017578125
2025-09-22,TOWR,591.468017578125
2025-09-23,TOWR,596.3161010742188
2025-09-24,TOWR,581.7717895507812
2025-09-25,TOWR,567.2275390625
2025-09-26,TOWR,572.07568359375
2025-09-29,TOWR,572.07568359375
2025-09-30,TOWR,567.2275390625
2025-10-01,TOWR,557.5313720703125
2025-10-02,TOWR,547.8351440429688
2025-10-03,TOWR,509.05035400390625
2025-10-06,TOWR,499.3541564941406
2025-10-07,TOWR,499.3541564941406
2025-10-08,TOWR,494.50604248046875
2025-10-09,TOWR,513.8984375
2025-10-10,TOWR,509.05035400390625
2025-10-13,TOWR,509.05035400390625
2025-10-14,TOWR,523.5946655273438
2025-10-15,TOWR,538.1389770507812
2025-10-16,TOWR,538.1389770507812
2025-10-17,TOWR,528.4427490234375
2025-10-20,TOWR,528.4427490234375
2025-10-21,TOWR,528.4427490234375
2025-10-22,TOWR,523.5946655273438
2025-10-23,TOWR,528.4427490234375
2025-10-24,TOWR,518.74658203125
2025-10-27,TOWR,509.05035400390625
2025-10-28,TOWR,509.05035400390625
2025-10-29,TOWR,513.8984375
2025-10-30,TOWR,533.2908325195312
2025-10-31,TOWR,528.4427490234375
2025-11-03,TOWR,533.2908325195312
2025-11-04,TOWR,523.5946655273438
2025-11-05,TOWR,523.5946655273438
2025-11-06,TOWR,518.74658203125
2025-11-07,TOWR,523.5946655273438
2025-11-10,TOWR,552.6832885742188
2025-11-11,TOWR,547.8351440429688
2025-11-12,TOWR,542.987060546875
2025-11-13,TOWR,528.4427490234375
2025-11-14,TOWR,523.5946655273438
2025-11-17,TOWR,528.4427490234375
2025-11-18,TOWR,523.5946655273438
2025-11-19,TOWR,533.2908325195312
2025-11-20,TOWR,533.2908325195312
2025-11-21,TOWR,523.5946655273438
2025-11-24,TOWR,523.5946655273438
2025-11-25,TOWR,518.74658203125
2025-11-26,TOWR,523.5946655273438
2025-11-27,TOWR,523.5946655273438
2025-11-28,TOWR,528.4427490234375
2025-12-01,TOWR,528.4427490234375
2025-12-02,TOWR,538.1389770507812
2025-12-03,TOWR,538.1389770507812
2025-12-04,TOWR,542.987060546875
2025-12-05,TOWR,538.1389770507812
2025-12-08,TOWR,547.8351440429688
2025-12-09,TOWR,538.1389770507812
2025-12-10,TOWR,535.0659790039062
2025-12-11,TOWR,525.248291015625
2025-12-12,TOWR,530.1571655273438
2025-12-15,TOWR,559.6102905273438
2025-12-16,TOWR,535.0659790039062
2025-12-17,TOWR,544.8837280273438
2025-12-18,TOWR,559.6102905273438
2025-12-19,TOWR,569.4280395507812
2025-12-22,TOWR,569.4280395507812
2025-12-23,TOWR,574.3369140625
2025-12-24,TOWR,574.3369140625
2025-12-29,TOWR,584.1546020507812
2025-12-30,TOWR,574.3369140625
2026-01-02,TOWR,574.3369140625
2026-01-05,TOWR,564.5191650390625
2026-01-06,TOWR,554.7014770507812
2026-01-07,TOWR,554.7014770507812
2026-01-08,TOWR,544.8837280273438
2026-01-09,TOWR,559.6102905273438
2026-01-12,TOWR,549.7926025390625
2026-01-13,TOWR,544.8837280273438
2026-01-14,TOWR,539.974853515625
2026-01-15,TOWR,539.974853515625
2026-01-19,TOWR,535.0659790039062
2026-01-20,TOWR,549.7926025390625
2026-01-21,TOWR,564.5191650390625
2026-01-22,TOWR,608.6989135742188
2026-01-23,TOWR,613.6077880859375
2026-01-26,TOWR,613.6077880859375
2022-12-30,UNTR,16369.5166015625
2023-01-02,UNTR,16196.8759765625
2023-01-03,UNTR,16259.6533203125
2023-01-04,UNTR,15161.029296875
2023-01-05,UNTR,15490.6171875
2023-01-06,UNTR,15678.951171875
2023-01-09,UNTR,15506.3125
2023-01-10,UNTR,15663.2568359375
2023-01-11,UNTR,15741.73046875
2023-01-12,UNTR,15663.2568359375
2023-01-13,UNTR,15161.029296875
2023-01-16,UNTR,15208.11328125
2023-01-17,UNTR,15270.8916015625
2023-01-18,UNTR,15537.7021484375
2023-01-19,UNTR,16479.37890625
2023-01-20,UNTR,16808.96875
2023-01-24,UNTR,16400.904296875
2023-01-25,UNTR,16353.8212890625
2023-01-26,UNTR,15851.59375
2023-01-27,UNTR,16055.6240234375
2023-01-30,UNTR,15851.59375
2023-01-31,UNTR,15412.140625
2023-02-01,UNTR,15522.005859375
2023-02-02,UNTR,15129.640625
2023-02-03,UNTR,15066.8603515625
2023-02-06,UNTR,15019.775390625
2023-02-07,UNTR,15631.8681640625
2023-02-08,UNTR,15569.0888671875
2023-02-09,UNTR,15380.75390625
2023-02-10,UNTR,15380.75390625
2023-02-13,UNTR,15459.2265625
2023-02-14,UNTR,15537.7021484375
2023-02-15,UNTR,15616.173828125
2023-02-16,UNTR,15474.921875
2023-02-17,UNTR,15459.2265625
2023-02-20,UNTR,15255.1962890625
2023-02-21,UNTR,15066.8603515625
2023-02-22,UNTR,15270.8916015625
2023-02-23,UNTR,15506.3125
2023-02-24,UNTR,15663.2568359375
2023-02-27,UNTR,15804.5087890625
2023-02-28,UNTR,17515.2265625
2023-03-01,UNTR,17311.1953125
2023-03-02,UNTR,17782.03515625
2023-03-03,UNTR,17656.4765625
2023-03-06,UNTR,17358.27734375
2023-03-07,UNTR,16840.353515625
2023-03-08,UNTR,16573.546875
2023-03-09,UNTR,16965.9140625
2023-03-10,UNTR,16840.353515625
2023-03-13,UNTR,17625.087890625
2023-03-14,UNTR,17012.998046875
2023-03-15,UNTR,17107.166015625
2023-03-16,UNTR,16903.134765625
2023-03-17,UNTR,17860.505859375
2023-03-20,UNTR,17389.66796875
2023-03-21,UNTR,17248.416015625
2023-03-24,UNTR,17373.974609375
2023-03-27,UNTR,17452.447265625
2023-03-28,UNTR,17938.982421875
2023-03-29,UNTR,18284.263671875
2023-03-30,UNTR,18190.095703125
2023-03-31,UNTR,18268.5703125
2023-04-03,UNTR,18111.625
2023-04-04,UNTR,18598.154296875
2023-04-05,UNTR,18708.01953125
2023-04-06,UNTR,18708.01953125
2023-04-10,UNTR,18959.1328125
2023-04-11,UNTR,19084.689453125
2023-04-12,UNTR,19618.30859375
2023-04-13,UNTR,19492.751953125
2023-04-14,UNTR,18974.828125
2023-04-17,UNTR,19147.470703125
2023-04-18,UNTR,19508.447265625
2023-04-26,UNTR,19712.474609375
2023-04-27,UNTR,19508.447265625
2023-04-28,UNTR,22651.4296875
2023-05-02,UNTR,21083.85546875
2023-05-03,UNTR,19614.255859375
2023-05-04,UNTR,19202.76953125
2023-05-05,UNTR,18928.44140625
2023-05-08,UNTR,19594.66015625
2023-05-09,UNTR,19810.201171875
2023-05-10,UNTR,19810.201171875
2023-05-11,UNTR,19457.498046875
2023-05-12,UNTR,19437.90234375
2023-05-15,UNTR,19202.76953125
2023-05-16,UNTR,19163.578125
2023-05-17,UNTR,18830.46875
2023-05-19,UNTR,18262.224609375
2023-05-22,UNTR,18712.900390625
2023-05-23,UNTR,19202.76953125
2023-05-24,UNTR,19281.146484375
2023-05-25,UNTR,18418.98046875
2023-05-26,UNTR,18085.87109375
2023-05-29,UNTR,17929.115234375
2023-05-30,UNTR,17635.1953125
2023-05-31,UNTR,17419.65234375
2023-06-05,UNTR,17909.51953125
2023-06-06,UNTR,18183.84375
2023-06-07,UNTR,17909.51953125
2023-06-08,UNTR,18281.818359375
2023-06-09,UNTR,18085.87109375
2023-06-12,UNTR,18438.578125
2023-06-13,UNTR,18007.494140625
2023-06-14,UNTR,18007.494140625
2023-06-15,UNTR,18144.658203125
2023-06-16,UNTR,17948.708984375
2023-06-19,UNTR,18144.658203125
2023-06-20,UNTR,18125.0625
2023-06-21,UNTR,18301.4140625
2023-06-22,UNTR,18438.578125
2023-06-23,UNTR,18321.0078125
2023-06-26,UNTR,18242.626953125
2023-06-27,UNTR,18242.626953125
2023-07-03,UNTR,18066.27734375
2023-07-04,UNTR,18105.466796875
2023-07-05,UNTR,18575.73828125
2023-07-06,UNTR,18850.064453125
2023-07-07,UNTR,18614.92578125
2023-07-10,UNTR,18889.25390625
2023-07-11,UNTR,19183.173828125
2023-07-12,UNTR,18810.875
2023-07-13,UNTR,18928.44140625
2023-07-14,UNTR,18928.44140625
2023-07-17,UNTR,18987.2265625
2023-07-18,UNTR,19006.8203125
2023-07-20,UNTR,19104.794921875
2023-07-21,UNTR,19202.76953125
2023-07-24,UNTR,19908.177734375
2023-07-25,UNTR,19908.177734375
2023-07-26,UNTR,20691.962890625
2023-07-27,UNTR,20672.369140625
2023-07-28,UNTR,20887.91015625
2023-07-31,UNTR,21573.72265625
2023-08-01,UNTR,21573.72265625
2023-08-02,UNTR,20946.693359375
2023-08-03,UNTR,21279.802734375
2023-08-04,UNTR,21416.96484375
2023-08-07,UNTR,21495.34375
2023-08-08,UNTR,21573.72265625
2023-08-09,UNTR,21750.07421875
2023-08-10,UNTR,21632.5078125
2023-08-11,UNTR,21240.61328125
2023-08-14,UNTR,21514.9375
2023-08-15,UNTR,21456.154296875
2023-08-16,UNTR,21554.12890625
2023-08-18,UNTR,21005.4765625
2023-08-21,UNTR,21221.017578125
2023-08-22,UNTR,21632.5078125
2023-08-23,UNTR,21848.046875
2023-08-24,UNTR,20927.099609375
2023-08-25,UNTR,20417.638671875
2023-08-28,UNTR,20691.962890625
2023-08-29,UNTR,20652.771484375
2023-08-30,UNTR,20496.015625
2023-08-31,UNTR,20378.44921875
2023-09-01,UNTR,20652.771484375
2023-09-04,UNTR,21025.0703125
2023-09-05,UNTR,21318.9921875
2023-09-06,UNTR,21475.75
2023-09-07,UNTR,21279.802734375
2023-09-08,UNTR,21397.369140625
2023-09-11,UNTR,21083.85546875
2023-09-12,UNTR,21221.017578125
2023-09-13,UNTR,21299.3984375
2023-09-14,UNTR,21475.75
2023-09-15,UNTR,22279.130859375
2023-09-18,UNTR,22024.400390625
2023-09-19,UNTR,22200.75
2023-09-20,UNTR,22337.9140625
2023-09-21,UNTR,22200.75
2023-09-22,UNTR,22220.345703125
2023-09-25,UNTR,22141.96875
2023-09-26,UNTR,21750.07421875
2023-09-27,UNTR,22181.158203125
2023-09-29,UNTR,22141.96875
2023-10-02,UNTR,21887.236328125
2023-10-03,UNTR,21162.232421875
2023-10-04,UNTR,20829.125
2023-10-05,UNTR,20496.015625
2023-10-06,UNTR,20691.962890625
2023-10-09,UNTR,20927.099609375
2023-10-10,UNTR,21064.26171875
2023-10-11,UNTR,21145.54296875
2023-10-12,UNTR,20823.6328125
2023-10-13,UNTR,20984.587890625
2023-10-16,UNTR,21286.380859375
2023-10-17,UNTR,21226.021484375
2023-10-18,UNTR,21165.6640625
2023-10-19,UNTR,20944.34765625
2023-10-20,UNTR,20783.392578125
2023-10-23,UNTR,20119.453125
2023-10-24,UNTR,20320.646484375
2023-10-25,UNTR,21185.783203125
2023-10-26,UNTR,21065.06640625
2023-10-27,UNTR,20541.95703125
2023-10-30,UNTR,19636.58203125
2023-10-31,UNTR,20220.048828125
2023-11-01,UNTR,19395.15234375
2023-11-02,UNTR,19093.359375
2023-11-03,UNTR,19133.599609375
2023-11-06,UNTR,19113.478515625
2023-11-07,UNTR,18811.685546875
2023-11-08,UNTR,18348.94140625
2023-11-09,UNTR,18409.296875
2023-11-10,UNTR,18590.373046875
2023-11-13,UNTR,18711.091796875
2023-11-14,UNTR,18711.091796875
2023-11-15,UNTR,18831.80859375
2023-11-16,UNTR,18872.046875
2023-11-17,UNTR,18409.296875
2023-11-20,UNTR,18469.654296875
2023-11-21,UNTR,18328.8203125
2023-11-22,UNTR,17966.669921875
2023-11-23,UNTR,18127.623046875
2023-11-24,UNTR,18208.1015625
2023-11-27,UNTR,18067.267578125
2023-11-28,UNTR,18107.5078125
2023-11-29,UNTR,18067.267578125
2023-11-30,UNTR,17624.638671875
2023-12-01,UNTR,17825.833984375
2023-12-04,UNTR,18047.1484375
2023-12-05,UNTR,17745.35546875
2023-12-06,UNTR,17403.326171875
2023-12-07,UNTR,17463.68359375
2023-12-08,UNTR,17946.548828125
2023-12-11,UNTR,17564.28125
2023-12-12,UNTR,17584.40234375
2023-12-13,UNTR,16839.98046875
2023-12-14,UNTR,17262.48828125
2023-12-15,UNTR,17121.65234375
2023-12-18,UNTR,17544.162109375
2023-12-19,UNTR,17564.28125
2023-12-20,UNTR,17544.162109375
2023-12-21,UNTR,17705.119140625
2023-12-22,UNTR,17725.23828125
2023-12-27,UNTR,18047.1484375
2023-12-28,UNTR,18268.462890625
2023-12-29,UNTR,18208.1015625
2024-01-02,UNTR,18892.166015625
2024-01-03,UNTR,18690.970703125
2024-01-04,UNTR,18731.20703125
2024-01-05,UNTR,18711.091796875
2024-01-08,UNTR,18530.013671875
2024-01-09,UNTR,18590.373046875
2024-01-10,UNTR,18751.330078125
2024-01-11,UNTR,18751.330078125
2024-01-12,UNTR,19234.1953125
2024-01-15,UNTR,19898.138671875
2024-01-16,UNTR,19797.541015625
2024-01-17,UNTR,19495.75
2024-01-18,UNTR,19395.15234375
2024-01-19,UNTR,19375.03125
2024-01-22,UNTR,18711.091796875
2024-01-23,UNTR,18268.462890625
2024-01-24,UNTR,18147.74609375
2024-01-25,UNTR,18610.494140625
2024-01-26,UNTR,18489.77734375
2024-01-29,UNTR,18771.447265625
2024-01-30,UNTR,18389.1796875
2024-01-31,UNTR,18469.654296875
2024-02-01,UNTR,18348.94140625
2024-02-02,UNTR,18389.1796875
2024-02-05,UNTR,18248.33984375
2024-02-06,UNTR,18348.94140625
2024-02-07,UNTR,18429.41796875
2024-02-12,UNTR,18690.970703125
2024-02-13,UNTR,18630.61328125
2024-02-15,UNTR,18670.8515625
2024-02-16,UNTR,18711.091796875
2024-02-19,UNTR,18469.654296875
2024-02-20,UNTR,18429.41796875
2024-02-21,UNTR,18530.013671875
2024-02-22,UNTR,18610.494140625
2024-02-23,UNTR,18348.94140625
2024-02-26,UNTR,18509.89453125
2024-02-27,UNTR,19193.95703125
2024-02-28,UNTR,19193.95703125
2024-02-29,UNTR,18932.40625
2024-03-01,UNTR,19093.359375
2024-03-04,UNTR,19314.671875
2024-03-05,UNTR,19415.26953125
2024-03-06,UNTR,19576.2265625
2024-03-07,UNTR,19314.671875
2024-03-08,UNTR,19455.51171875
2024-03-13,UNTR,18932.40625
2024-03-14,UNTR,19415.26953125
2024-03-15,UNTR,19455.51171875
2024-03-18,UNTR,19535.98828125
2024-03-19,UNTR,19616.466796875
2024-03-20,UNTR,19757.30078125
2024-03-21,UNTR,19938.375
2024-03-22,UNTR,19797.541015625
2024-03-25,UNTR,19757.30078125
2024-03-26,UNTR,19556.107421875
2024-03-27,UNTR,19797.541015625
2024-03-28,UNTR,19455.51171875
2024-04-01,UNTR,19334.79296875
2024-04-02,UNTR,20038.974609375
2024-04-03,UNTR,20320.646484375
2024-04-04,UNTR,20159.689453125
2024-04-05,UNTR,20320.646484375
2024-04-16,UNTR,21125.42578125
2024-04-17,UNTR,20582.19921875
2024-04-18,UNTR,20541.95703125
2024-04-19,UNTR,20401.125
2024-04-22,UNTR,20360.884765625
2024-04-23,UNTR,20079.212890625
2024-04-24,UNTR,19998.736328125
2024-04-25,UNTR,19515.8671875
2024-04-26,UNTR,19435.390625
2024-04-29,UNTR,20018.85546875
2024-04-30,UNTR,19978.615234375
2024-05-02,UNTR,19556.107421875
2024-05-03,UNTR,19274.435546875
2024-05-06,UNTR,19290.796875
2024-05-07,UNTR,19161.619140625
2024-05-08,UNTR,19032.4375
2024-05-13,UNTR,19118.556640625
2024-05-14,UNTR,19376.916015625
2024-05-15,UNTR,19161.619140625
2024-05-16,UNTR,19075.498046875
2024-05-17,UNTR,19204.677734375
2024-05-20,UNTR,19678.3359375
2024-05-21,UNTR,19312.328125
2024-05-22,UNTR,19463.037109375
2024-05-27,UNTR,19484.56640625
2024-05-28,UNTR,19355.38671875
2024-05-29,UNTR,19398.447265625
2024-05-30,UNTR,19183.1484375
2024-05-31,UNTR,19010.91015625
2024-06-03,UNTR,19785.984375
2024-06-04,UNTR,19785.984375
2024-06-05,UNTR,19441.505859375
2024-06-06,UNTR,19441.505859375
2024-06-07,UNTR,19635.27734375
2024-06-10,UNTR,19226.208984375
2024-06-11,UNTR,18817.140625
2024-06-12,UNTR,18946.318359375
2024-06-13,UNTR,18967.8515625
2024-06-14,UNTR,18278.890625
2024-06-19,UNTR,18429.6015625
2024-06-20,UNTR,18989.37890625
2024-06-21,UNTR,18623.37109375
2024-06-24,UNTR,18709.490234375
2024-06-25,UNTR,18623.37109375
2024-06-26,UNTR,18731.021484375
2024-06-27,UNTR,18731.021484375
2024-06-28,UNTR,18924.7890625
2024-07-01,UNTR,19053.970703125
2024-07-02,UNTR,19204.677734375
2024-07-03,UNTR,20151.9921875
2024-07-04,UNTR,20410.3515625
2024-07-05,UNTR,20496.47265625
2024-07-08,UNTR,20668.7109375
2024-07-09,UNTR,20388.822265625
2024-07-10,UNTR,20281.171875
2024-07-11,UNTR,20238.11328125
2024-07-12,UNTR,20238.11328125
2024-07-15,UNTR,20453.41015625
2024-07-16,UNTR,20496.47265625
2024-07-17,UNTR,20496.47265625
2024-07-18,UNTR,20970.12890625
2024-07-19,UNTR,21228.48828125
2024-07-22,UNTR,21788.265625
2024-07-23,UNTR,21400.728515625
2024-07-24,UNTR,21379.197265625
2024-07-25,UNTR,21443.787109375
2024-07-26,UNTR,21508.376953125
2024-07-29,UNTR,21250.017578125
2024-07-30,UNTR,21529.90625
2024-07-31,UNTR,22218.86328125
2024-08-01,UNTR,22003.564453125
2024-08-02,UNTR,22089.68359375
2024-08-05,UNTR,21034.71875
2024-08-06,UNTR,20797.890625
2024-08-07,UNTR,21293.078125
2024-08-08,UNTR,21206.95703125
2024-08-09,UNTR,21271.546875
2024-08-12,UNTR,21702.14453125
2024-08-13,UNTR,21551.4375
2024-08-14,UNTR,21572.966796875
2024-08-15,UNTR,21357.66796875
2024-08-16,UNTR,21594.49609375
2024-08-19,UNTR,21616.025390625
2024-08-20,UNTR,21680.615234375
2024-08-21,UNTR,21659.0859375
2024-08-22,UNTR,22584.87109375
2024-08-23,UNTR,23187.708984375
2024-08-26,UNTR,23209.240234375
2024-08-27,UNTR,23467.59765625
2024-08-28,UNTR,23855.13671875
2024-08-29,UNTR,23532.1875
2024-08-30,UNTR,23295.359375
2024-09-02,UNTR,24027.375
2024-09-03,UNTR,23919.7265625
2024-09-04,UNTR,23812.078125
2024-09-05,UNTR,23704.42578125
2024-09-06,UNTR,23295.359375
2024-09-09,UNTR,23467.59765625
2024-09-10,UNTR,22993.94140625
2024-09-11,UNTR,22584.87109375
2024-09-12,UNTR,22692.521484375
2024-09-13,UNTR,22692.521484375
2024-09-17,UNTR,22972.412109375
2024-09-18,UNTR,23015.470703125
2024-09-19,UNTR,22929.349609375
2024-09-20,UNTR,23187.708984375
2024-09-23,UNTR,23359.94921875
2024-09-24,UNTR,23575.248046875
2024-09-25,UNTR,23639.83984375
2024-09-26,UNTR,23510.658203125
2024-09-27,UNTR,23855.13671875
2024-09-30,UNTR,23381.478515625
2024-10-01,UNTR,23639.83984375
2024-10-02,UNTR,23467.59765625
2024-10-03,UNTR,23446.068359375
2024-10-04,UNTR,23489.12890625
2024-10-07,UNTR,23316.890625
2024-10-08,UNTR,23331.900390625
2024-10-09,UNTR,23486.4140625
2024-10-10,UNTR,22868.3515625
2024-10-11,UNTR,23089.087890625
2024-10-14,UNTR,22978.720703125
2024-10-15,UNTR,22757.984375
2024-10-16,UNTR,23243.60546875
2024-10-17,UNTR,23596.783203125
2024-10-18,UNTR,23596.783203125
2024-10-21,UNTR,23596.783203125
2024-10-22,UNTR,23905.81640625
2024-10-23,UNTR,23861.66796875
2024-10-24,UNTR,23729.2265625
2024-10-25,UNTR,23663.005859375
2024-10-28,UNTR,23663.005859375
2024-10-29,UNTR,23265.6796875
2024-10-30,UNTR,23331.900390625
2024-10-31,UNTR,24236.921875
2024-11-01,UNTR,24060.33203125
2024-11-04,UNTR,24148.626953125
2024-11-05,UNTR,23839.59375
2024-11-06,UNTR,24016.18359375
2024-11-07,UNTR,24038.2578125
2024-11-08,UNTR,24236.921875
2024-11-11,UNTR,23044.94140625
2024-11-12,UNTR,23596.783203125
2024-11-13,UNTR,23309.826171875
2024-11-14,UNTR,22934.57421875
2024-11-15,UNTR,23442.267578125
2024-11-18,UNTR,22824.203125
2024-11-19,UNTR,23265.6796875
2024-11-20,UNTR,23331.900390625
2024-11-21,UNTR,23552.63671875
2024-11-22,UNTR,23839.59375
2024-11-25,UNTR,24369.36328125
2024-11-26,UNTR,24281.068359375
2024-11-28,UNTR,24170.69921875
2024-11-29,UNTR,23640.931640625
2024-12-02,UNTR,24192.7734375
2024-12-03,UNTR,23972.037109375
2024-12-04,UNTR,24391.4375
2024-12-05,UNTR,24391.4375
2024-12-06,UNTR,24678.39453125
2024-12-09,UNTR,25164.015625
2024-12-10,UNTR,24899.1328125
2024-12-11,UNTR,24523.880859375
2024-12-12,UNTR,24678.39453125
2024-12-13,UNTR,24832.912109375
2024-12-16,UNTR,24744.6171875
2024-12-17,UNTR,23177.3828125
2024-12-18,UNTR,23199.458984375
2024-12-19,UNTR,23221.53125
2024-12-20,UNTR,22669.689453125
2024-12-23,UNTR,22471.025390625
2024-12-24,UNTR,22250.287109375
2024-12-27,UNTR,22426.87890625
2024-12-30,UNTR,23640.931640625
2025-01-02,UNTR,22691.76171875
2025-01-03,UNTR,22581.396484375
2025-01-06,UNTR,22426.87890625
2025-01-07,UNTR,22824.203125
2025-01-08,UNTR,22228.21484375
2025-01-09,UNTR,22051.625
2025-01-10,UNTR,22161.994140625
2025-01-13,UNTR,22426.87890625
2025-01-14,UNTR,22515.173828125
2025-01-15,UNTR,22691.76171875
2025-01-16,UNTR,23111.162109375
2025-01-17,UNTR,23331.900390625
2025-01-20,UNTR,22934.57421875
2025-01-21,UNTR,22691.76171875
2025-01-22,UNTR,22890.42578125
2025-01-23,UNTR,22471.025390625
2025-01-24,UNTR,22161.994140625
2025-01-30,UNTR,21610.150390625
2025-01-31,UNTR,21963.330078125
2025-02-03,UNTR,22073.69921875
2025-02-04,UNTR,22073.69921875
2025-02-05,UNTR,22206.140625
2025-02-06,UNTR,21566.00390625
2025-02-07,UNTR,21897.109375
2025-02-10,UNTR,21301.119140625
2025-02-11,UNTR,21566.00390625
2025-02-12,UNTR,21963.330078125
2025-02-13,UNTR,21632.2265625
2025-02-14,UNTR,22117.845703125
2025-02-17,UNTR,21897.109375
2025-02-18,UNTR,21830.888671875
2025-02-19,UNTR,22250.287109375
2025-02-20,UNTR,21852.9609375
2025-02-21,UNTR,21698.4453125
2025-02-24,UNTR,22073.69921875
2025-02-25,UNTR,20749.275390625
2025-02-26,UNTR,20660.982421875
2025-02-27,UNTR,20683.0546875
2025-02-28,UNTR,19733.88671875
2025-03-03,UNTR,19800.107421875
2025-03-04,UNTR,19579.37109375
2025-03-05,UNTR,20903.79296875
2025-03-06,UNTR,22007.478515625
2025-03-07,UNTR,21234.8984375
2025-03-10,UNTR,20881.71875
2025-03-11,UNTR,20925.865234375
2025-03-12,UNTR,20616.8359375
2025-03-13,UNTR,20351.94921875
2025-03-14,UNTR,20064.9921875
2025-03-17,UNTR,20506.466796875
2025-03-18,UNTR,19822.18359375
2025-03-19,UNTR,19711.8125
2025-03-20,UNTR,19976.6953125
2025-03-21,UNTR,20197.435546875
2025-03-24,UNTR,20042.91796875
2025-03-25,UNTR,20153.287109375
2025-03-26,UNTR,20749.275390625
2025-03-27,UNTR,20793.423828125
2025-04-08,UNTR,17747.25390625
2025-04-09,UNTR,18144.580078125
2025-04-10,UNTR,19248.265625
2025-04-11,UNTR,19292.412109375
2025-04-14,UNTR,19998.771484375
2025-04-15,UNTR,20153.287109375
2025-04-16,UNTR,19623.517578125
2025-04-17,UNTR,19623.517578125
2025-04-21,UNTR,20219.5078125
2025-04-22,UNTR,20329.875
2025-04-23,UNTR,20351.94921875
2025-04-24,UNTR,20351.94921875
2025-04-25,UNTR,20396.09765625
2025-04-28,UNTR,20219.5078125
2025-04-29,UNTR,20020.84375
2025-04-30,UNTR,20042.91796875
2025-05-02,UNTR,20109.140625
2025-05-05,UNTR,20131.212890625
2025-05-06,UNTR,20197.435546875
2025-05-07,UNTR,20536.40234375
2025-05-08,UNTR,20276.748046875
2025-05-09,UNTR,20064.30078125
2025-05-14,UNTR,20725.2421875
2025-05-15,UNTR,20418.376953125
2025-05-16,UNTR,20678.033203125
2025-05-19,UNTR,20866.873046875
2025-05-20,UNTR,20536.40234375
2025-05-21,UNTR,20583.61328125
2025-05-22,UNTR,20654.427734375
2025-05-23,UNTR,20725.2421875
2025-05-26,UNTR,20512.796875
2025-05-27,UNTR,20678.033203125
2025-05-28,UNTR,21197.345703125
2025-06-02,UNTR,20678.033203125
2025-06-03,UNTR,20205.931640625
2025-06-04,UNTR,20205.931640625
2025-06-05,UNTR,20229.537109375
2025-06-10,UNTR,20276.748046875
2025-06-11,UNTR,20418.376953125
2025-06-12,UNTR,20418.376953125
2025-06-13,UNTR,20748.84765625
2025-06-16,UNTR,20866.873046875
2025-06-17,UNTR,20630.822265625
2025-06-18,UNTR,20583.61328125
2025-06-19,UNTR,20253.140625
2025-06-20,UNTR,20253.140625
2025-06-23,UNTR,19733.830078125
2025-06-24,UNTR,19993.486328125
2025-06-25,UNTR,19922.671875
2025-06-26,UNTR,19922.671875
2025-06-30,UNTR,20253.140625
2025-07-01,UNTR,20276.748046875
2025-07-02,UNTR,20111.51171875
2025-07-03,UNTR,20300.3515625
2025-07-04,UNTR,20347.560546875
2025-07-07,UNTR,20253.140625
2025-07-08,UNTR,20394.771484375
2025-07-09,UNTR,20748.84765625
2025-07-10,UNTR,20961.29296875
2025-07-11,UNTR,21150.134765625
2025-07-14,UNTR,21315.369140625
2025-07-15,UNTR,21338.974609375
2025-07-16,UNTR,21315.369140625
2025-07-17,UNTR,21338.974609375
2025-07-18,UNTR,21220.94921875
2025-07-21,UNTR,21669.4453125
2025-07-22,UNTR,21763.865234375
2025-07-23,UNTR,22660.857421875
2025-07-24,UNTR,22873.3046875
2025-07-25,UNTR,22519.228515625
2025-07-28,UNTR,22826.09375
2025-07-29,UNTR,22802.48828125
2025-07-30,UNTR,23014.93359375
2025-07-31,UNTR,22802.48828125
2025-08-01,UNTR,22684.462890625
2025-08-04,UNTR,23132.9609375
2025-08-05,UNTR,22991.328125
2025-08-06,UNTR,22708.068359375
2025-08-07,UNTR,22755.27734375
2025-08-08,UNTR,22802.48828125
2025-08-11,UNTR,22920.513671875
2025-08-12,UNTR,22849.69921875
2025-08-13,UNTR,22660.857421875
2025-08-14,UNTR,22826.09375
2025-08-15,UNTR,22660.857421875
2025-08-19,UNTR,22353.9921875
2025-08-20,UNTR,23038.5390625
2025-08-21,UNTR,24360.421875
2025-08-22,UNTR,24360.421875
2025-08-25,UNTR,23817.505859375
2025-08-26,UNTR,23227.380859375
2025-08-27,UNTR,23605.060546875
2025-08-28,UNTR,23298.193359375
2025-08-29,UNTR,23038.5390625
2025-09-01,UNTR,23109.353515625
2025-09-02,UNTR,24454.841796875
2025-09-03,UNTR,24171.58203125
2025-09-04,UNTR,23935.53125
2025-09-08,UNTR,24974.154296875
2025-09-09,UNTR,25682.3046875
2025-09-10,UNTR,24879.734375
2025-09-11,UNTR,25044.96875
2025-09-12,UNTR,24997.759765625
2025-09-15,UNTR,24832.5234375
2025-09-16,UNTR,25210.205078125
2025-09-17,UNTR,25493.46484375
2025-09-18,UNTR,24926.943359375
2025-09-19,UNTR,25257.416015625
2025-09-22,UNTR,25257.416015625
2025-09-23,UNTR,25682.3046875
2025-09-24,UNTR,25162.99609375
2025-09-25,UNTR,25186.599609375
2025-09-26,UNTR,24879.734375
2025-09-29,UNTR,25422.6484375
2025-09-30,UNTR,25281.01953125
2025-10-01,UNTR,24596.47265625
2025-10-02,UNTR,24690.892578125
2025-10-03,UNTR,25021.36328125
2025-10-06,UNTR,24926.943359375
2025-10-07,UNTR,24171.58203125
2025-10-08,UNTR,24308.6953125
2025-10-09,UNTR,24960.466796875
2025-10-10,UNTR,24719.0703125
2025-10-13,UNTR,25105.306640625
2025-10-14,UNTR,24646.650390625
2025-10-15,UNTR,25057.02734375
2025-10-16,UNTR,25081.166015625
2025-10-17,UNTR,26022.615234375
2025-10-20,UNTR,25684.658203125
2025-10-21,UNTR,26022.615234375
2025-10-22,UNTR,25950.1953125
2025-10-23,UNTR,26360.5703125
2025-10-24,UNTR,26191.59375
2025-10-27,UNTR,26939.923828125
2025-10-28,UNTR,26674.38671875
2025-10-29,UNTR,26674.38671875
2025-10-30,UNTR,27012.34375
2025-10-31,UNTR,25974.3359375
2025-11-03,UNTR,26336.431640625
2025-11-04,UNTR,26264.01171875
2025-11-05,UNTR,26070.89453125
2025-11-06,UNTR,26432.990234375
2025-11-07,UNTR,26553.689453125
2025-11-10,UNTR,26915.78515625
2025-11-11,UNTR,26988.203125
2025-11-12,UNTR,27326.16015625
2025-11-13,UNTR,27277.880859375
2025-11-14,UNTR,27084.763671875
2025-11-17,UNTR,27060.623046875
2025-11-18,UNTR,26312.291015625
2025-11-19,UNTR,26360.5703125
2025-11-20,UNTR,26070.89453125
2025-11-21,UNTR,26095.03515625
2025-11-24,UNTR,26360.5703125
2025-11-25,UNTR,26432.990234375
2025-11-26,UNTR,26843.365234375
2025-11-27,UNTR,27374.439453125
2025-11-28,UNTR,27036.482421875
2025-12-01,UNTR,27012.34375
2025-12-02,UNTR,27543.41796875
2025-12-03,UNTR,27712.39453125
2025-12-04,UNTR,29619.43359375
2025-12-05,UNTR,29788.41015625
2025-12-08,UNTR,28340.02734375
2025-12-09,UNTR,28484.8671875
2025-12-10,UNTR,28967.66015625
2025-12-11,UNTR,28412.447265625
2025-12-12,UNTR,27881.373046875
2025-12-15,UNTR,27374.439453125
2025-12-16,UNTR,27181.322265625
2025-12-17,UNTR,27084.763671875
2025-12-18,UNTR,27977.931640625
2025-12-19,UNTR,28774.54296875
2025-12-22,UNTR,28943.521484375
2025-12-23,UNTR,28774.54296875
2025-12-24,UNTR,28629.705078125
2025-12-29,UNTR,28581.42578125
2025-12-30,UNTR,28484.8671875
2026-01-02,UNTR,29064.21875
2026-01-05,UNTR,29740.130859375
2026-01-06,UNTR,30198.787109375
2026-01-07,UNTR,30416.04296875
2026-01-08,UNTR,30560.8828125
2026-01-09,UNTR,30416.04296875
2026-01-12,UNTR,30271.205078125
2026-01-13,UNTR,30367.763671875
2026-01-14,UNTR,30416.04296875
2026-01-15,UNTR,29981.529296875
2026-01-19,UNTR,30416.04296875
2026-01-20,UNTR,30874.69921875
2026-01-21,UNTR,26264.01171875
2026-01-22,UNTR,26505.41015625
2026-01-23,UNTR,26336.431640625
2026-01-26,UNTR,26336.431640625
2022-12-30,UNVR,4062.044677734375
2023-01-02,UNVR,3992.904052734375
2023-01-03,UNVR,3975.618408203125
2023-01-04,UNVR,4010.188720703125
2023-01-05,UNVR,4087.972900390625
2023-01-06,UNVR,4113.90087890625
2023-01-09,UNVR,4113.90087890625
2023-01-10,UNVR,4053.40234375
2023-01-11,UNVR,4062.044677734375
2023-01-12,UNVR,4113.90087890625
2023-01-13,UNVR,4139.82861328125
2023-01-16,UNVR,4122.54345703125
2023-01-17,UNVR,4113.90087890625
2023-01-18,UNVR,4148.47119140625
2023-01-19,UNVR,4148.47119140625
2023-01-20,UNVR,4157.11474609375
2023-01-24,UNVR,4174.39892578125
2023-01-25,UNVR,4191.68505859375
2023-01-26,UNVR,4148.47119140625
2023-01-27,UNVR,4105.2578125
2023-01-30,UNVR,4113.90087890625
2023-01-31,UNVR,4027.47412109375
2023-02-01,UNVR,4001.546142578125
2023-02-02,UNVR,4087.972900390625
2023-02-03,UNVR,4053.40234375
2023-02-06,UNVR,4087.972900390625
2023-02-07,UNVR,4200.3271484375
2023-02-08,UNVR,4342.9306640625
2023-02-09,UNVR,4252.18310546875
2023-02-10,UNVR,3958.33251953125
2023-02-13,UNVR,3906.477294921875
2023-02-14,UNVR,3941.048095703125
2023-02-15,UNVR,3932.405029296875
2023-02-16,UNVR,3906.477294921875
2023-02-17,UNVR,3897.834716796875
2023-02-20,UNVR,3923.762451171875
2023-02-21,UNVR,3889.191650390625
2023-02-22,UNVR,3871.906494140625
2023-02-23,UNVR,3802.76513671875
2023-02-24,UNVR,3759.5517578125
2023-02-27,UNVR,3716.338623046875
2023-02-28,UNVR,3612.627197265625
2023-03-01,UNVR,3586.69921875
2023-03-02,UNVR,3586.69921875
2023-03-03,UNVR,3508.915283203125
2023-03-06,UNVR,3603.984375
2023-03-07,UNVR,3526.20068359375
2023-03-08,UNVR,3543.48583984375
2023-03-09,UNVR,3543.48583984375
2023-03-10,UNVR,3552.128662109375
2023-03-13,UNVR,3595.341796875
2023-03-14,UNVR,3638.55517578125
2023-03-15,UNVR,3543.48583984375
2023-03-16,UNVR,3517.55810546875
2023-03-17,UNVR,3595.341796875
2023-03-20,UNVR,3595.341796875
2023-03-21,UNVR,3629.912353515625
2023-03-24,UNVR,3690.4111328125
2023-03-27,UNVR,3707.696044921875
2023-03-28,UNVR,3716.338623046875
2023-03-29,UNVR,3768.19482421875
2023-03-30,UNVR,3681.768310546875
2023-03-31,UNVR,3759.5517578125
2023-04-03,UNVR,3707.696044921875
2023-04-04,UNVR,3707.696044921875
2023-04-05,UNVR,3673.125244140625
2023-04-06,UNVR,3673.125244140625
2023-04-10,UNVR,3707.696044921875
2023-04-11,UNVR,3629.912353515625
2023-04-12,UNVR,3621.269775390625
2023-04-13,UNVR,3543.48583984375
2023-04-14,UNVR,3586.69921875
2023-04-17,UNVR,3569.41357421875
2023-04-18,UNVR,3534.843505859375
2023-04-26,UNVR,3543.48583984375
2023-04-27,UNVR,3802.76513671875
2023-04-28,UNVR,3802.76513671875
2023-05-02,UNVR,3802.76513671875
2023-05-03,UNVR,3802.76513671875
2023-05-04,UNVR,3845.978515625
2023-05-05,UNVR,3880.549072265625
2023-05-08,UNVR,3863.26416015625
2023-05-09,UNVR,3794.122802734375
2023-05-10,UNVR,3889.191650390625
2023-05-11,UNVR,3828.693115234375
2023-05-12,UNVR,3802.76513671875
2023-05-15,UNVR,3889.191650390625
2023-05-16,UNVR,3897.834716796875
2023-05-17,UNVR,3854.62109375
2023-05-19,UNVR,3828.693115234375
2023-05-22,UNVR,3820.05078125
2023-05-23,UNVR,3845.978515625
2023-05-24,UNVR,3811.408203125
2023-05-25,UNVR,3811.408203125
2023-05-26,UNVR,3785.479736328125
2023-05-29,UNVR,3932.405029296875
2023-05-30,UNVR,3923.762451171875
2023-05-31,UNVR,3915.119384765625
2023-06-05,UNVR,3889.191650390625
2023-06-06,UNVR,3854.62109375
2023-06-07,UNVR,3949.690673828125
2023-06-08,UNVR,3975.618408203125
2023-06-09,UNVR,3932.405029296875
2023-06-12,UNVR,3984.260986328125
2023-06-13,UNVR,3897.834716796875
2023-06-14,UNVR,3837.3359375
2023-06-15,UNVR,3906.477294921875
2023-06-16,UNVR,3794.122802734375
2023-06-19,UNVR,3785.479736328125
2023-06-20,UNVR,3716.338623046875
2023-06-21,UNVR,3768.19482421875
2023-06-22,UNVR,3673.125244140625
2023-06-23,UNVR,3690.4111328125
2023-06-26,UNVR,3655.840087890625
2023-06-27,UNVR,3681.768310546875
2023-07-03,UNVR,3724.9814453125
2023-07-04,UNVR,3742.266845703125
2023-07-05,UNVR,3724.9814453125
2023-07-06,UNVR,3734.6474609375
2023-07-07,UNVR,3725.860107421875
2023-07-10,UNVR,3734.6474609375
2023-07-11,UNVR,3734.6474609375
2023-07-12,UNVR,3699.498291015625
2023-07-13,UNVR,3734.6474609375
2023-07-14,UNVR,3734.6474609375
2023-07-17,UNVR,3752.222412109375
2023-07-18,UNVR,3752.222412109375
2023-07-20,UNVR,3708.28564453125
2023-07-21,UNVR,3769.797119140625
2023-07-24,UNVR,3769.797119140625
2023-07-25,UNVR,3558.8994140625
2023-07-26,UNVR,3488.600341796875
2023-07-27,UNVR,3374.364013671875
2023-07-28,UNVR,3400.72607421875
2023-07-31,UNVR,3383.1513671875
2023-08-01,UNVR,3312.8525390625
2023-08-02,UNVR,3242.552734375
2023-08-03,UNVR,3312.8525390625
2023-08-04,UNVR,3286.489990234375
2023-08-07,UNVR,3268.9150390625
2023-08-08,UNVR,3295.277099609375
2023-08-09,UNVR,3268.9150390625
2023-08-10,UNVR,3233.765380859375
2023-08-11,UNVR,3251.34033203125
2023-08-14,UNVR,3277.702392578125
2023-08-15,UNVR,3277.702392578125
2023-08-16,UNVR,3277.702392578125
2023-08-18,UNVR,3242.552734375
2023-08-21,UNVR,3260.127685546875
2023-08-22,UNVR,3260.127685546875
2023-08-23,UNVR,3295.277099609375
2023-08-24,UNVR,3268.9150390625
2023-08-25,UNVR,3304.064697265625
2023-08-28,UNVR,3321.639404296875
2023-08-29,UNVR,3304.064697265625
2023-08-30,UNVR,3286.489990234375
2023-08-31,UNVR,3224.97802734375
2023-09-01,UNVR,3216.190673828125
2023-09-04,UNVR,3216.190673828125
2023-09-05,UNVR,3181.041015625
2023-09-06,UNVR,3207.403076171875
2023-09-07,UNVR,3189.828369140625
2023-09-08,UNVR,3172.25341796875
2023-09-11,UNVR,3207.403076171875
2023-09-12,UNVR,3181.041015625
2023-09-13,UNVR,3154.6787109375
2023-09-14,UNVR,3128.31689453125
2023-09-15,UNVR,3075.59228515625
2023-09-18,UNVR,3049.22998046875
2023-09-19,UNVR,3145.891357421875
2023-09-20,UNVR,3189.828369140625
2023-09-21,UNVR,3312.8525390625
2023-09-22,UNVR,3383.1513671875
2023-09-25,UNVR,3356.7890625
2023-09-26,UNVR,3356.7890625
2023-09-27,UNVR,3312.8525390625
2023-09-29,UNVR,3286.489990234375
2023-10-02,UNVR,3251.34033203125
2023-10-03,UNVR,3154.6787109375
2023-10-04,UNVR,3145.891357421875
2023-10-05,UNVR,3216.190673828125
2023-10-06,UNVR,3339.21435546875
2023-10-09,UNVR,3268.9150390625
2023-10-10,UNVR,3224.97802734375
2023-10-11,UNVR,3172.25341796875
2023-10-12,UNVR,3189.828369140625
2023-10-13,UNVR,3207.403076171875
2023-10-16,UNVR,3207.403076171875
2023-10-17,UNVR,3365.57666015625
2023-10-18,UNVR,3356.7890625
2023-10-19,UNVR,3348.001708984375
2023-10-20,UNVR,3391.938720703125
2023-10-23,UNVR,3374.364013671875
2023-10-24,UNVR,3506.175048828125
2023-10-25,UNVR,3585.261962890625
2023-10-26,UNVR,3497.387451171875
2023-10-27,UNVR,3497.387451171875
2023-10-30,UNVR,3330.427001953125
2023-10-31,UNVR,3181.041015625
2023-11-01,UNVR,3145.891357421875
2023-11-02,UNVR,3154.6787109375
2023-11-03,UNVR,3119.52880859375
2023-11-06,UNVR,3181.041015625
2023-11-07,UNVR,3137.10400390625
2023-11-08,UNVR,3163.466064453125
2023-11-09,UNVR,3163.466064453125
2023-11-10,UNVR,3154.6787109375
2023-11-13,UNVR,3101.954345703125
2023-11-14,UNVR,3058.017333984375
2023-11-15,UNVR,3014.080322265625
2023-11-16,UNVR,3040.442626953125
2023-11-17,UNVR,3049.22998046875
2023-11-20,UNVR,3040.442626953125
2023-11-21,UNVR,3058.017333984375
2023-11-22,UNVR,3075.59228515625
2023-11-23,UNVR,3110.74169921875
2023-11-24,UNVR,3101.954345703125
2023-11-27,UNVR,3093.1669921875
2023-11-28,UNVR,3163.466064453125
2023-11-29,UNVR,3189.828369140625
2023-11-30,UNVR,3207.403076171875
2023-12-01,UNVR,3189.828369140625
2023-12-04,UNVR,3189.828369140625
2023-12-05,UNVR,3237.224365234375
2023-12-06,UNVR,3138.855712890625
2023-12-07,UNVR,3192.51123046875
2023-12-08,UNVR,3138.855712890625
2023-12-11,UNVR,3129.9130859375
2023-12-12,UNVR,3067.314697265625
2023-12-13,UNVR,3085.199951171875
2023-12-14,UNVR,3040.486572265625
2023-12-15,UNVR,3129.9130859375
2023-12-18,UNVR,3049.429443359375
2023-12-19,UNVR,3067.314697265625
2023-12-20,UNVR,3094.142578125
2023-12-21,UNVR,3103.085205078125
2023-12-22,UNVR,3103.085205078125
2023-12-27,UNVR,3103.085205078125
2023-12-28,UNVR,3165.683349609375
2023-12-29,UNVR,3156.74072265625
2024-01-02,UNVR,3174.625732421875
2024-01-03,UNVR,3156.74072265625
2024-01-04,UNVR,3147.79833984375
2024-01-05,UNVR,3147.79833984375
2024-01-08,UNVR,3112.02783203125
2024-01-09,UNVR,3067.314697265625
2024-01-10,UNVR,3049.429443359375
2024-01-11,UNVR,3049.429443359375
2024-01-12,UNVR,3103.085205078125
2024-01-15,UNVR,3067.314697265625
2024-01-16,UNVR,3049.429443359375
2024-01-17,UNVR,2968.946044921875
2024-01-18,UNVR,2951.060791015625
2024-01-19,UNVR,2897.4052734375
2024-01-22,UNVR,2790.093994140625
2024-01-23,UNVR,2843.74951171875
2024-01-24,UNVR,2861.634765625
2024-01-25,UNVR,2825.8642578125
2024-01-26,UNVR,2825.8642578125
2024-01-29,UNVR,2754.3232421875
2024-01-30,UNVR,2799.036376953125
2024-01-31,UNVR,2772.208740234375
2024-02-01,UNVR,2772.208740234375
2024-02-02,UNVR,2834.806884765625
2024-02-05,UNVR,2861.634765625
2024-02-06,UNVR,2906.347900390625
2024-02-07,UNVR,2924.233154296875
2024-02-12,UNVR,2611.241943359375
2024-02-13,UNVR,2503.930419921875
2024-02-15,UNVR,2620.184326171875
2024-02-16,UNVR,2530.75830078125
2024-02-19,UNVR,2503.930419921875
2024-02-20,UNVR,2468.15966796875
2024-02-21,UNVR,2405.561767578125
2024-02-22,UNVR,2432.389404296875
2024-02-23,UNVR,2405.561767578125
2024-02-26,UNVR,2316.135498046875
2024-02-27,UNVR,2342.96337890625
2024-02-28,UNVR,2414.504150390625
2024-02-29,UNVR,2441.332275390625
2024-03-01,UNVR,2441.332275390625
2024-03-04,UNVR,2387.676513671875
2024-03-05,UNVR,2387.676513671875
2024-03-06,UNVR,2405.561767578125
2024-03-07,UNVR,2441.332275390625
2024-03-08,UNVR,2378.733642578125
2024-03-13,UNVR,2432.389404296875
2024-03-14,UNVR,2405.561767578125
2024-03-15,UNVR,2360.848388671875
2024-03-18,UNVR,2477.1025390625
2024-03-19,UNVR,2450.274658203125
2024-03-20,UNVR,2468.15966796875
2024-03-21,UNVR,2432.389404296875
2024-03-22,UNVR,2432.389404296875
2024-03-25,UNVR,2468.15966796875
2024-03-26,UNVR,2477.1025390625
2024-03-27,UNVR,2441.332275390625
2024-03-28,UNVR,2414.504150390625
2024-04-01,UNVR,2441.332275390625
2024-04-02,UNVR,2450.274658203125
2024-04-03,UNVR,2405.561767578125
2024-04-04,UNVR,2423.44677734375
2024-04-05,UNVR,2396.619140625
2024-04-16,UNVR,2271.422607421875
2024-04-17,UNVR,2119.398193359375
2024-04-18,UNVR,2137.283203125
2024-04-19,UNVR,2128.3408203125
2024-04-22,UNVR,2155.168701171875
2024-04-23,UNVR,2083.627685546875
2024-04-24,UNVR,2137.283203125
2024-04-25,UNVR,2360.848388671875
2024-04-26,UNVR,2316.135498046875
2024-04-29,UNVR,2316.135498046875
2024-04-30,UNVR,2342.96337890625
2024-05-02,UNVR,2360.848388671875
2024-05-03,UNVR,2325.078369140625
2024-05-06,UNVR,2325.078369140625
2024-05-07,UNVR,2271.422607421875
2024-05-08,UNVR,2289.3076171875
2024-05-13,UNVR,2369.791259765625
2024-05-14,UNVR,2414.504150390625
2024-05-15,UNVR,2396.619140625
2024-05-16,UNVR,2414.504150390625
2024-05-17,UNVR,2423.44677734375
2024-05-20,UNVR,2414.504150390625
2024-05-21,UNVR,2602.298828125
2024-05-22,UNVR,2736.438232421875
2024-05-27,UNVR,2915.290283203125
2024-05-28,UNVR,2933.17529296875
2024-05-29,UNVR,2691.72509765625
2024-05-30,UNVR,2781.151123046875
2024-05-31,UNVR,2790.093994140625
2024-06-03,UNVR,2754.3232421875
2024-06-04,UNVR,2799.036376953125
2024-06-05,UNVR,2745.380859375
2024-06-06,UNVR,2754.3232421875
2024-06-07,UNVR,2691.72509765625
2024-06-10,UNVR,2745.380859375
2024-06-11,UNVR,2736.438232421875
2024-06-12,UNVR,2736.438232421875
2024-06-13,UNVR,2736.438232421875
2024-06-14,UNVR,2861.634765625
2024-06-19,UNVR,2745.380859375
2024-06-20,UNVR,2718.552978515625
2024-06-21,UNVR,2673.83984375
2024-06-24,UNVR,2691.72509765625
2024-06-25,UNVR,2691.72509765625
2024-06-26,UNVR,2691.72509765625
2024-06-27,UNVR,2754.3232421875
2024-06-28,UNVR,2700.667724609375
2024-07-01,UNVR,2716.267822265625
2024-07-02,UNVR,2725.444580078125
2024-07-03,UNVR,2697.91455078125
2024-07-04,UNVR,2679.5615234375
2024-07-05,UNVR,2670.384765625
2024-07-08,UNVR,2798.857177734375
2024-07-09,UNVR,2752.974365234375
2024-07-10,UNVR,2716.267822265625
2024-07-11,UNVR,2661.20849609375
2024-07-12,UNVR,2679.5615234375
2024-07-15,UNVR,2688.738037109375
2024-07-16,UNVR,2578.619140625
2024-07-17,UNVR,2624.501953125
2024-07-18,UNVR,2569.442626953125
2024-07-19,UNVR,2569.442626953125
2024-07-22,UNVR,2514.383056640625
2024-07-23,UNVR,2505.206298828125
2024-07-24,UNVR,2496.02978515625
2024-07-25,UNVR,2284.968505859375
2024-07-26,UNVR,2284.968505859375
2024-07-29,UNVR,2257.43896484375
2024-07-30,UNVR,2229.9091796875
2024-07-31,UNVR,2239.085693359375
2024-08-01,UNVR,2294.14501953125
2024-08-02,UNVR,2229.9091796875
2024-08-05,UNVR,2211.555908203125
2024-08-06,UNVR,2257.43896484375
2024-08-07,UNVR,2275.7919921875
2024-08-08,UNVR,2257.43896484375
2024-08-09,UNVR,2257.43896484375
2024-08-12,UNVR,2257.43896484375
2024-08-13,UNVR,2248.26220703125
2024-08-14,UNVR,2229.9091796875
2024-08-15,UNVR,2184.0263671875
2024-08-16,UNVR,2193.202880859375
2024-08-19,UNVR,2165.673095703125
2024-08-20,UNVR,2174.849609375
2024-08-21,UNVR,2165.673095703125
2024-08-22,UNVR,2156.496337890625
2024-08-23,UNVR,2156.496337890625
2024-08-26,UNVR,2156.496337890625
2024-08-27,UNVR,2101.436767578125
2024-08-28,UNVR,2064.730712890625
2024-08-29,UNVR,2055.553955078125
2024-08-30,UNVR,2083.083984375
2024-09-02,UNVR,2101.436767578125
2024-09-03,UNVR,2064.730712890625
2024-09-04,UNVR,2055.553955078125
2024-09-05,UNVR,2037.2008056640625
2024-09-06,UNVR,2037.2008056640625
2024-09-09,UNVR,2009.6712646484375
2024-09-10,UNVR,2028.0244140625
2024-09-11,UNVR,2009.6712646484375
2024-09-12,UNVR,2037.2008056640625
2024-09-13,UNVR,2018.847900390625
2024-09-17,UNVR,2000.49462890625
2024-09-18,UNVR,2028.0244140625
2024-09-19,UNVR,2018.847900390625
2024-09-20,UNVR,1991.3179931640625
2024-09-23,UNVR,2028.0244140625
2024-09-24,UNVR,2073.9072265625
2024-09-25,UNVR,2110.613525390625
2024-09-26,UNVR,2110.613525390625
2024-09-27,UNVR,2083.083984375
2024-09-30,UNVR,2028.0244140625
2024-10-01,UNVR,2028.0244140625
2024-10-02,UNVR,1991.3179931640625
2024-10-03,UNVR,2009.6712646484375
2024-10-04,UNVR,1991.3179931640625
2024-10-07,UNVR,2083.083984375
2024-10-08,UNVR,2119.7900390625
2024-10-09,UNVR,2092.26025390625
2024-10-10,UNVR,2092.26025390625
2024-10-11,UNVR,2083.083984375
2024-10-14,UNVR,2128.966552734375
2024-10-15,UNVR,2156.496337890625
2024-10-16,UNVR,2239.085693359375
2024-10-17,UNVR,2174.849609375
2024-10-18,UNVR,2138.143310546875
2024-10-21,UNVR,2138.143310546875
2024-10-22,UNVR,2128.966552734375
2024-10-23,UNVR,2138.143310546875
2024-10-24,UNVR,1954.611572265625
2024-10-25,UNVR,1927.08203125
2024-10-28,UNVR,1853.6693115234375
2024-10-29,UNVR,1853.6693115234375
2024-10-30,UNVR,1798.6097412109375
2024-10-31,UNVR,1803.1981201171875
2024-11-01,UNVR,1794.021484375
2024-11-04,UNVR,1716.0205078125
2024-11-05,UNVR,1633.4312744140625
2024-11-06,UNVR,1610.4898681640625
2024-11-07,UNVR,1592.13671875
2024-11-08,UNVR,1615.0782470703125
2024-11-11,UNVR,1596.7249755859375
2024-11-12,UNVR,1674.7259521484375
2024-11-13,UNVR,1651.7845458984375
2024-11-14,UNVR,1624.2547607421875
2024-11-15,UNVR,1693.0791015625
2024-11-18,UNVR,1670.1376953125
2024-11-19,UNVR,1656.372802734375
2024-11-20,UNVR,1656.372802734375
2024-11-21,UNVR,1596.7249755859375
2024-11-22,UNVR,1647.1961669921875
2024-11-25,UNVR,1757.3153076171875
2024-11-26,UNVR,1716.0205078125
2024-11-28,UNVR,1729.785400390625
2024-11-29,UNVR,1711.4322509765625
2024-12-02,UNVR,1720.60888671875
2024-12-03,UNVR,1720.60888671875
2024-12-04,UNVR,1752.7269287109375
2024-12-05,UNVR,1758.353515625
2024-12-06,UNVR,1753.6646728515625
2024-12-09,UNVR,1777.1094970703125
2024-12-10,UNVR,1875.5772705078125
2024-12-11,UNVR,1823.998779296875
2024-12-12,UNVR,1786.4873046875
2024-12-13,UNVR,1753.6646728515625
2024-12-16,UNVR,1711.4642333984375
2024-12-17,UNVR,1650.5079345703125
2024-12-18,UNVR,1692.70849609375
2024-12-19,UNVR,1659.8857421875
2024-12-20,UNVR,1641.1300048828125
2024-12-23,UNVR,1673.95263671875
2024-12-24,UNVR,1669.263671875
2024-12-27,UNVR,1725.531005859375
2024-12-30,UNVR,1767.7314453125
2025-01-02,UNVR,1720.842041015625
2025-01-03,UNVR,1664.57470703125
2025-01-06,UNVR,1636.4410400390625
2025-01-07,UNVR,1669.263671875
2025-01-08,UNVR,1617.685302734375
2025-01-09,UNVR,1584.86279296875
2025-01-10,UNVR,1598.9295654296875
2025-01-13,UNVR,1612.9964599609375
2025-01-14,UNVR,1636.4410400390625
2025-01-15,UNVR,1627.063232421875
2025-01-16,UNVR,1673.95263671875
2025-01-17,UNVR,1678.6414794921875
2025-01-20,UNVR,1641.1300048828125
2025-01-21,UNVR,1622.374267578125
2025-01-22,UNVR,1589.5517578125
2025-01-23,UNVR,1631.752197265625
2025-01-24,UNVR,1584.86279296875
2025-01-30,UNVR,1547.3511962890625
2025-01-31,UNVR,1528.595458984375
2025-02-03,UNVR,1481.7059326171875
2025-02-04,UNVR,1467.63916015625
2025-02-05,UNVR,1467.63916015625
2025-02-06,UNVR,1416.060791015625
2025-02-07,UNVR,1336.3487548828125
2025-02-10,UNVR,1411.371826171875
2025-02-11,UNVR,1336.3487548828125
2025-02-12,UNVR,1289.459228515625
2025-02-13,UNVR,1326.9708251953125
2025-02-14,UNVR,1373.8602294921875
2025-02-17,UNVR,1350.41552734375
2025-02-18,UNVR,1359.79345703125
2025-02-19,UNVR,1289.459228515625
2025-02-20,UNVR,1266.0145263671875
2025-02-21,UNVR,1209.747314453125
2025-02-24,UNVR,1186.302490234375
2025-02-25,UNVR,1078.4569091796875
2025-02-26,UNVR,1125.3463134765625
2025-02-27,UNVR,1125.3463134765625
2025-02-28,UNVR,951.8554077148438
2025-03-03,UNVR,1055.01220703125
2025-03-04,UNVR,1022.1896362304688
2025-03-05,UNVR,1050.3232421875
2025-03-06,UNVR,1069.0789794921875
2025-03-07,UNVR,1125.3463134765625
2025-03-10,UNVR,1106.590576171875
2025-03-11,UNVR,1115.968505859375
2025-03-12,UNVR,1078.4569091796875
2025-03-13,UNVR,1181.6136474609375
2025-03-14,UNVR,1219.125244140625
2025-03-17,UNVR,1280.0814208984375
2025-03-18,UNVR,1275.3924560546875
2025-03-19,UNVR,1275.3924560546875
2025-03-20,UNVR,1223.8140869140625
2025-03-21,UNVR,1214.436279296875
2025-03-24,UNVR,1172.2357177734375
2025-03-25,UNVR,1167.5467529296875
2025-03-26,UNVR,1162.8577880859375
2025-03-27,UNVR,1186.302490234375
2025-04-08,UNVR,1106.590576171875
2025-04-09,UNVR,1083.145751953125
2025-04-10,UNVR,1205.058349609375
2025-04-11,UNVR,1228.5030517578125
2025-04-14,UNVR,1275.3924560546875
2025-04-15,UNVR,1247.2587890625
2025-04-16,UNVR,1237.8809814453125
2025-04-17,UNVR,1237.8809814453125
2025-04-21,UNVR,1261.32568359375
2025-04-22,UNVR,1298.8372802734375
2025-04-23,UNVR,1336.3487548828125
2025-04-24,UNVR,1401.9940185546875
2025-04-25,UNVR,1641.1300048828125
2025-04-28,UNVR,1561.41796875
2025-04-29,UNVR,1575.4847412109375
2025-04-30,UNVR,1608.3074951171875
2025-05-02,UNVR,1645.8189697265625
2025-05-05,UNVR,1664.57470703125
2025-05-06,UNVR,1720.842041015625
2025-05-07,UNVR,1697.3973388671875
2025-05-08,UNVR,1669.263671875
2025-05-09,UNVR,1669.263671875
2025-05-14,UNVR,1673.95263671875
2025-05-15,UNVR,1678.6414794921875
2025-05-16,UNVR,1655.19677734375
2025-05-19,UNVR,1655.19677734375
2025-05-20,UNVR,1603.6185302734375
2025-05-21,UNVR,1650.5079345703125
2025-05-22,UNVR,1702.0863037109375
2025-05-23,UNVR,1673.95263671875
2025-05-26,UNVR,1655.19677734375
2025-05-27,UNVR,1631.752197265625
2025-05-28,UNVR,1622.374267578125
2025-06-02,UNVR,1622.374267578125
2025-06-03,UNVR,1584.86279296875
2025-06-04,UNVR,1542.6622314453125
2025-06-05,UNVR,1523.906494140625
2025-06-10,UNVR,1519.217529296875
2025-06-11,UNVR,1514.528564453125
2025-06-12,UNVR,1523.906494140625
2025-06-13,UNVR,1462.9501953125
2025-06-16,UNVR,1450.3802490234375
2025-06-17,UNVR,1431.041748046875
2025-06-18,UNVR,1421.37255859375
2025-06-19,UNVR,1402.0341796875
2025-06-20,UNVR,1334.3497314453125
2025-06-23,UNVR,1319.845947265625
2025-06-24,UNVR,1397.1995849609375
2025-06-25,UNVR,1406.8687744140625
2025-06-26,UNVR,1411.703369140625
2025-06-30,UNVR,1402.0341796875
2025-07-01,UNVR,1421.37255859375
2025-07-02,UNVR,1421.37255859375
2025-07-03,UNVR,1542.2376708984375
2025-07-04,UNVR,1493.8916015625
2025-07-07,UNVR,1508.3953857421875
2025-07-08,UNVR,1469.7186279296875
2025-07-09,UNVR,1464.884033203125
2025-07-10,UNVR,1527.7337646484375
2025-07-11,UNVR,1522.899169921875
2025-07-14,UNVR,1522.899169921875
2025-07-15,UNVR,1518.0645751953125
2025-07-16,UNVR,1508.3953857421875
2025-07-17,UNVR,1522.899169921875
2025-07-18,UNVR,1460.0494384765625
2025-07-21,UNVR,1498.7261962890625
2025-07-22,UNVR,1518.0645751953125
2025-07-23,UNVR,1518.0645751953125
2025-07-24,UNVR,1532.568359375
2025-07-25,UNVR,1493.8916015625
2025-07-28,UNVR,1503.560791015625
2025-07-29,UNVR,1503.560791015625
2025-07-30,UNVR,1479.3878173828125
2025-07-31,UNVR,1653.4334716796875
2025-08-01,UNVR,1711.4486083984375
2025-08-04,UNVR,1701.7794189453125
2025-08-05,UNVR,1740.456298828125
2025-08-06,UNVR,1677.6064453125
2025-08-07,UNVR,1706.614013671875
2025-08-08,UNVR,1692.1102294921875
2025-08-11,UNVR,1701.7794189453125
2025-08-12,UNVR,1730.7869873046875
2025-08-13,UNVR,1725.952392578125
2025-08-14,UNVR,1769.4638671875
2025-08-15,UNVR,1692.1102294921875
2025-08-19,UNVR,1769.4638671875
2025-08-20,UNVR,1745.2908935546875
2025-08-21,UNVR,1754.9600830078125
2025-08-22,UNVR,1711.4486083984375
2025-08-25,UNVR,1716.283203125
2025-08-26,UNVR,1730.7869873046875
2025-08-27,UNVR,1696.94482421875
2025-08-28,UNVR,1692.1102294921875
2025-08-29,UNVR,1643.7642822265625
2025-09-01,UNVR,1643.7642822265625
2025-09-02,UNVR,1643.7642822265625
2025-09-03,UNVR,1653.4334716796875
2025-09-04,UNVR,1648.598876953125
2025-09-08,UNVR,1638.9296875
2025-09-09,UNVR,1600.2528076171875
2025-09-10,UNVR,1643.7642822265625
2025-09-11,UNVR,1663.1026611328125
2025-09-12,UNVR,1638.9296875
2025-09-15,UNVR,1634.0950927734375
2025-09-16,UNVR,1682.4410400390625
2025-09-17,UNVR,1677.6064453125
2025-09-18,UNVR,1653.4334716796875
2025-09-19,UNVR,1658.26806640625
2025-09-22,UNVR,1658.26806640625
2025-09-23,UNVR,1716.283203125
2025-09-24,UNVR,1677.6064453125
2025-09-25,UNVR,1677.6064453125
2025-09-26,UNVR,1769.4638671875
2025-09-29,UNVR,1701.7794189453125
2025-09-30,UNVR,1721.1177978515625
2025-10-01,UNVR,1721.1177978515625
2025-10-02,UNVR,1730.7869873046875
2025-10-03,UNVR,1774.2984619140625
2025-10-06,UNVR,1798.471435546875
2025-10-07,UNVR,1769.4638671875
2025-10-08,UNVR,1793.6368408203125
2025-10-09,UNVR,1851.652099609375
2025-10-10,UNVR,1837.1483154296875
2025-10-13,UNVR,1788.80224609375
2025-10-14,UNVR,1740.456298828125
2025-10-15,UNVR,1774.2984619140625
2025-10-16,UNVR,1919.33642578125
2025-10-17,UNVR,1837.1483154296875
2025-10-20,UNVR,2011.19384765625
2025-10-21,UNVR,1982.186279296875
2025-10-22,UNVR,2001.524658203125
2025-10-23,UNVR,2185.239501953125
2025-10-24,UNVR,2446.307861328125
2025-10-27,UNVR,2620.353515625
2025-10-28,UNVR,2407.631103515625
2025-10-29,UNVR,2494.654052734375
2025-10-30,UNVR,2475.3154296875
2025-10-31,UNVR,2494.654052734375
2025-11-03,UNVR,2581.6767578125
2025-11-04,UNVR,2601.01513671875
2025-11-05,UNVR,2601.01513671875
2025-11-06,UNVR,2533.330810546875
2025-11-07,UNVR,2446.307861328125
2025-11-10,UNVR,2446.307861328125
2025-11-11,UNVR,2407.631103515625
2025-11-12,UNVR,2465.646240234375
2025-11-13,UNVR,2407.631103515625
2025-11-14,UNVR,2426.969482421875
2025-11-17,UNVR,2504.3232421875
2025-11-18,UNVR,2426.969482421875
2025-11-19,UNVR,2494.654052734375
2025-11-20,UNVR,2513.992431640625
2025-11-21,UNVR,2455.97705078125
2025-11-24,UNVR,2581.6767578125
2025-11-25,UNVR,2543.0
2025-11-26,UNVR,2513.992431640625
2025-11-27,UNVR,2513.992431640625
2025-11-28,UNVR,2513.992431640625
2025-12-01,UNVR,2533.330810546875
2025-12-02,UNVR,2562.33837890625
2025-12-03,UNVR,2678.368896484375
2025-12-04,UNVR,2678.368896484375
2025-12-05,UNVR,2620.353515625
2025-12-08,UNVR,2533.330810546875
2025-12-09,UNVR,2581.6767578125
2025-12-10,UNVR,2639.69189453125
2025-12-11,UNVR,2552.669189453125
2025-12-12,UNVR,2543.0
2025-12-15,UNVR,2580.0
2025-12-16,UNVR,2710.0
2025-12-17,UNVR,2630.0
2025-12-18,UNVR,2650.0
2025-12-19,UNVR,2770.0
2025-12-22,UNVR,2700.0
2025-12-23,UNVR,2610.0
2025-12-24,UNVR,2600.0
2025-12-29,UNVR,2600.0
2025-12-30,UNVR,2600.0
2026-01-02,UNVR,2620.0
2026-01-05,UNVR,2580.0
2026-01-06,UNVR,2610.0
2026-01-07,UNVR,2600.0
2026-01-08,UNVR,2620.0
2026-01-09,UNVR,2620.0
2026-01-12,UNVR,2600.0
2026-01-13,UNVR,2600.0
2026-01-14,UNVR,2580.0
2026-01-15,UNVR,2450.0
2026-01-19,UNVR,2330.0
2026-01-20,UNVR,2320.0
2026-01-21,UNVR,2290.0
2026-01-22,UNVR,2280.0
2026-01-23,UNVR,2250.0
2026-01-26,UNVR,2150.0
2022-12-30,AKRA,1056.6343994140625
2023-01-02,AKRA,1045.313232421875
2023-01-03,AKRA,1018.8974609375
2023-01-04,AKRA,973.6129760742188
2023-01-05,AKRA,928.3287353515625
2023-01-06,AKRA,958.5183715820312
2023-01-09,AKRA,954.7446899414062
2023-01-10,AKRA,947.1972045898438
2023-01-11,AKRA,950.9708862304688
2023-01-12,AKRA,996.25537109375
2023-01-13,AKRA,992.4815063476562
2023-01-16,AKRA,988.707763671875
2023-01-17,AKRA,1003.802734375
2023-01-18,AKRA,981.16064453125
2023-01-19,AKRA,984.9341430664062
2023-01-20,AKRA,1000.029052734375
2023-01-24,AKRA,1018.8974609375
2023-01-25,AKRA,1018.8974609375
2023-01-26,AKRA,1056.6343994140625
2023-01-27,AKRA,1049.087158203125
2023-01-30,AKRA,1015.123779296875
2023-01-31,AKRA,988.707763671875
2023-02-01,AKRA,1033.9921875
2023-02-02,AKRA,1075.5029296875
2023-02-03,AKRA,1022.671142578125
2023-02-06,AKRA,992.4815063476562
2023-02-07,AKRA,1000.029052734375
2023-02-08,AKRA,981.16064453125
2023-02-09,AKRA,966.0657958984375
2023-02-10,AKRA,988.707763671875
2023-02-13,AKRA,981.16064453125
2023-02-14,AKRA,1022.671142578125
2023-02-15,AKRA,1011.3499755859375
2023-02-16,AKRA,1003.802734375
2023-02-17,AKRA,996.25537109375
2023-02-20,AKRA,988.707763671875
2023-02-21,AKRA,996.25537109375
2023-02-22,AKRA,992.4815063476562
2023-02-23,AKRA,1015.123779296875
2023-02-24,AKRA,1056.6343994140625
2023-02-27,AKRA,1045.313232421875
2023-02-28,AKRA,1045.313232421875
2023-03-01,AKRA,1060.408203125
2023-03-02,AKRA,1090.5975341796875
2023-03-03,AKRA,1071.7291259765625
2023-03-06,AKRA,1049.087158203125
2023-03-07,AKRA,1060.408203125
2023-03-08,AKRA,1049.087158203125
2023-03-09,AKRA,1060.408203125
2023-03-10,AKRA,1045.313232421875
2023-03-13,AKRA,1049.087158203125
2023-03-14,AKRA,1052.86083984375
2023-03-15,AKRA,1056.6343994140625
2023-03-16,AKRA,1022.671142578125
2023-03-17,AKRA,1045.313232421875
2023-03-20,AKRA,1060.408203125
2023-03-21,AKRA,1075.5029296875
2023-03-24,AKRA,1162.2977294921875
2023-03-27,AKRA,1162.2977294921875
2023-03-28,AKRA,1162.2977294921875
2023-03-29,AKRA,1218.9033203125
2023-03-30,AKRA,1188.7137451171875
2023-03-31,AKRA,1169.8453369140625
2023-04-03,AKRA,1173.6190185546875
2023-04-04,AKRA,1181.1663818359375
2023-04-05,AKRA,1169.8453369140625
2023-04-06,AKRA,1188.7137451171875
2023-04-10,AKRA,1192.487548828125
2023-04-11,AKRA,1203.808349609375
2023-04-12,AKRA,1192.487548828125
2023-04-13,AKRA,1188.7137451171875
2023-04-14,AKRA,1203.808349609375
2023-04-17,AKRA,1196.26123046875
2023-04-18,AKRA,1218.9033203125
2023-04-26,AKRA,1226.45068359375
2023-04-27,AKRA,1218.9033203125
2023-04-28,AKRA,1222.677001953125
2023-05-02,AKRA,1211.3558349609375
2023-05-03,AKRA,1181.1663818359375
2023-05-04,AKRA,1169.8453369140625
2023-05-05,AKRA,1135.882080078125
2023-05-08,AKRA,1135.882080078125
2023-05-09,AKRA,1135.882080078125
2023-05-10,AKRA,1092.9449462890625
2023-05-11,AKRA,1081.234619140625
2023-05-12,AKRA,1069.524658203125
2023-05-15,AKRA,1077.3314208984375
2023-05-16,AKRA,1014.8775024414062
2023-05-17,AKRA,1034.394287109375
2023-05-19,AKRA,1050.0078125
2023-05-22,AKRA,1057.8145751953125
2023-05-23,AKRA,1065.6212158203125
2023-05-24,AKRA,1065.6212158203125
2023-05-25,AKRA,1065.6212158203125
2023-05-26,AKRA,1065.6212158203125
2023-05-29,AKRA,1073.4281005859375
2023-05-30,AKRA,1089.04150390625
2023-05-31,AKRA,1065.6212158203125
2023-06-05,AKRA,1061.7178955078125
2023-06-06,AKRA,1096.848388671875
2023-06-07,AKRA,1104.655029296875
2023-06-08,AKRA,1085.13818359375
2023-06-09,AKRA,1096.848388671875
2023-06-12,AKRA,1124.171875
2023-06-13,AKRA,1112.4619140625
2023-06-14,AKRA,1147.592041015625
2023-06-15,AKRA,1143.688720703125
2023-06-16,AKRA,1131.9786376953125
2023-06-19,AKRA,1128.0751953125
2023-06-20,AKRA,1174.9158935546875
2023-06-21,AKRA,1171.012451171875
2023-06-22,AKRA,1182.72265625
2023-06-23,AKRA,1167.1090087890625
2023-06-26,AKRA,1163.2056884765625
2023-06-27,AKRA,1108.558349609375
2023-07-03,AKRA,1096.848388671875
2023-07-04,AKRA,1092.9449462890625
2023-07-05,AKRA,1092.9449462890625
2023-07-06,AKRA,1120.2685546875
2023-07-07,AKRA,1131.9786376953125
2023-07-10,AKRA,1131.9786376953125
2023-07-11,AKRA,1147.592041015625
2023-07-12,AKRA,1131.9786376953125
2023-07-13,AKRA,1135.8819580078125
2023-07-14,AKRA,1104.655029296875
2023-07-17,AKRA,1100.7518310546875
2023-07-18,AKRA,1085.13818359375
2023-07-20,AKRA,1085.13818359375
2023-07-21,AKRA,1073.4281005859375
2023-07-24,AKRA,1065.6212158203125
2023-07-25,AKRA,1073.4281005859375
2023-07-26,AKRA,1096.848388671875
2023-07-27,AKRA,1116.365234375
2023-07-28,AKRA,1092.9449462890625
2023-07-31,AKRA,1081.234619140625
2023-08-01,AKRA,1010.9740600585938
2023-08-02,AKRA,1038.2977294921875
2023-08-03,AKRA,1038.2977294921875
2023-08-04,AKRA,1066.6885986328125
2023-08-07,AKRA,1054.52099609375
2023-08-08,AKRA,1038.297607421875
2023-08-09,AKRA,1034.2418212890625
2023-08-10,AKRA,1042.353515625
2023-08-11,AKRA,1022.07421875
2023-08-14,AKRA,1042.353515625
2023-08-15,AKRA,1058.5767822265625
2023-08-16,AKRA,1062.632568359375
2023-08-18,AKRA,1054.52099609375
2023-08-21,AKRA,1046.4093017578125
2023-08-22,AKRA,1066.6885986328125
2023-08-23,AKRA,1066.6885986328125
2023-08-24,AKRA,1070.7445068359375
2023-08-25,AKRA,1066.6885986328125
2023-08-28,AKRA,1074.8001708984375
2023-08-29,AKRA,1099.1353759765625
2023-08-30,AKRA,1127.5262451171875
2023-08-31,AKRA,1135.637939453125
2023-09-01,AKRA,1212.6990966796875
2023-09-04,AKRA,1241.090087890625
2023-09-05,AKRA,1188.3641357421875
2023-09-06,AKRA,1212.6990966796875
2023-09-07,AKRA,1196.475830078125
2023-09-08,AKRA,1172.140625
2023-09-11,AKRA,1184.308349609375
2023-09-12,AKRA,1168.0848388671875
2023-09-13,AKRA,1196.475830078125
2023-09-14,AKRA,1192.419921875
2023-09-15,AKRA,1204.5875244140625
2023-09-18,AKRA,1196.475830078125
2023-09-19,AKRA,1196.475830078125
2023-09-20,AKRA,1184.308349609375
2023-09-21,AKRA,1176.196533203125
2023-09-22,AKRA,1196.475830078125
2023-09-25,AKRA,1184.308349609375
2023-09-26,AKRA,1184.308349609375
2023-09-27,AKRA,1232.978515625
2023-09-29,AKRA,1253.2576904296875
2023-10-02,AKRA,1228.922607421875
2023-10-03,AKRA,1159.97314453125
2023-10-04,AKRA,1143.749755859375
2023-10-05,AKRA,1139.6939697265625
2023-10-06,AKRA,1151.8614501953125
2023-10-09,AKRA,1208.6434326171875
2023-10-10,AKRA,1184.308349609375
2023-10-11,AKRA,1180.2523193359375
2023-10-12,AKRA,1172.140625
2023-10-13,AKRA,1184.308349609375
2023-10-16,AKRA,1172.140625
2023-10-17,AKRA,1168.0848388671875
2023-10-18,AKRA,1168.0848388671875
2023-10-19,AKRA,1168.0848388671875
2023-10-20,AKRA,1180.2523193359375
2023-10-23,AKRA,1176.196533203125
2023-10-24,AKRA,1184.308349609375
2023-10-25,AKRA,1168.0848388671875
2023-10-26,AKRA,1164.029052734375
2023-10-27,AKRA,1168.0848388671875
2023-10-30,AKRA,1176.196533203125
2023-10-31,AKRA,1208.6434326171875
2023-11-01,AKRA,1220.8109130859375
2023-11-02,AKRA,1196.475830078125
2023-11-03,AKRA,1238.457275390625
2023-11-06,AKRA,1263.6463623046875
2023-11-07,AKRA,1251.0518798828125
2023-11-08,AKRA,1238.457275390625
2023-11-09,AKRA,1238.457275390625
2023-11-10,AKRA,1204.8721923828125
2023-11-13,AKRA,1221.6646728515625
2023-11-14,AKRA,1221.6646728515625
2023-11-15,AKRA,1230.06103515625
2023-11-16,AKRA,1221.6646728515625
2023-11-17,AKRA,1200.674072265625
2023-11-20,AKRA,1225.8629150390625
2023-11-21,AKRA,1221.6646728515625
2023-11-22,AKRA,1225.8629150390625
2023-11-23,AKRA,1217.466552734375
2023-11-24,AKRA,1217.466552734375
2023-11-27,AKRA,1209.0703125
2023-11-28,AKRA,1200.674072265625
2023-11-29,AKRA,1213.2684326171875
2023-11-30,AKRA,1204.8721923828125
2023-12-01,AKRA,1204.8721923828125
2023-12-04,AKRA,1179.6832275390625
2023-12-05,AKRA,1179.6832275390625
2023-12-06,AKRA,1175.48486328125
2023-12-07,AKRA,1120.908935546875
2023-12-08,AKRA,1171.2867431640625
2023-12-11,AKRA,1175.48486328125
2023-12-12,AKRA,1175.48486328125
2023-12-13,AKRA,1175.48486328125
2023-12-14,AKRA,1217.466552734375
2023-12-15,AKRA,1230.06103515625
2023-12-18,AKRA,1209.0703125
2023-12-19,AKRA,1217.466552734375
2023-12-20,AKRA,1217.466552734375
2023-12-21,AKRA,1204.8721923828125
2023-12-22,AKRA,1217.466552734375
2023-12-27,AKRA,1213.2684326171875
2023-12-28,AKRA,1213.2684326171875
2023-12-29,AKRA,1238.457275390625
2024-01-02,AKRA,1259.4481201171875
2024-01-03,AKRA,1272.042724609375
2024-01-04,AKRA,1326.6187744140625
2024-01-05,AKRA,1314.0242919921875
2024-01-08,AKRA,1301.4298095703125
2024-01-09,AKRA,1301.4298095703125
2024-01-10,AKRA,1314.0242919921875
2024-01-11,AKRA,1297.231689453125
2024-01-12,AKRA,1309.826171875
2024-01-15,AKRA,1314.0242919921875
2024-01-16,AKRA,1326.6187744140625
2024-01-17,AKRA,1351.8076171875
2024-01-18,AKRA,1351.8076171875
2024-01-19,AKRA,1364.4022216796875
2024-01-22,AKRA,1372.798583984375
2024-01-23,AKRA,1385.3929443359375
2024-01-24,AKRA,1385.3929443359375
2024-01-25,AKRA,1385.3929443359375
2024-01-26,AKRA,1410.5819091796875
2024-01-29,AKRA,1372.798583984375
2024-01-30,AKRA,1372.798583984375
2024-01-31,AKRA,1360.2039794921875
2024-02-01,AKRA,1351.8076171875
2024-02-02,AKRA,1335.01513671875
2024-02-05,AKRA,1347.6094970703125
2024-02-06,AKRA,1368.600341796875
2024-02-07,AKRA,1360.2039794921875
2024-02-12,AKRA,1368.600341796875
2024-02-13,AKRA,1372.798583984375
2024-02-15,AKRA,1376.9967041015625
2024-02-16,AKRA,1364.4022216796875
2024-02-19,AKRA,1360.2039794921875
2024-02-20,AKRA,1356.005859375
2024-02-21,AKRA,1360.2039794921875
2024-02-22,AKRA,1368.600341796875
2024-02-23,AKRA,1368.600341796875
2024-02-26,AKRA,1360.2039794921875
2024-02-27,AKRA,1389.5911865234375
2024-02-28,AKRA,1402.1856689453125
2024-02-29,AKRA,1427.3746337890625
2024-03-01,AKRA,1469.3560791015625
2024-03-04,AKRA,1469.3560791015625
2024-03-05,AKRA,1502.9415283203125
2024-03-06,AKRA,1502.9415283203125
2024-03-07,AKRA,1498.7431640625
2024-03-08,AKRA,1469.3560791015625
2024-03-13,AKRA,1469.3560791015625
2024-03-14,AKRA,1469.3560791015625
2024-03-15,AKRA,1469.3560791015625
2024-03-18,AKRA,1473.5543212890625
2024-03-19,AKRA,1498.7431640625
2024-03-20,AKRA,1507.1397705078125
2024-03-21,AKRA,1490.3470458984375
2024-03-22,AKRA,1427.3746337890625
2024-03-25,AKRA,1456.7618408203125
2024-03-26,AKRA,1448.365478515625
2024-03-27,AKRA,1427.3746337890625
2024-03-28,AKRA,1444.1673583984375
2024-04-01,AKRA,1435.7708740234375
2024-04-02,AKRA,1502.9415283203125
2024-04-03,AKRA,1490.3470458984375
2024-04-04,AKRA,1486.14892578125
2024-04-05,AKRA,1456.7618408203125
2024-04-16,AKRA,1523.9322509765625
2024-04-17,AKRA,1507.1397705078125
2024-04-18,AKRA,1553.3194580078125
2024-04-19,AKRA,1549.1212158203125
2024-04-22,AKRA,1507.1397705078125
2024-04-23,AKRA,1511.337890625
2024-04-24,AKRA,1502.9415283203125
2024-04-25,AKRA,1456.7618408203125
2024-04-26,AKRA,1343.411376953125
2024-04-29,AKRA,1385.3929443359375
2024-04-30,AKRA,1406.3836669921875
2024-05-02,AKRA,1385.3929443359375
2024-05-03,AKRA,1385.3929443359375
2024-05-06,AKRA,1410.5819091796875
2024-05-07,AKRA,1393.7894287109375
2024-05-08,AKRA,1393.7894287109375
2024-05-13,AKRA,1428.4176025390625
2024-05-14,AKRA,1415.4320068359375
2024-05-15,AKRA,1406.77490234375
2024-05-16,AKRA,1367.8182373046875
2024-05-17,AKRA,1367.8182373046875
2024-05-20,AKRA,1393.789306640625
2024-05-21,AKRA,1359.1611328125
2024-05-22,AKRA,1380.8038330078125
2024-05-27,AKRA,1367.8182373046875
2024-05-28,AKRA,1367.8182373046875
2024-05-29,AKRA,1428.4176025390625
2024-05-30,AKRA,1406.77490234375
2024-05-31,AKRA,1385.13232421875
2024-06-03,AKRA,1389.4608154296875
2024-06-04,AKRA,1385.13232421875
2024-06-05,AKRA,1359.1611328125
2024-06-06,AKRA,1376.4752197265625
2024-06-07,AKRA,1385.13232421875
2024-06-10,AKRA,1402.4464111328125
2024-06-11,AKRA,1389.4608154296875
2024-06-12,AKRA,1376.4752197265625
2024-06-13,AKRA,1376.4752197265625
2024-06-14,AKRA,1359.1611328125
2024-06-19,AKRA,1367.8182373046875
2024-06-20,AKRA,1354.83251953125
2024-06-21,AKRA,1367.8182373046875
2024-06-24,AKRA,1411.103515625
2024-06-25,AKRA,1415.4320068359375
2024-06-26,AKRA,1419.760498046875
2024-06-27,AKRA,1424.0889892578125
2024-06-28,AKRA,1402.4464111328125
2024-07-01,AKRA,1385.13232421875
2024-07-02,AKRA,1380.8038330078125
2024-07-03,AKRA,1376.4752197265625
2024-07-04,AKRA,1367.8182373046875
2024-07-05,AKRA,1354.83251953125
2024-07-08,AKRA,1311.5472412109375
2024-07-09,AKRA,1298.5615234375
2024-07-10,AKRA,1307.2186279296875
2024-07-11,AKRA,1302.8900146484375
2024-07-12,AKRA,1298.5615234375
2024-07-15,AKRA,1302.8900146484375
2024-07-16,AKRA,1302.8900146484375
2024-07-17,AKRA,1302.8900146484375
2024-07-18,AKRA,1315.875732421875
2024-07-19,AKRA,1311.5472412109375
2024-07-22,AKRA,1307.2186279296875
2024-07-23,AKRA,1302.8900146484375
2024-07-24,AKRA,1302.8900146484375
2024-07-25,AKRA,1307.2186279296875
2024-07-26,AKRA,1346.1754150390625
2024-07-29,AKRA,1324.53271484375
2024-07-30,AKRA,1320.2041015625
2024-07-31,AKRA,1311.5472412109375
2024-08-01,AKRA,1315.875732421875
2024-08-02,AKRA,1320.2041015625
2024-08-05,AKRA,1257.550537109375
2024-08-06,AKRA,1257.550537109375
2024-08-07,AKRA,1288.87744140625
2024-08-08,AKRA,1270.9761962890625
2024-08-09,AKRA,1297.827880859375
2024-08-12,AKRA,1329.15478515625
2024-08-13,AKRA,1329.15478515625
2024-08-14,AKRA,1378.382568359375
2024-08-15,AKRA,1360.481689453125
2024-08-16,AKRA,1356.0064697265625
2024-08-19,AKRA,1347.0557861328125
2024-08-20,AKRA,1351.5311279296875
2024-08-21,AKRA,1342.58056640625
2024-08-22,AKRA,1306.7784423828125
2024-08-23,AKRA,1297.827880859375
2024-08-26,AKRA,1315.7288818359375
2024-08-27,AKRA,1329.15478515625
2024-08-28,AKRA,1347.0557861328125
2024-08-29,AKRA,1324.679443359375
2024-08-30,AKRA,1338.1053466796875
2024-09-02,AKRA,1338.1053466796875
2024-09-03,AKRA,1320.2042236328125
2024-09-04,AKRA,1284.402099609375
2024-09-05,AKRA,1284.402099609375
2024-09-06,AKRA,1270.9761962890625
2024-09-09,AKRA,1262.0257568359375
2024-09-10,AKRA,1284.402099609375
2024-09-11,AKRA,1279.9268798828125
2024-09-12,AKRA,1315.7288818359375
2024-09-13,AKRA,1315.7288818359375
2024-09-17,AKRA,1324.679443359375
2024-09-18,AKRA,1311.253662109375
2024-09-19,AKRA,1315.7288818359375
2024-09-20,AKRA,1338.1053466796875
2024-09-23,AKRA,1360.481689453125
2024-09-24,AKRA,1396.2838134765625
2024-09-25,AKRA,1369.43212890625
2024-09-26,AKRA,1364.956787109375
2024-09-27,AKRA,1387.333251953125
2024-09-30,AKRA,1387.333251953125
2024-10-01,AKRA,1387.333251953125
2024-10-02,AKRA,1414.1849365234375
2024-10-03,AKRA,1427.6107177734375
2024-10-04,AKRA,1445.51171875
2024-10-07,AKRA,1445.51171875
2024-10-08,AKRA,1382.8580322265625
2024-10-09,AKRA,1364.956787109375
2024-10-10,AKRA,1382.8580322265625
2024-10-11,AKRA,1378.382568359375
2024-10-14,AKRA,1373.9073486328125
2024-10-15,AKRA,1306.7784423828125
2024-10-16,AKRA,1342.58056640625
2024-10-17,AKRA,1333.6300048828125
2024-10-18,AKRA,1293.3526611328125
2024-10-21,AKRA,1293.3526611328125
2024-10-22,AKRA,1297.827880859375
2024-10-23,AKRA,1288.87744140625
2024-10-24,AKRA,1270.9761962890625
2024-10-25,AKRA,1262.0257568359375
2024-10-28,AKRA,1217.2730712890625
2024-10-29,AKRA,1208.322509765625
2024-10-30,AKRA,1248.599853515625
2024-10-31,AKRA,1208.322509765625
2024-11-01,AKRA,1208.322509765625
2024-11-04,AKRA,1163.56982421875
2024-11-05,AKRA,1217.2730712890625
2024-11-06,AKRA,1199.3719482421875
2024-11-07,AKRA,1172.520263671875
2024-11-08,AKRA,1230.6988525390625
2024-11-11,AKRA,1235.174072265625
2024-11-12,AKRA,1208.322509765625
2024-11-13,AKRA,1226.2236328125
2024-11-14,AKRA,1208.322509765625
2024-11-15,AKRA,1163.56982421875
2024-11-18,AKRA,1199.3719482421875
2024-11-19,AKRA,1172.520263671875
2024-11-20,AKRA,1190.42138671875
2024-11-21,AKRA,1168.0450439453125
2024-11-22,AKRA,1168.0450439453125
2024-11-25,AKRA,1132.2430419921875
2024-11-26,AKRA,1100.916015625
2024-11-28,AKRA,1096.4407958984375
2024-11-29,AKRA,1100.916015625
2024-12-02,AKRA,1096.4407958984375
2024-12-03,AKRA,1096.4407958984375
2024-12-04,AKRA,1136.71826171875
2024-12-05,AKRA,1176.9954833984375
2024-12-06,AKRA,1181.470947265625
2024-12-09,AKRA,1203.84716796875
2024-12-10,AKRA,1212.7978515625
2024-12-11,AKRA,1194.896728515625
2024-12-12,AKRA,1194.896728515625
2024-12-13,AKRA,1176.9954833984375
2024-12-16,AKRA,1145.668701171875
2024-12-17,AKRA,1096.4407958984375
2024-12-18,AKRA,1047.2127685546875
2024-12-19,AKRA,1002.4600830078125
2024-12-20,AKRA,1020.3611450195312
2024-12-23,AKRA,1011.4107666015625
2024-12-24,AKRA,1002.4600830078125
2024-12-27,AKRA,1002.4600830078125
2024-12-30,AKRA,1002.4600830078125
2025-01-02,AKRA,1033.7869873046875
2025-01-03,AKRA,1006.935546875
2025-01-06,AKRA,935.3311157226562
2025-01-07,AKRA,984.55908203125
2025-01-08,AKRA,1047.2127685546875
2025-01-09,AKRA,1051.68798828125
2025-01-10,AKRA,1074.064453125
2025-01-13,AKRA,1047.2127685546875
2025-01-14,AKRA,1083.0150146484375
2025-01-15,AKRA,1091.965576171875
2025-01-16,AKRA,1074.064453125
2025-01-17,AKRA,1074.064453125
2025-01-20,AKRA,1118.817138671875
2025-01-21,AKRA,1114.341796875
2025-01-22,AKRA,1100.916015625
2025-01-23,AKRA,1100.916015625
2025-01-24,AKRA,1065.1138916015625
2025-01-30,AKRA,1002.4600830078125
2025-01-31,AKRA,993.5096435546875
2025-02-03,AKRA,980.0838012695312
2025-02-04,AKRA,989.0343017578125
2025-02-05,AKRA,1006.935546875
2025-02-06,AKRA,1006.935546875
2025-02-07,AKRA,1011.4107666015625
2025-02-10,AKRA,989.0343017578125
2025-02-11,AKRA,989.0343017578125
2025-02-12,AKRA,989.0343017578125
2025-02-13,AKRA,989.0343017578125
2025-02-14,AKRA,993.5096435546875
2025-02-17,AKRA,997.98486328125
2025-02-18,AKRA,1074.064453125
2025-02-19,AKRA,1078.5396728515625
2025-02-20,AKRA,1105.391357421875
2025-02-21,AKRA,1100.916015625
2025-02-24,AKRA,1087.4903564453125
2025-02-25,AKRA,1074.064453125
2025-02-26,AKRA,1078.5396728515625
2025-02-27,AKRA,1172.520263671875
2025-02-28,AKRA,1109.8665771484375
2025-03-03,AKRA,1105.391357421875
2025-03-04,AKRA,1083.0150146484375
2025-03-05,AKRA,1078.5396728515625
2025-03-06,AKRA,1145.668701171875
2025-03-07,AKRA,1168.0450439453125
2025-03-10,AKRA,1154.6192626953125
2025-03-11,AKRA,1145.668701171875
2025-03-12,AKRA,1168.0450439453125
2025-03-13,AKRA,1051.68798828125
2025-03-14,AKRA,1020.3611450195312
2025-03-17,AKRA,1006.935546875
2025-03-18,AKRA,971.13330078125
2025-03-19,AKRA,980.0838012695312
2025-03-20,AKRA,984.55908203125
2025-03-21,AKRA,984.55908203125
2025-03-24,AKRA,980.0838012695312
2025-03-25,AKRA,1015.8859252929688
2025-03-26,AKRA,989.0343017578125
2025-03-27,AKRA,980.0838012695312
2025-04-08,AKRA,868.2020874023438
2025-04-09,AKRA,805.54833984375
2025-04-10,AKRA,984.55908203125
2025-04-11,AKRA,939.806396484375
2025-04-14,AKRA,962.1827392578125
2025-04-15,AKRA,939.806396484375
2025-04-16,AKRA,935.3311157226562
2025-04-17,AKRA,939.806396484375
2025-04-21,AKRA,962.1827392578125
2025-04-22,AKRA,989.0343017578125
2025-04-23,AKRA,1015.8859252929688
2025-04-24,AKRA,1069.5892333984375
2025-04-25,AKRA,1060.638671875
2025-04-28,AKRA,1074.064453125
2025-04-29,AKRA,1109.8665771484375
2025-04-30,AKRA,1127.767578125
2025-05-02,AKRA,1114.341796875
2025-05-05,AKRA,1136.71826171875
2025-05-06,AKRA,1136.71826171875
2025-05-07,AKRA,1154.6192626953125
2025-05-08,AKRA,1154.619384765625
2025-05-09,AKRA,1159.2750244140625
2025-05-14,AKRA,1168.58642578125
2025-05-15,AKRA,1163.9307861328125
2025-05-16,AKRA,1187.2093505859375
2025-05-19,AKRA,1182.5537109375
2025-05-20,AKRA,1182.5537109375
2025-05-21,AKRA,1280.3238525390625
2025-05-22,AKRA,1247.7337646484375
2025-05-23,AKRA,1210.488037109375
2025-05-26,AKRA,1205.832275390625
2025-05-27,AKRA,1201.176513671875
2025-05-28,AKRA,1187.2093505859375
2025-06-02,AKRA,1149.963623046875
2025-06-03,AKRA,1177.89794921875
2025-06-04,AKRA,1149.963623046875
2025-06-05,AKRA,1126.68505859375
2025-06-10,AKRA,1135.9964599609375
2025-06-11,AKRA,1163.9307861328125
2025-06-12,AKRA,1196.520751953125
2025-06-13,AKRA,1224.455078125
2025-06-16,AKRA,1191.8651123046875
2025-06-17,AKRA,1205.832275390625
2025-06-18,AKRA,1215.1436767578125
2025-06-19,AKRA,1187.2093505859375
2025-06-20,AKRA,1131.3406982421875
2025-06-23,AKRA,1173.2421875
2025-06-24,AKRA,1126.68505859375
2025-06-25,AKRA,1075.4720458984375
2025-06-26,AKRA,1108.0621337890625
2025-06-30,AKRA,1080.1278076171875
2025-07-01,AKRA,1089.439208984375
2025-07-02,AKRA,1084.783447265625
2025-07-03,AKRA,1098.750732421875
2025-07-04,AKRA,1108.0621337890625
2025-07-07,AKRA,1089.439208984375
2025-07-08,AKRA,1080.1278076171875
2025-07-09,AKRA,1075.4720458984375
2025-07-10,AKRA,1089.439208984375
2025-07-11,AKRA,1108.0621337890625
2025-07-14,AKRA,1131.3406982421875
2025-07-15,AKRA,1154.619384765625
2025-07-16,AKRA,1135.9964599609375
2025-07-17,AKRA,1131.3406982421875
2025-07-18,AKRA,1108.0621337890625
2025-07-21,AKRA,1131.3406982421875
2025-07-22,AKRA,1135.9964599609375
2025-07-23,AKRA,1173.2421875
2025-07-24,AKRA,1154.619384765625
2025-07-25,AKRA,1154.619384765625
2025-07-28,AKRA,1229.1109619140625
2025-07-29,AKRA,1252.389404296875
2025-07-30,AKRA,1233.7666015625
2025-07-31,AKRA,1247.7337646484375
2025-08-01,AKRA,1233.7666015625
2025-08-04,AKRA,1205.832275390625
2025-08-05,AKRA,1224.455078125
2025-08-06,AKRA,1229.294921875
2025-08-07,AKRA,1263.173095703125
2025-08-08,AKRA,1263.173095703125
2025-08-11,AKRA,1243.8140869140625
2025-08-12,AKRA,1219.6153564453125
2025-08-13,AKRA,1238.974365234375
2025-08-14,AKRA,1214.775634765625
2025-08-15,AKRA,1219.6153564453125
2025-08-19,AKRA,1180.8974609375
2025-08-20,AKRA,1190.576904296875
2025-08-21,AKRA,1185.7371826171875
2025-08-22,AKRA,1190.576904296875
2025-08-25,AKRA,1209.9359130859375
2025-08-26,AKRA,1185.7371826171875
2025-08-27,AKRA,1176.0577392578125
2025-08-28,AKRA,1185.7371826171875
2025-08-29,AKRA,1156.69873046875
2025-09-01,AKRA,1151.8590087890625
2025-09-02,AKRA,1161.5384521484375
2025-09-03,AKRA,1195.416748046875
2025-09-04,AKRA,1190.576904296875
2025-09-08,AKRA,1180.8974609375
2025-09-09,AKRA,1180.8974609375
2025-09-10,AKRA,1190.576904296875
2025-09-11,AKRA,1180.8974609375
2025-09-12,AKRA,1166.378173828125
2025-09-15,AKRA,1161.5384521484375
2025-09-16,AKRA,1200.2564697265625
2025-09-17,AKRA,1205.09619140625
2025-09-18,AKRA,1200.2564697265625
2025-09-19,AKRA,1185.7371826171875
2025-09-22,AKRA,1161.5384521484375
2025-09-23,AKRA,1171.218017578125
2025-09-24,AKRA,1171.218017578125
2025-09-25,AKRA,1180.8974609375
2025-09-26,AKRA,1195.416748046875
2025-09-29,AKRA,1176.0577392578125
2025-09-30,AKRA,1171.218017578125
2025-10-01,AKRA,1098.621826171875
2025-10-02,AKRA,1079.2628173828125
2025-10-03,AKRA,1098.621826171875
2025-10-06,AKRA,1079.2628173828125
2025-10-07,AKRA,1093.7821044921875
2025-10-08,AKRA,1088.9423828125
2025-10-09,AKRA,1093.7821044921875
2025-10-10,AKRA,1069.5833740234375
2025-10-13,AKRA,1055.0640869140625
2025-10-14,AKRA,1040.544921875
2025-10-15,AKRA,1030.8653564453125
2025-10-16,AKRA,1050.224365234375
2025-10-17,AKRA,1035.7052001953125
2025-10-20,AKRA,1055.0640869140625
2025-10-21,AKRA,1093.7821044921875
2025-10-22,AKRA,1059.90380859375
2025-10-23,AKRA,1079.2628173828125
2025-10-24,AKRA,1171.218017578125
2025-10-27,AKRA,1176.0577392578125
2025-10-28,AKRA,1171.218017578125
2025-10-29,AKRA,1180.8974609375
2025-10-30,AKRA,1166.378173828125
2025-10-31,AKRA,1180.8974609375
2025-11-03,AKRA,1209.9359130859375
2025-11-04,AKRA,1229.294921875
2025-11-05,AKRA,1195.416748046875
2025-11-06,AKRA,1205.09619140625
2025-11-07,AKRA,1209.9359130859375
2025-11-10,AKRA,1171.218017578125
2025-11-11,AKRA,1185.7371826171875
2025-11-12,AKRA,1214.775634765625
2025-11-13,AKRA,1200.2564697265625
2025-11-14,AKRA,1190.576904296875
2025-11-17,AKRA,1234.1346435546875
2025-11-18,AKRA,1301.8909912109375
2025-11-19,AKRA,1297.05126953125
2025-11-20,AKRA,1234.1346435546875
2025-11-21,AKRA,1248.65380859375
2025-11-24,AKRA,1219.6153564453125
2025-11-25,AKRA,1219.6153564453125
2025-11-26,AKRA,1229.294921875
2025-11-27,AKRA,1200.2564697265625
2025-11-28,AKRA,1200.2564697265625
2025-12-01,AKRA,1180.8974609375
2025-12-02,AKRA,1200.2564697265625
2025-12-03,AKRA,1195.416748046875
2025-12-04,AKRA,1272.8525390625
2025-12-05,AKRA,1238.974365234375
2025-12-08,AKRA,1243.8140869140625
2025-12-09,AKRA,1195.416748046875
2025-12-10,AKRA,1229.294921875
2025-12-11,AKRA,1195.416748046875
2025-12-12,AKRA,1195.416748046875
2025-12-15,AKRA,1195.416748046875
2025-12-16,AKRA,1195.416748046875
2025-12-17,AKRA,1205.09619140625
2025-12-18,AKRA,1195.416748046875
2025-12-19,AKRA,1190.576904296875
2025-12-22,AKRA,1200.2564697265625
2025-12-23,AKRA,1209.9359130859375
2025-12-24,AKRA,1209.9359130859375
2025-12-29,AKRA,1209.9359130859375
2025-12-30,AKRA,1219.6153564453125
2026-01-02,AKRA,1238.974365234375
2026-01-05,AKRA,1258.3333740234375
2026-01-06,AKRA,1243.8140869140625
2026-01-07,AKRA,1224.4552001953125
2026-01-08,AKRA,1205.09619140625
2026-01-09,AKRA,1195.416748046875
2026-01-12,AKRA,1205.09619140625
2026-01-13,AKRA,1200.2564697265625
2026-01-14,AKRA,1205.09619140625
2026-01-15,AKRA,1209.9359130859375
2026-01-19,AKRA,1253.49365234375
2026-01-20,AKRA,1287.371826171875
2026-01-21,AKRA,1253.49365234375
2026-01-22,AKRA,1277.6923828125
2026-01-23,AKRA,1263.173095703125
2026-01-26,AKRA,1311.570556640625
2022-12-30,ACES,424.2118835449219
2023-01-02,ACES,436.18560791015625
2023-01-03,ACES,436.18560791015625
2023-01-04,ACES,427.6329345703125
2023-01-05,ACES,417.3697204589844
2023-01-06,ACES,419.0802917480469
2023-01-09,ACES,420.79083251953125
2023-01-10,ACES,412.2381591796875
2023-01-11,ACES,384.86962890625
2023-01-12,ACES,398.55389404296875
2023-01-13,ACES,384.86962890625
2023-01-16,ACES,376.3169860839844
2023-01-17,ACES,372.89593505859375
2023-01-18,ACES,376.3169860839844
2023-01-19,ACES,367.76434326171875
2023-01-20,ACES,391.7117614746094
2023-01-24,ACES,384.86962890625
2023-01-25,ACES,384.86962890625
2023-01-26,ACES,415.6592102050781
2023-01-27,ACES,424.2118835449219
2023-01-30,ACES,425.92242431640625
2023-01-31,ACES,419.0802917480469
2023-02-01,ACES,410.52764892578125
2023-02-02,ACES,422.5013427734375
2023-02-03,ACES,420.79083251953125
2023-02-06,ACES,425.92242431640625
2023-02-07,ACES,419.0802917480469
2023-02-08,ACES,424.2118835449219
2023-02-09,ACES,436.18560791015625
2023-02-10,ACES,431.9092712402344
2023-02-13,ACES,466.1199035644531
2023-02-14,ACES,461.8435974121094
2023-02-15,ACES,466.1199035644531
2023-02-16,ACES,474.6725769042969
2023-02-17,ACES,461.8435974121094
2023-02-20,ACES,461.8435974121094
2023-02-21,ACES,466.1199035644531
2023-02-22,ACES,449.01458740234375
2023-02-23,ACES,436.18560791015625
2023-02-24,ACES,440.4619140625
2023-02-27,ACES,436.18560791015625
2023-02-28,ACES,431.9092712402344
2023-03-01,ACES,431.9092712402344
2023-03-02,ACES,422.5013427734375
2023-03-03,ACES,424.2118835449219
2023-03-06,ACES,425.92242431640625
2023-03-07,ACES,424.2118835449219
2023-03-08,ACES,415.6592102050781
2023-03-09,ACES,427.6329345703125
2023-03-10,ACES,427.6329345703125
2023-03-13,ACES,427.6329345703125
2023-03-14,ACES,400.2644348144531
2023-03-15,ACES,390.001220703125
2023-03-16,ACES,376.3169860839844
2023-03-17,ACES,378.02752685546875
2023-03-20,ACES,384.86962890625
2023-03-21,ACES,384.86962890625
2023-03-24,ACES,400.2644348144531
2023-03-27,ACES,400.2644348144531
2023-03-28,ACES,398.55389404296875
2023-03-29,ACES,400.2644348144531
2023-03-30,ACES,412.2381591796875
2023-03-31,ACES,408.8171081542969
2023-04-03,ACES,410.52764892578125
2023-04-04,ACES,405.3960266113281
2023-04-05,ACES,396.8433837890625
2023-04-06,ACES,386.5801696777344
2023-04-10,ACES,379.738037109375
2023-04-11,ACES,379.738037109375
2023-04-12,ACES,386.5801696777344
2023-04-13,ACES,381.4485778808594
2023-04-14,ACES,381.4485778808594
2023-04-17,ACES,376.3169860839844
2023-04-18,ACES,376.3169860839844
2023-04-26,ACES,378.02752685546875
2023-04-27,ACES,381.4485778808594
2023-04-28,ACES,384.86962890625
2023-05-02,ACES,379.738037109375
2023-05-03,ACES,384.86962890625
2023-05-04,ACES,396.8433837890625
2023-05-05,ACES,403.68548583984375
2023-05-08,ACES,436.18560791015625
2023-05-09,ACES,474.6725769042969
2023-05-10,ACES,470.3962097167969
2023-05-11,ACES,461.8435974121094
2023-05-12,ACES,457.5672302246094
2023-05-15,ACES,483.2252197265625
2023-05-16,ACES,487.5015563964844
2023-05-17,ACES,508.8832092285156
2023-05-19,ACES,500.3305358886719
2023-05-22,ACES,538.8175048828125
2023-05-23,ACES,517.4358520507812
2023-05-24,ACES,525.9884643554688
2023-05-25,ACES,543.0938720703125
2023-05-26,ACES,560.1991577148438
2023-05-29,ACES,538.8175048828125
2023-05-30,ACES,530.264892578125
2023-05-31,ACES,538.8175048828125
2023-06-05,ACES,538.8175048828125
2023-06-06,ACES,551.6464233398438
2023-06-07,ACES,598.6861572265625
2023-06-08,ACES,581.580810546875
2023-06-09,ACES,585.8571166992188
2023-06-12,ACES,581.580810546875
2023-06-13,ACES,551.6464233398438
2023-06-14,ACES,585.8571166992188
2023-06-15,ACES,564.4755249023438
2023-06-16,ACES,555.9228515625
2023-06-19,ACES,543.0938720703125
2023-06-20,ACES,517.4358520507812
2023-06-21,ACES,590.1334838867188
2023-06-22,ACES,573.028076171875
2023-06-23,ACES,573.028076171875
2023-06-26,ACES,581.580810546875
2023-06-27,ACES,577.304443359375
2023-07-03,ACES,573.028076171875
2023-07-04,ACES,560.1991577148438
2023-07-05,ACES,574.6184692382812
2023-07-06,ACES,588.0861206054688
2023-07-07,ACES,646.44580078125
2023-07-10,ACES,637.4673461914062
2023-07-11,ACES,637.4673461914062
2023-07-12,ACES,650.9349975585938
2023-07-13,ACES,641.9566040039062
2023-07-14,ACES,646.44580078125
2023-07-17,ACES,677.8702392578125
2023-07-18,ACES,673.3810424804688
2023-07-20,ACES,623.999755859375
2023-07-21,ACES,632.9781494140625
2023-07-24,ACES,659.9133911132812
2023-07-25,ACES,673.3810424804688
2023-07-26,ACES,664.402587890625
2023-07-27,ACES,677.8702392578125
2023-07-28,ACES,659.9133911132812
2023-07-31,ACES,646.44580078125
2023-08-01,ACES,606.04296875
2023-08-02,ACES,597.0645141601562
2023-08-03,ACES,619.5105590820312
2023-08-04,ACES,610.5321044921875
2023-08-07,ACES,655.4241943359375
2023-08-08,ACES,646.44580078125
2023-08-09,ACES,641.9566040039062
2023-08-10,ACES,628.489013671875
2023-08-11,ACES,628.489013671875
2023-08-14,ACES,619.5105590820312
2023-08-15,ACES,646.44580078125
2023-08-16,ACES,641.9566040039062
2023-08-18,ACES,637.4673461914062
2023-08-21,ACES,655.4241943359375
2023-08-22,ACES,673.3810424804688
2023-08-23,ACES,677.8702392578125
2023-08-24,ACES,682.3594360351562
2023-08-25,ACES,673.3810424804688
2023-08-28,ACES,682.3594360351562
2023-08-29,ACES,677.8702392578125
2023-08-30,ACES,677.8702392578125
2023-08-31,ACES,655.4241943359375
2023-09-01,ACES,664.402587890625
2023-09-04,ACES,664.402587890625
2023-09-05,ACES,655.4241943359375
2023-09-06,ACES,650.9349975585938
2023-09-07,ACES,646.44580078125
2023-09-08,ACES,646.44580078125
2023-09-11,ACES,677.8702392578125
2023-09-12,ACES,673.3810424804688
2023-09-13,ACES,668.891845703125
2023-09-14,ACES,659.9133911132812
2023-09-15,ACES,655.4241943359375
2023-09-18,ACES,713.783935546875
2023-09-19,ACES,695.8270874023438
2023-09-20,ACES,709.294677734375
2023-09-21,ACES,718.2731323242188
2023-09-22,ACES,709.294677734375
2023-09-25,ACES,709.294677734375
2023-09-26,ACES,682.3594360351562
2023-09-27,ACES,677.8702392578125
2023-09-29,ACES,673.3810424804688
2023-10-02,ACES,704.8054809570312
2023-10-03,ACES,695.8270874023438
2023-10-04,ACES,673.3810424804688
2023-10-05,ACES,682.3594360351562
2023-10-06,ACES,686.8486328125
2023-10-09,ACES,686.8486328125
2023-10-10,ACES,700.3162231445312
2023-10-11,ACES,700.3162231445312
2023-10-12,ACES,722.7622680664062
2023-10-13,ACES,704.8054809570312
2023-10-16,ACES,722.7622680664062
2023-10-17,ACES,718.2731323242188
2023-10-18,ACES,718.2731323242188
2023-10-19,ACES,709.294677734375
2023-10-20,ACES,713.783935546875
2023-10-23,ACES,740.7191772460938
2023-10-24,ACES,767.6543579101562
2023-10-25,ACES,785.6112060546875
2023-10-26,ACES,781.1220092773438
2023-10-27,ACES,758.6759643554688
2023-10-30,ACES,745.2083129882812
2023-10-31,ACES,718.2731323242188
2023-11-01,ACES,713.783935546875
2023-11-02,ACES,713.783935546875
2023-11-03,ACES,736.2299194335938
2023-11-06,ACES,772.1435546875
2023-11-07,ACES,745.2083129882812
2023-11-08,ACES,745.2083129882812
2023-11-09,ACES,740.7191772460938
2023-11-10,ACES,722.7622680664062
2023-11-13,ACES,740.7191772460938
2023-11-14,ACES,727.2515258789062
2023-11-15,ACES,749.697509765625
2023-11-16,ACES,745.2083129882812
2023-11-17,ACES,731.74072265625
2023-11-20,ACES,745.2083129882812
2023-11-21,ACES,736.2299194335938
2023-11-22,ACES,731.74072265625
2023-11-23,ACES,727.2515258789062
2023-11-24,ACES,731.74072265625
2023-11-27,ACES,718.2731323242188
2023-11-28,ACES,695.8270874023438
2023-11-29,ACES,691.337890625
2023-11-30,ACES,677.8702392578125
2023-12-01,ACES,659.9133911132812
2023-12-04,ACES,646.44580078125
2023-12-05,ACES,637.4673461914062
2023-12-06,ACES,655.4241943359375
2023-12-07,ACES,623.999755859375
2023-12-08,ACES,623.999755859375
2023-12-11,ACES,619.5105590820312
2023-12-12,ACES,615.0213012695312
2023-12-13,ACES,610.5321044921875
2023-12-14,ACES,610.5321044921875
2023-12-15,ACES,615.0213012695312
2023-12-18,ACES,641.9566040039062
2023-12-19,ACES,664.402587890625
2023-12-20,ACES,646.44580078125
2023-12-21,ACES,650.9349975585938
2023-12-22,ACES,646.44580078125
2023-12-27,ACES,650.9349975585938
2023-12-28,ACES,641.9566040039062
2023-12-29,ACES,646.44580078125
2024-01-02,ACES,641.9566040039062
2024-01-03,ACES,641.9566040039062
2024-01-04,ACES,659.9133911132812
2024-01-05,ACES,673.3810424804688
2024-01-08,ACES,659.9133911132812
2024-01-09,ACES,686.8486328125
2024-01-10,ACES,691.337890625
2024-01-11,ACES,727.2515258789062
2024-01-12,ACES,727.2515258789062
2024-01-15,ACES,727.2515258789062
2024-01-16,ACES,727.2515258789062
2024-01-17,ACES,718.2731323242188
2024-01-18,ACES,718.2731323242188
2024-01-19,ACES,718.2731323242188
2024-01-22,ACES,727.2515258789062
2024-01-23,ACES,740.7191772460938
2024-01-24,ACES,740.7191772460938
2024-01-25,ACES,740.7191772460938
2024-01-26,ACES,736.2299194335938
2024-01-29,ACES,749.697509765625
2024-01-30,ACES,745.2083129882812
2024-01-31,ACES,763.1652221679688
2024-02-01,ACES,767.6543579101562
2024-02-02,ACES,736.2299194335938
2024-02-05,ACES,727.2515258789062
2024-02-06,ACES,745.2083129882812
2024-02-07,ACES,745.2083129882812
2024-02-12,ACES,731.74072265625
2024-02-13,ACES,736.2299194335938
2024-02-15,ACES,740.7191772460938
2024-02-16,ACES,695.8270874023438
2024-02-19,ACES,682.3594360351562
2024-02-20,ACES,704.8054809570312
2024-02-21,ACES,713.783935546875
2024-02-22,ACES,749.697509765625
2024-02-23,ACES,754.186767578125
2024-02-26,ACES,763.1652221679688
2024-02-27,ACES,749.697509765625
2024-02-28,ACES,745.2083129882812
2024-02-29,ACES,749.697509765625
2024-03-01,ACES,740.7191772460938
2024-03-04,ACES,736.2299194335938
2024-03-05,ACES,722.7622680664062
2024-03-06,ACES,718.2731323242188
2024-03-07,ACES,736.2299194335938
2024-03-08,ACES,740.7191772460938
2024-03-13,ACES,749.697509765625
2024-03-14,ACES,754.186767578125
2024-03-15,ACES,749.697509765625
2024-03-18,ACES,740.7191772460938
2024-03-19,ACES,758.6759643554688
2024-03-20,ACES,834.992431640625
2024-03-21,ACES,826.0140991210938
2024-03-22,ACES,821.5248413085938
2024-03-25,ACES,834.992431640625
2024-03-26,ACES,830.5032958984375
2024-03-27,ACES,817.03564453125
2024-03-28,ACES,790.1004028320312
2024-04-01,ACES,817.03564453125
2024-04-02,ACES,857.4384765625
2024-04-03,ACES,857.4384765625
2024-04-04,ACES,866.4169311523438
2024-04-05,ACES,852.9493408203125
2024-04-16,ACES,817.03564453125
2024-04-17,ACES,826.0140991210938
2024-04-18,ACES,843.9708862304688
2024-04-19,ACES,826.0140991210938
2024-04-22,ACES,848.4601440429688
2024-04-23,ACES,870.9061279296875
2024-04-24,ACES,870.9061279296875
2024-04-25,ACES,875.3953857421875
2024-04-26,ACES,817.03564453125
2024-04-29,ACES,839.481689453125
2024-04-30,ACES,839.481689453125
2024-05-02,ACES,817.03564453125
2024-05-03,ACES,790.1004028320312
2024-05-06,ACES,785.6112060546875
2024-05-07,ACES,799.078857421875
2024-05-08,ACES,785.6112060546875
2024-05-13,ACES,767.6543579101562
2024-05-14,ACES,767.6543579101562
2024-05-15,ACES,785.6112060546875
2024-05-16,ACES,763.1652221679688
2024-05-17,ACES,758.6759643554688
2024-05-20,ACES,763.1652221679688
2024-05-21,ACES,718.2731323242188
2024-05-22,ACES,718.2731323242188
2024-05-27,ACES,731.74072265625
2024-05-28,ACES,727.2515258789062
2024-05-29,ACES,740.7191772460938
2024-05-30,ACES,731.74072265625
2024-05-31,ACES,736.2299194335938
2024-06-03,ACES,718.2731323242188
2024-06-04,ACES,745.2083129882812
2024-06-05,ACES,763.1652221679688
2024-06-06,ACES,758.6759643554688
2024-06-07,ACES,749.697509765625
2024-06-10,ACES,767.6543579101562
2024-06-11,ACES,776.6328125
2024-06-12,ACES,763.1652221679688
2024-06-13,ACES,749.697509765625
2024-06-14,ACES,754.186767578125
2024-06-19,ACES,772.1435546875
2024-06-20,ACES,803.4403686523438
2024-06-21,ACES,789.4268798828125
2024-06-24,ACES,789.4268798828125
2024-06-25,ACES,789.4268798828125
2024-06-26,ACES,789.4268798828125
2024-06-27,ACES,798.7692260742188
2024-06-28,ACES,798.7692260742188
2024-07-01,ACES,798.7692260742188
2024-07-02,ACES,784.7557373046875
2024-07-03,ACES,770.7422485351562
2024-07-04,ACES,780.0845336914062
2024-07-05,ACES,780.0845336914062
2024-07-08,ACES,794.0980834960938
2024-07-09,ACES,784.7557373046875
2024-07-10,ACES,770.7422485351562
2024-07-11,ACES,766.071044921875
2024-07-12,ACES,747.3864135742188
2024-07-15,ACES,724.0305786132812
2024-07-16,ACES,747.3864135742188
2024-07-17,ACES,756.728759765625
2024-07-18,ACES,756.728759765625
2024-07-19,ACES,747.3864135742188
2024-07-22,ACES,761.39990234375
2024-07-23,ACES,770.7422485351562
2024-07-24,ACES,761.39990234375
2024-07-25,ACES,761.39990234375
2024-07-26,ACES,766.071044921875
2024-07-29,ACES,747.3864135742188
2024-07-30,ACES,733.3729248046875
2024-07-31,ACES,747.3864135742188
2024-08-01,ACES,742.7152709960938
2024-08-02,ACES,710.01708984375
2024-08-05,ACES,677.3189086914062
2024-08-06,ACES,686.6612548828125
2024-08-07,ACES,686.6612548828125
2024-08-08,ACES,672.6477661132812
2024-08-09,ACES,672.6477661132812
2024-08-12,ACES,672.6477661132812
2024-08-13,ACES,691.3323974609375
2024-08-14,ACES,705.345947265625
2024-08-15,ACES,686.6612548828125
2024-08-16,ACES,686.6612548828125
2024-08-19,ACES,672.6477661132812
2024-08-20,ACES,686.6612548828125
2024-08-21,ACES,681.9901123046875
2024-08-22,ACES,672.6477661132812
2024-08-23,ACES,677.3189086914062
2024-08-26,ACES,672.6477661132812
2024-08-27,ACES,686.6612548828125
2024-08-28,ACES,681.9901123046875
2024-08-29,ACES,681.9901123046875
2024-08-30,ACES,667.9766235351562
2024-09-02,ACES,667.9766235351562
2024-09-03,ACES,672.6477661132812
2024-09-04,ACES,681.9901123046875
2024-09-05,ACES,742.7152709960938
2024-09-06,ACES,719.3594360351562
2024-09-09,ACES,700.6747436523438
2024-09-10,ACES,728.7017211914062
2024-09-11,ACES,719.3594360351562
2024-09-12,ACES,719.3594360351562
2024-09-13,ACES,710.01708984375
2024-09-17,ACES,733.3729248046875
2024-09-18,ACES,752.0575561523438
2024-09-19,ACES,766.071044921875
2024-09-20,ACES,822.1250610351562
2024-09-23,ACES,840.8096923828125
2024-09-24,ACES,822.1250610351562
2024-09-25,ACES,812.78271484375
2024-09-26,ACES,845.4808959960938
2024-09-27,ACES,854.8231811523438
2024-09-30,ACES,859.494384765625
2024-10-01,ACES,836.1385498046875
2024-10-02,ACES,817.453857421875
2024-10-03,ACES,817.453857421875
2024-10-04,ACES,803.4403686523438
2024-10-07,ACES,822.1250610351562
2024-10-08,ACES,803.4403686523438
2024-10-09,ACES,817.453857421875
2024-10-10,ACES,845.4808959960938
2024-10-11,ACES,831.4674072265625
2024-10-14,ACES,812.78271484375
2024-10-15,ACES,817.453857421875
2024-10-16,ACES,840.8096923828125
2024-10-17,ACES,831.4674072265625
2024-10-18,ACES,878.1790161132812
2024-10-21,ACES,868.836669921875
2024-10-22,ACES,873.5078735351562
2024-10-23,ACES,864.16552734375
2024-10-24,ACES,850.1520385742188
2024-10-25,ACES,854.8231811523438
2024-10-28,ACES,859.494384765625
2024-10-29,ACES,840.8096923828125
2024-10-30,ACES,836.1385498046875
2024-10-31,ACES,840.8096923828125
2024-11-01,ACES,840.8096923828125
2024-11-04,ACES,854.8231811523438
2024-11-05,ACES,854.8231811523438
2024-11-06,ACES,798.7692260742188
2024-11-07,ACES,775.4133911132812
2024-11-08,ACES,775.4133911132812
2024-11-11,ACES,784.7557373046875
2024-11-12,ACES,775.4133911132812
2024-11-13,ACES,780.0845336914062
2024-11-14,ACES,770.7422485351562
2024-11-15,ACES,747.3864135742188
2024-11-18,ACES,770.7422485351562
2024-11-19,ACES,761.39990234375
2024-11-20,ACES,775.4133911132812
2024-11-21,ACES,747.3864135742188
2024-11-22,ACES,738.0440673828125
2024-11-25,ACES,733.3729248046875
2024-11-26,ACES,728.7017211914062
2024-11-28,ACES,724.0305786132812
2024-11-29,ACES,719.3594360351562
2024-12-02,ACES,705.345947265625
2024-12-03,ACES,710.01708984375
2024-12-04,ACES,719.3594360351562
2024-12-05,ACES,714.688232421875
2024-12-06,ACES,719.3594360351562
2024-12-09,ACES,719.3594360351562
2024-12-10,ACES,747.3864135742188
2024-12-11,ACES,766.071044921875
2024-12-12,ACES,770.7422485351562
2024-12-13,ACES,766.071044921875
2024-12-16,ACES,756.728759765625
2024-12-17,ACES,747.3864135742188
2024-12-18,ACES,775.4133911132812
2024-12-19,ACES,747.3864135742188
2024-12-20,ACES,742.7152709960938
2024-12-23,ACES,756.728759765625
2024-12-24,ACES,742.7152709960938
2024-12-27,ACES,742.7152709960938
2024-12-30,ACES,738.0440673828125
2025-01-02,ACES,705.345947265625
2025-01-03,ACES,705.345947265625
2025-01-06,ACES,705.345947265625
2025-01-07,ACES,686.6612548828125
2025-01-08,ACES,658.63427734375
2025-01-09,ACES,672.6477661132812
2025-01-10,ACES,691.3323974609375
2025-01-13,ACES,696.0036010742188
2025-01-14,ACES,686.6612548828125
2025-01-15,ACES,700.6747436523438
2025-01-16,ACES,696.0036010742188
2025-01-17,ACES,705.345947265625
2025-01-20,ACES,696.0036010742188
2025-01-21,ACES,686.6612548828125
2025-01-22,ACES,724.0305786132812
2025-01-23,ACES,719.3594360351562
2025-01-24,ACES,705.345947265625
2025-01-30,ACES,714.688232421875
2025-01-31,ACES,714.688232421875
2025-02-03,ACES,681.9901123046875
2025-02-04,ACES,686.6612548828125
2025-02-05,ACES,686.6612548828125
2025-02-06,ACES,686.6612548828125
2025-02-07,ACES,696.0036010742188
2025-02-10,ACES,691.3323974609375
2025-02-11,ACES,705.345947265625
2025-02-12,ACES,719.3594360351562
2025-02-13,ACES,747.3864135742188
2025-02-14,ACES,752.0575561523438
2025-02-17,ACES,747.3864135742188
2025-02-18,ACES,738.0440673828125
2025-02-19,ACES,738.0440673828125
2025-02-20,ACES,728.7017211914062
2025-02-21,ACES,714.688232421875
2025-02-24,ACES,691.3323974609375
2025-02-25,ACES,653.963134765625
2025-02-26,ACES,649.2919311523438
2025-02-27,ACES,653.963134765625
2025-02-28,ACES,602.5802612304688
2025-03-03,ACES,625.9360961914062
2025-03-04,ACES,621.2649536132812
2025-03-05,ACES,635.2784423828125
2025-03-06,ACES,630.6072998046875
2025-03-07,ACES,625.9360961914062
2025-03-10,ACES,630.6072998046875
2025-03-11,ACES,621.2649536132812
2025-03-12,ACES,611.922607421875
2025-03-13,ACES,602.5802612304688
2025-03-14,ACES,560.539794921875
2025-03-17,ACES,574.5532836914062
2025-03-18,ACES,541.8551635742188
2025-03-19,ACES,555.86865234375
2025-03-20,ACES,471.78765869140625
2025-03-21,ACES,467.11651611328125
2025-03-24,ACES,467.11651611328125
2025-03-25,ACES,471.78765869140625
2025-03-26,ACES,485.8011779785156
2025-03-27,ACES,467.11651611328125
2025-04-08,ACES,420.40484619140625
2025-04-09,ACES,431.61566162109375
2025-04-10,ACES,467.11651611328125
2025-04-11,ACES,459.64263916015625
2025-04-14,ACES,495.14349365234375
2025-04-15,ACES,463.37957763671875
2025-04-16,ACES,455.90570068359375
2025-04-17,ACES,440.9579772949219
2025-04-21,ACES,446.5633850097656
2025-04-22,ACES,452.16876220703125
2025-04-23,ACES,471.78765869140625
2025-04-24,ACES,467.11651611328125
2025-04-25,ACES,490.4723205566406
2025-04-28,ACES,481.1300048828125
2025-04-29,ACES,509.156982421875
2025-04-30,ACES,499.8146667480469
2025-05-02,ACES,485.8011779785156
2025-05-05,ACES,490.4723205566406
2025-05-06,ACES,490.4723205566406
2025-05-07,ACES,509.156982421875
2025-05-08,ACES,490.4723205566406
2025-05-09,ACES,490.4723205566406
2025-05-14,ACES,509.156982421875
2025-05-15,ACES,499.8146667480469
2025-05-16,ACES,476.4588317871094
2025-05-19,ACES,495.14349365234375
2025-05-20,ACES,490.4723205566406
2025-05-21,ACES,490.4723205566406
2025-05-22,ACES,555.86865234375
2025-05-23,ACES,537.1839599609375
2025-05-26,ACES,541.8551635742188
2025-05-27,ACES,551.1974487304688
2025-05-28,ACES,537.1839599609375
2025-06-02,ACES,513.828125
2025-06-03,ACES,513.828125
2025-06-04,ACES,509.156982421875
2025-06-05,ACES,499.8146667480469
2025-06-10,ACES,509.156982421875
2025-06-11,ACES,518.4993286132812
2025-06-12,ACES,509.156982421875
2025-06-13,ACES,495.14349365234375
2025-06-16,ACES,490.4723205566406
2025-06-17,ACES,504.48583984375
2025-06-18,ACES,504.48583984375
2025-06-19,ACES,485.8011779785156
2025-06-20,ACES,481.1300048828125
2025-06-23,ACES,463.37957763671875
2025-06-24,ACES,476.4588317871094
2025-06-25,ACES,481.1300048828125
2025-06-26,ACES,494.0
2025-06-30,ACES,496.0
2025-07-01,ACES,494.0
2025-07-02,ACES,488.0
2025-07-03,ACES,488.0
2025-07-04,ACES,486.0
2025-07-07,ACES,484.0
2025-07-08,ACES,486.0
2025-07-09,ACES,510.0
2025-07-10,ACES,505.0
2025-07-11,ACES,505.0
2025-07-14,ACES,486.0
2025-07-15,ACES,490.0
2025-07-16,ACES,492.0
2025-07-17,ACES,492.0
2025-07-18,ACES,490.0
2025-07-21,ACES,482.0
2025-07-22,ACES,472.0
2025-07-23,ACES,474.0
2025-07-24,ACES,476.0
2025-07-25,ACES,474.0
2025-07-28,ACES,472.0
2025-07-29,ACES,478.0
2025-07-30,ACES,474.0
2025-07-31,ACES,470.0
2025-08-01,ACES,472.0
2025-08-04,ACES,476.0
2025-08-05,ACES,484.0
2025-08-06,ACES,484.0
2025-08-07,ACES,482.0
2025-08-08,ACES,474.0
2025-08-11,ACES,476.0
2025-08-12,ACES,478.0
2025-08-13,ACES,480.0
2025-08-14,ACES,482.0
2025-08-15,ACES,472.0
2025-08-19,ACES,458.0
2025-08-20,ACES,456.0
2025-08-21,ACES,460.0
2025-08-22,ACES,456.0
2025-08-25,ACES,460.0
2025-08-26,ACES,460.0
2025-08-27,ACES,458.0
2025-08-28,ACES,466.0
2025-08-29,ACES,456.0
2025-09-01,ACES,444.0
2025-09-02,ACES,442.0
2025-09-03,ACES,436.0
2025-09-04,ACES,440.0
2025-09-08,ACES,432.0
2025-09-09,ACES,424.0
2025-09-10,ACES,430.0
2025-09-11,ACES,434.0
2025-09-12,ACES,434.0
2025-09-15,ACES,440.0
2025-09-16,ACES,436.0
2025-09-17,ACES,446.0
2025-09-18,ACES,436.0
2025-09-19,ACES,432.0
2025-09-22,ACES,426.0
2025-09-23,ACES,428.0
2025-09-24,ACES,424.0
2025-09-25,ACES,422.0
2025-09-26,ACES,430.0
2025-09-29,ACES,434.0
2025-09-30,ACES,430.0
2025-10-01,ACES,422.0
2025-10-02,ACES,422.0
2025-10-03,ACES,430.0
2025-10-06,ACES,428.0
2025-10-07,ACES,424.0
2025-10-08,ACES,422.0
2025-10-09,ACES,428.0
2025-10-10,ACES,426.0
2025-10-13,ACES,422.0
2025-10-14,ACES,418.0
2025-10-15,ACES,440.0
2025-10-16,ACES,420.0
2025-10-17,ACES,416.0
2025-10-20,ACES,424.0
2025-10-21,ACES,428.0
2025-10-22,ACES,444.0
2025-10-23,ACES,454.0
2025-10-24,ACES,444.0
2025-10-27,ACES,450.0
2025-10-28,ACES,450.0
2025-10-29,ACES,460.0
2025-10-30,ACES,456.0
2025-10-31,ACES,444.0
2025-11-03,ACES,446.0
2025-11-04,ACES,440.0
2025-11-05,ACES,440.0
2025-11-06,ACES,446.0
2025-11-07,ACES,458.0
2025-11-10,ACES,450.0
2025-11-11,ACES,438.0
2025-11-12,ACES,440.0
2025-11-13,ACES,436.0
2025-11-14,ACES,422.0
2025-11-17,ACES,430.0
2025-11-18,ACES,428.0
2025-11-19,ACES,430.0
2025-11-20,ACES,426.0
2025-11-21,ACES,424.0
2025-11-24,ACES,428.0
2025-11-25,ACES,420.0
2025-11-26,ACES,418.0
2025-11-27,ACES,420.0
2025-11-28,ACES,418.0
2025-12-01,ACES,416.0
2025-12-02,ACES,420.0
2025-12-03,ACES,420.0
2025-12-04,ACES,420.0
2025-12-05,ACES,420.0
2025-12-08,ACES,422.0
2025-12-09,ACES,420.0
2025-12-10,ACES,418.0
2025-12-11,ACES,416.0
2025-12-12,ACES,412.0
2025-12-15,ACES,412.0
2025-12-16,ACES,408.0
2025-12-17,ACES,412.0
2025-12-18,ACES,420.0
2025-12-19,ACES,416.0
2025-12-22,ACES,414.0
2025-12-23,ACES,412.0
2025-12-24,ACES,412.0
2025-12-29,ACES,412.0
2025-12-30,ACES,410.0
2026-01-02,ACES,410.0
2026-01-05,ACES,412.0
2026-01-06,ACES,416.0
2026-01-07,ACES,412.0
2026-01-08,ACES,412.0
2026-01-09,ACES,414.0
2026-01-12,ACES,412.0
2026-01-13,ACES,410.0
2026-01-14,ACES,410.0
2026-01-15,ACES,412.0
2026-01-19,ACES,416.0
2026-01-20,ACES,418.0
2026-01-21,ACES,412.0
2026-01-22,ACES,416.0
2026-01-23,ACES,414.0
2026-01-26,ACES,412.0
2022-12-30,ICBP,9418.9873046875
2023-01-02,ICBP,9560.2724609375
2023-01-03,ICBP,9583.8203125
2023-01-04,ICBP,9513.177734375
2023-01-05,ICBP,9630.9140625
2023-01-06,ICBP,9583.8203125
2023-01-09,ICBP,9607.3671875
2023-01-10,ICBP,9607.3671875
2023-01-11,ICBP,9913.484375
2023-01-12,ICBP,9842.841796875
2023-01-13,ICBP,9842.841796875
2023-01-16,ICBP,9795.7470703125
2023-01-17,ICBP,9748.65234375
2023-01-18,ICBP,9866.3896484375
2023-01-19,ICBP,9889.9375
2023-01-20,ICBP,9889.9375
2023-01-24,ICBP,9795.7470703125
2023-01-25,ICBP,9819.294921875
2023-01-26,ICBP,9489.6298828125
2023-01-27,ICBP,9418.9873046875
2023-01-30,ICBP,9513.177734375
2023-01-31,ICBP,9513.177734375
2023-02-01,ICBP,9772.2001953125
2023-02-02,ICBP,9654.462890625
2023-02-03,ICBP,9866.3896484375
2023-02-06,ICBP,9678.009765625
2023-02-07,ICBP,9678.009765625
2023-02-08,ICBP,9725.1044921875
2023-02-09,ICBP,9701.5576171875
2023-02-10,ICBP,9701.5576171875
2023-02-13,ICBP,9678.009765625
2023-02-14,ICBP,9701.5576171875
2023-02-15,ICBP,9701.5576171875
2023-02-16,ICBP,9607.3671875
2023-02-17,ICBP,9748.65234375
2023-02-20,ICBP,9748.65234375
2023-02-21,ICBP,9701.5576171875
2023-02-22,ICBP,9630.9140625
2023-02-23,ICBP,9630.9140625
2023-02-24,ICBP,9583.8203125
2023-02-27,ICBP,9466.0830078125
2023-02-28,ICBP,9536.724609375
2023-03-01,ICBP,9324.7978515625
2023-03-02,ICBP,9277.703125
2023-03-03,ICBP,9159.9658203125
2023-03-06,ICBP,9183.5126953125
2023-03-07,ICBP,9395.4404296875
2023-03-08,ICBP,9230.607421875
2023-03-09,ICBP,9230.607421875
2023-03-10,ICBP,9183.5126953125
2023-03-13,ICBP,9089.3232421875
2023-03-14,ICBP,9089.3232421875
2023-03-15,ICBP,8783.2060546875
2023-03-16,ICBP,8853.8486328125
2023-03-17,ICBP,8995.1328125
2023-03-20,ICBP,9065.775390625
2023-03-21,ICBP,9136.41796875
2023-03-24,ICBP,9395.4404296875
2023-03-27,ICBP,9395.4404296875
2023-03-28,ICBP,9513.177734375
2023-03-29,ICBP,9395.4404296875
2023-03-30,ICBP,9301.25
2023-03-31,ICBP,9395.4404296875
2023-04-03,ICBP,9395.4404296875
2023-04-04,ICBP,9607.3671875
2023-04-05,ICBP,9536.724609375
2023-04-06,ICBP,9489.6298828125
2023-04-10,ICBP,9489.6298828125
2023-04-11,ICBP,9607.3671875
2023-04-12,ICBP,9466.0830078125
2023-04-13,ICBP,9654.462890625
2023-04-14,ICBP,9654.462890625
2023-04-17,ICBP,9630.9140625
2023-04-18,ICBP,9607.3671875
2023-04-26,ICBP,9607.3671875
2023-04-27,ICBP,9654.462890625
2023-04-28,ICBP,9960.580078125
2023-05-02,ICBP,9795.7470703125
2023-05-03,ICBP,10125.412109375
2023-05-04,ICBP,10172.5068359375
2023-05-05,ICBP,10243.1484375
2023-05-08,ICBP,10384.43359375
2023-05-09,ICBP,10360.88671875
2023-05-10,ICBP,10266.697265625
2023-05-11,ICBP,10337.3388671875
2023-05-12,ICBP,10243.1484375
2023-05-15,ICBP,10360.88671875
2023-05-16,ICBP,10360.88671875
2023-05-17,ICBP,10360.88671875
2023-05-19,ICBP,10313.791015625
2023-05-22,ICBP,10360.88671875
2023-05-23,ICBP,10525.71875
2023-05-24,ICBP,10549.265625
2023-05-25,ICBP,10549.265625
2023-05-26,ICBP,10549.265625
2023-05-29,ICBP,10525.71875
2023-05-30,ICBP,10549.265625
2023-05-31,ICBP,11020.2158203125
2023-06-05,ICBP,10878.931640625
2023-06-06,ICBP,10643.4560546875
2023-06-07,ICBP,10643.4560546875
2023-06-08,ICBP,10643.4560546875
2023-06-09,ICBP,10714.0986328125
2023-06-12,ICBP,10643.4560546875
2023-06-13,ICBP,10596.361328125
2023-06-14,ICBP,10643.4560546875
2023-06-15,ICBP,10667.00390625
2023-06-16,ICBP,10549.265625
2023-06-19,ICBP,10596.361328125
2023-06-20,ICBP,10549.265625
2023-06-21,ICBP,10667.00390625
2023-06-22,ICBP,10525.71875
2023-06-23,ICBP,10525.71875
2023-06-26,ICBP,10667.00390625
2023-06-27,ICBP,10667.00390625
2023-07-03,ICBP,10902.4775390625
2023-07-04,ICBP,10808.2890625
2023-07-05,ICBP,10784.7412109375
2023-07-06,ICBP,10737.646484375
2023-07-07,ICBP,10797.98046875
2023-07-10,ICBP,10845.865234375
2023-07-11,ICBP,11037.4033203125
2023-07-12,ICBP,11157.115234375
2023-07-13,ICBP,11205.0
2023-07-14,ICBP,11276.8271484375
2023-07-17,ICBP,11157.115234375
2023-07-18,ICBP,11252.8837890625
2023-07-20,ICBP,10989.51953125
2023-07-21,ICBP,11013.4609375
2023-07-24,ICBP,11037.4033203125
2023-07-25,ICBP,10750.0966796875
2023-07-26,ICBP,10702.2109375
2023-07-27,ICBP,10702.2109375
2023-07-28,ICBP,10726.1533203125
2023-07-31,ICBP,10726.1533203125
2023-08-01,ICBP,10606.4423828125
2023-08-02,ICBP,10702.2109375
2023-08-03,ICBP,10726.1533203125
2023-08-04,ICBP,10774.0380859375
2023-08-07,ICBP,10654.3271484375
2023-08-08,ICBP,10678.26953125
2023-08-09,ICBP,10630.3837890625
2023-08-10,ICBP,10965.5771484375
2023-08-11,ICBP,10989.51953125
2023-08-14,ICBP,10917.6923828125
2023-08-15,ICBP,10989.51953125
2023-08-16,ICBP,11181.0576171875
2023-08-18,ICBP,11205.0
2023-08-21,ICBP,11181.0576171875
2023-08-22,ICBP,11037.4033203125
2023-08-23,ICBP,11013.4609375
2023-08-24,ICBP,10869.8076171875
2023-08-25,ICBP,10941.6337890625
2023-08-28,ICBP,10821.9228515625
2023-08-29,ICBP,10893.75
2023-08-30,ICBP,10774.0380859375
2023-08-31,ICBP,10726.1533203125
2023-09-01,ICBP,10726.1533203125
2023-09-04,ICBP,10726.1533203125
2023-09-05,ICBP,10702.2109375
2023-09-06,ICBP,10582.5
2023-09-07,ICBP,10726.1533203125
2023-09-08,ICBP,10654.3271484375
2023-09-11,ICBP,10702.2109375
2023-09-12,ICBP,10726.1533203125
2023-09-13,ICBP,10726.1533203125
2023-09-14,ICBP,10534.615234375
2023-09-15,ICBP,10510.6728515625
2023-09-18,ICBP,10390.9609375
2023-09-19,ICBP,10367.01953125
2023-09-20,ICBP,10390.9609375
2023-09-21,ICBP,10726.1533203125
2023-09-22,ICBP,10869.8076171875
2023-09-25,ICBP,10774.0380859375
2023-09-26,ICBP,10702.2109375
2023-09-27,ICBP,10534.615234375
2023-09-29,ICBP,10606.4423828125
2023-10-02,ICBP,10630.3837890625
2023-10-03,ICBP,10486.73046875
2023-10-04,ICBP,10726.1533203125
2023-10-05,ICBP,11133.1728515625
2023-10-06,ICBP,11013.4609375
2023-10-09,ICBP,10630.3837890625
2023-10-10,ICBP,10390.9609375
2023-10-11,ICBP,10247.3076171875
2023-10-12,ICBP,10510.6728515625
2023-10-13,ICBP,10414.9033203125
2023-10-16,ICBP,10438.8466796875
2023-10-17,ICBP,10438.8466796875
2023-10-18,ICBP,10175.48046875
2023-10-19,ICBP,9983.9423828125
2023-10-20,ICBP,10151.5380859375
2023-10-23,ICBP,10055.76953125
2023-10-24,ICBP,10343.0771484375
2023-10-25,ICBP,10007.8837890625
2023-10-26,ICBP,9840.2880859375
2023-10-27,ICBP,10079.7109375
2023-10-30,ICBP,10079.7109375
2023-10-31,ICBP,9912.115234375
2023-11-01,ICBP,9936.0576171875
2023-11-02,ICBP,9912.115234375
2023-11-03,ICBP,10007.8837890625
2023-11-06,ICBP,10031.8271484375
2023-11-07,ICBP,10031.8271484375
2023-11-08,ICBP,10031.8271484375
2023-11-09,ICBP,10007.8837890625
2023-11-10,ICBP,10127.5966796875
2023-11-13,ICBP,9936.0576171875
2023-11-14,ICBP,10007.8837890625
2023-11-15,ICBP,10127.5966796875
2023-11-16,ICBP,10127.5966796875
2023-11-17,ICBP,10031.8271484375
2023-11-20,ICBP,10079.7109375
2023-11-21,ICBP,10055.76953125
2023-11-22,ICBP,10055.76953125
2023-11-23,ICBP,10103.6533203125
2023-11-24,ICBP,9983.9423828125
2023-11-27,ICBP,10199.4228515625
2023-11-28,ICBP,10199.4228515625
2023-11-29,ICBP,10055.76953125
2023-11-30,ICBP,11061.3466796875
2023-12-01,ICBP,10079.7109375
2023-12-04,ICBP,10055.76953125
2023-12-05,ICBP,10223.365234375
2023-12-06,ICBP,10199.4228515625
2023-12-07,ICBP,10199.4228515625
2023-12-08,ICBP,10510.6728515625
2023-12-11,ICBP,10079.7109375
2023-12-12,ICBP,10175.48046875
2023-12-13,ICBP,10103.6533203125
2023-12-14,ICBP,10127.5966796875
2023-12-15,ICBP,9983.9423828125
2023-12-18,ICBP,10151.5380859375
2023-12-19,ICBP,10127.5966796875
2023-12-20,ICBP,10127.5966796875
2023-12-21,ICBP,10103.6533203125
2023-12-22,ICBP,10079.7109375
2023-12-27,ICBP,10127.5966796875
2023-12-28,ICBP,10199.4228515625
2023-12-29,ICBP,10127.5966796875
2024-01-02,ICBP,10199.4228515625
2024-01-03,ICBP,10175.48046875
2024-01-04,ICBP,10582.5
2024-01-05,ICBP,10271.25
2024-01-08,ICBP,10295.1923828125
2024-01-09,ICBP,10558.5576171875
2024-01-10,ICBP,10869.8076171875
2024-01-11,ICBP,10654.3271484375
2024-01-12,ICBP,10702.2109375
2024-01-15,ICBP,10654.3271484375
2024-01-16,ICBP,10606.4423828125
2024-01-17,ICBP,10654.3271484375
2024-01-18,ICBP,10797.98046875
2024-01-19,ICBP,11061.3466796875
2024-01-22,ICBP,10917.6923828125
2024-01-23,ICBP,10893.75
2024-01-24,ICBP,10917.6923828125
2024-01-25,ICBP,10917.6923828125
2024-01-26,ICBP,10965.5771484375
2024-01-29,ICBP,10917.6923828125
2024-01-30,ICBP,10750.0966796875
2024-01-31,ICBP,11276.8271484375
2024-02-01,ICBP,11085.2880859375
2024-02-02,ICBP,11085.2880859375
2024-02-05,ICBP,10989.51953125
2024-02-06,ICBP,11037.4033203125
2024-02-07,ICBP,10941.6337890625
2024-02-12,ICBP,11157.115234375
2024-02-13,ICBP,10893.75
2024-02-15,ICBP,11157.115234375
2024-02-16,ICBP,10965.5771484375
2024-02-19,ICBP,11085.2880859375
2024-02-20,ICBP,11061.3466796875
2024-02-21,ICBP,10989.51953125
2024-02-22,ICBP,11109.23046875
2024-02-23,ICBP,11061.3466796875
2024-02-26,ICBP,11061.3466796875
2024-02-27,ICBP,11109.23046875
2024-02-28,ICBP,11109.23046875
2024-02-29,ICBP,11061.3466796875
2024-03-01,ICBP,11133.1728515625
2024-03-04,ICBP,10965.5771484375
2024-03-05,ICBP,10893.75
2024-03-06,ICBP,10678.26953125
2024-03-07,ICBP,10247.3076171875
2024-03-08,ICBP,10319.1337890625
2024-03-13,ICBP,10271.25
2024-03-14,ICBP,10438.8466796875
2024-03-15,ICBP,10271.25
2024-03-18,ICBP,10390.9609375
2024-03-19,ICBP,10534.615234375
2024-03-20,ICBP,10750.0966796875
2024-03-21,ICBP,10486.73046875
2024-03-22,ICBP,10654.3271484375
2024-03-25,ICBP,10726.1533203125
2024-03-26,ICBP,10390.9609375
2024-03-27,ICBP,10534.615234375
2024-03-28,ICBP,11109.23046875
2024-04-01,ICBP,10750.0966796875
2024-04-02,ICBP,10726.1533203125
2024-04-03,ICBP,10534.615234375
2024-04-04,ICBP,10558.5576171875
2024-04-05,ICBP,10390.9609375
2024-04-16,ICBP,9672.6923828125
2024-04-17,ICBP,9720.5771484375
2024-04-18,ICBP,9672.6923828125
2024-04-19,ICBP,9313.5576171875
2024-04-22,ICBP,9385.3837890625
2024-04-23,ICBP,9505.0966796875
2024-04-24,ICBP,9744.51953125
2024-04-25,ICBP,10247.3076171875
2024-04-26,ICBP,10151.5380859375
2024-04-29,ICBP,10223.365234375
2024-04-30,ICBP,10414.9033203125
2024-05-02,ICBP,10031.8271484375
2024-05-03,ICBP,10390.9609375
2024-05-06,ICBP,10390.9609375
2024-05-07,ICBP,10319.1337890625
2024-05-08,ICBP,10319.1337890625
2024-05-13,ICBP,9864.23046875
2024-05-14,ICBP,9864.23046875
2024-05-15,ICBP,10151.5380859375
2024-05-16,ICBP,10127.5966796875
2024-05-17,ICBP,10103.6533203125
2024-05-20,ICBP,10055.76953125
2024-05-21,ICBP,9960.0
2024-05-22,ICBP,10031.8271484375
2024-05-27,ICBP,9983.9423828125
2024-05-28,ICBP,10151.5380859375
2024-05-29,ICBP,9983.9423828125
2024-05-30,ICBP,9720.5771484375
2024-05-31,ICBP,9337.5
2024-06-03,ICBP,9768.4609375
2024-06-04,ICBP,9888.1728515625
2024-06-05,ICBP,10007.8837890625
2024-06-06,ICBP,10151.5380859375
2024-06-07,ICBP,10127.5966796875
2024-06-10,ICBP,10055.76953125
2024-06-11,ICBP,10103.6533203125
2024-06-12,ICBP,10127.5966796875
2024-06-13,ICBP,10223.365234375
2024-06-14,ICBP,10055.76953125
2024-06-19,ICBP,9768.4609375
2024-06-20,ICBP,9744.51953125
2024-06-21,ICBP,9864.23046875
2024-06-24,ICBP,9864.23046875
2024-06-25,ICBP,9696.6337890625
2024-06-26,ICBP,9936.0576171875
2024-06-27,ICBP,10055.76953125
2024-06-28,ICBP,9864.23046875
2024-07-01,ICBP,9864.23046875
2024-07-02,ICBP,9816.3466796875
2024-07-03,ICBP,9840.2880859375
2024-07-04,ICBP,9792.4033203125
2024-07-05,ICBP,9840.2880859375
2024-07-08,ICBP,9960.0
2024-07-09,ICBP,10082.05859375
2024-07-10,ICBP,10057.6474609375
2024-07-11,ICBP,10057.6474609375
2024-07-12,ICBP,10130.8828125
2024-07-15,ICBP,10326.1767578125
2024-07-16,ICBP,10228.529296875
2024-07-17,ICBP,10497.05859375
2024-07-18,ICBP,10497.05859375
2024-07-19,ICBP,10545.8828125
2024-07-22,ICBP,10643.529296875
2024-07-23,ICBP,10472.6474609375
2024-07-24,ICBP,10545.8828125
2024-07-25,ICBP,10594.7060546875
2024-07-26,ICBP,10594.7060546875
2024-07-29,ICBP,10570.2939453125
2024-07-30,ICBP,10643.529296875
2024-07-31,ICBP,10667.94140625
2024-08-01,ICBP,10741.1767578125
2024-08-02,ICBP,10912.05859375
2024-08-05,ICBP,10643.529296875
2024-08-06,ICBP,10741.1767578125
2024-08-07,ICBP,10790.0
2024-08-08,ICBP,10716.7646484375
2024-08-09,ICBP,10936.470703125
2024-08-12,ICBP,10741.1767578125
2024-08-13,ICBP,10912.05859375
2024-08-14,ICBP,11082.94140625
2024-08-15,ICBP,11009.7060546875
2024-08-16,ICBP,11107.3525390625
2024-08-19,ICBP,11131.7646484375
2024-08-20,ICBP,11156.1767578125
2024-08-21,ICBP,11180.587890625
2024-08-22,ICBP,11082.94140625
2024-08-23,ICBP,11205.0
2024-08-26,ICBP,11131.7646484375
2024-08-27,ICBP,11156.1767578125
2024-08-28,ICBP,11131.7646484375
2024-08-29,ICBP,11131.7646484375
2024-08-30,ICBP,11205.0
2024-09-02,ICBP,11229.412109375
2024-09-03,ICBP,11107.3525390625
2024-09-04,ICBP,11131.7646484375
2024-09-05,ICBP,11375.8828125
2024-09-06,ICBP,11180.587890625
2024-09-09,ICBP,11327.05859375
2024-09-10,ICBP,11302.6474609375
2024-09-11,ICBP,11302.6474609375
2024-09-12,ICBP,11205.0
2024-09-13,ICBP,11058.529296875
2024-09-17,ICBP,11131.7646484375
2024-09-18,ICBP,11229.412109375
2024-09-19,ICBP,11424.7060546875
2024-09-20,ICBP,11717.6474609375
2024-09-23,ICBP,11912.94140625
2024-09-24,ICBP,12132.6474609375
2024-09-25,ICBP,12157.05859375
2024-09-26,ICBP,12474.412109375
2024-09-27,ICBP,12352.3525390625
2024-09-30,ICBP,12035.0
2024-10-01,ICBP,12157.05859375
2024-10-02,ICBP,11912.94140625
2024-10-03,ICBP,11717.6474609375
2024-10-04,ICBP,11839.7060546875
2024-10-07,ICBP,11717.6474609375
2024-10-08,ICBP,12010.587890625
2024-10-09,ICBP,11790.8828125
2024-10-10,ICBP,11766.470703125
2024-10-11,ICBP,11961.7646484375
2024-10-14,ICBP,12059.412109375
2024-10-15,ICBP,12279.1171875
2024-10-16,ICBP,12205.8828125
2024-10-17,ICBP,12205.8828125
2024-10-18,ICBP,12498.8232421875
2024-10-21,ICBP,12205.8828125
2024-10-22,ICBP,12230.2939453125
2024-10-23,ICBP,12303.529296875
2024-10-24,ICBP,12230.2939453125
2024-10-25,ICBP,12352.3525390625
2024-10-28,ICBP,12352.3525390625
2024-10-29,ICBP,12279.1171875
2024-10-30,ICBP,12157.05859375
2024-10-31,ICBP,12035.0
2024-11-01,ICBP,11815.2939453125
2024-11-04,ICBP,12035.0
2024-11-05,ICBP,12303.529296875
2024-11-06,ICBP,11864.1171875
2024-11-07,ICBP,11790.8828125
2024-11-08,ICBP,11815.2939453125
2024-11-11,ICBP,11668.8232421875
2024-11-12,ICBP,11571.1767578125
2024-11-13,ICBP,11571.1767578125
2024-11-14,ICBP,11180.587890625
2024-11-15,ICBP,11400.2939453125
2024-11-18,ICBP,11693.2353515625
2024-11-19,ICBP,11620.0
2024-11-20,ICBP,11522.3525390625
2024-11-21,ICBP,11522.3525390625
2024-11-22,ICBP,11717.6474609375
2024-11-25,ICBP,11668.8232421875
2024-11-26,ICBP,11693.2353515625
2024-11-28,ICBP,11620.0
2024-11-29,ICBP,11620.0
2024-12-02,ICBP,11571.1767578125
2024-12-03,ICBP,11644.412109375
2024-12-04,ICBP,11522.3525390625
2024-12-05,ICBP,11620.0
2024-12-06,ICBP,11546.7646484375
2024-12-09,ICBP,11497.94140625
2024-12-10,ICBP,11449.1171875
2024-12-11,ICBP,11449.1171875
2024-12-12,ICBP,11327.05859375
2024-12-13,ICBP,11571.1767578125
2024-12-16,ICBP,11522.3525390625
2024-12-17,ICBP,11253.8232421875
2024-12-18,ICBP,11058.529296875
2024-12-19,ICBP,10936.470703125
2024-12-20,ICBP,10985.2939453125
2024-12-23,ICBP,11156.1767578125
2024-12-24,ICBP,11302.6474609375
2024-12-27,ICBP,11156.1767578125
2024-12-30,ICBP,11107.3525390625
2025-01-02,ICBP,10960.8828125
2025-01-03,ICBP,11107.3525390625
2025-01-06,ICBP,10912.05859375
2025-01-07,ICBP,10667.94140625
2025-01-08,ICBP,10838.8232421875
2025-01-09,ICBP,10765.587890625
2025-01-10,ICBP,10814.412109375
2025-01-13,ICBP,10838.8232421875
2025-01-14,ICBP,10497.05859375
2025-01-15,ICBP,10521.470703125
2025-01-16,ICBP,10667.94140625
2025-01-17,ICBP,10570.2939453125
2025-01-20,ICBP,10277.3525390625
2025-01-21,ICBP,10741.1767578125
2025-01-22,ICBP,11107.3525390625
2025-01-23,ICBP,11009.7060546875
2025-01-24,ICBP,11156.1767578125
2025-01-30,ICBP,11302.6474609375
2025-01-31,ICBP,11229.412109375
2025-02-03,ICBP,10960.8828125
2025-02-04,ICBP,10838.8232421875
2025-02-05,ICBP,10643.529296875
2025-02-06,ICBP,10692.3525390625
2025-02-07,ICBP,11107.3525390625
2025-02-10,ICBP,11009.7060546875
2025-02-11,ICBP,10960.8828125
2025-02-12,ICBP,10887.6474609375
2025-02-13,ICBP,10960.8828125
2025-02-14,ICBP,11253.8232421875
2025-02-17,ICBP,11229.412109375
2025-02-18,ICBP,11253.8232421875
2025-02-19,ICBP,11375.8828125
2025-02-20,ICBP,11278.2353515625
2025-02-21,ICBP,11229.412109375
2025-02-24,ICBP,11595.587890625
2025-02-25,ICBP,11058.529296875
2025-02-26,ICBP,10252.94140625
2025-02-27,ICBP,10155.2939453125
2025-02-28,ICBP,10204.1171875
2025-03-03,ICBP,10326.1767578125
2025-03-04,ICBP,10326.1767578125
2025-03-05,ICBP,10155.2939453125
2025-03-06,ICBP,10106.470703125
2025-03-07,ICBP,10301.7646484375
2025-03-10,ICBP,10350.587890625
2025-03-11,ICBP,10179.7060546875
2025-03-12,ICBP,10667.94140625
2025-03-13,ICBP,10741.1767578125
2025-03-14,ICBP,10497.05859375
2025-03-17,ICBP,10692.3525390625
2025-03-18,ICBP,10570.2939453125
2025-03-19,ICBP,10472.6474609375
2025-03-20,ICBP,10350.587890625
2025-03-21,ICBP,10326.1767578125
2025-03-24,ICBP,10179.7060546875
2025-03-25,ICBP,10130.8828125
2025-03-26,ICBP,10301.7646484375
2025-03-27,ICBP,9935.587890625
2025-04-08,ICBP,9471.7646484375
2025-04-09,ICBP,9349.7060546875
2025-04-10,ICBP,9764.7060546875
2025-04-11,ICBP,9691.470703125
2025-04-14,ICBP,10082.05859375
2025-04-15,ICBP,10228.529296875
2025-04-16,ICBP,10008.8232421875
2025-04-17,ICBP,10350.587890625
2025-04-21,ICBP,10301.7646484375
2025-04-22,ICBP,10228.529296875
2025-04-23,ICBP,10448.2353515625
2025-04-24,ICBP,10741.1767578125
2025-04-25,ICBP,10741.1767578125
2025-04-28,ICBP,10741.1767578125
2025-04-29,ICBP,10985.2939453125
2025-04-30,ICBP,11082.94140625
2025-05-02,ICBP,10741.1767578125
2025-05-05,ICBP,10936.470703125
2025-05-06,ICBP,11009.7060546875
2025-05-07,ICBP,10814.412109375
2025-05-08,ICBP,11131.7646484375
2025-05-09,ICBP,10936.470703125
2025-05-14,ICBP,10912.05859375
2025-05-15,ICBP,10790.0
2025-05-16,ICBP,10814.412109375
2025-05-19,ICBP,10692.3525390625
2025-05-20,ICBP,10497.05859375
2025-05-21,ICBP,10570.2939453125
2025-05-22,ICBP,10545.8828125
2025-05-23,ICBP,10570.2939453125
2025-05-26,ICBP,10765.587890625
2025-05-27,ICBP,10863.2353515625
2025-05-28,ICBP,10643.529296875
2025-06-02,ICBP,10545.8828125
2025-06-03,ICBP,10375.0
2025-06-04,ICBP,10570.2939453125
2025-06-05,ICBP,10448.2353515625
2025-06-10,ICBP,10399.412109375
2025-06-11,ICBP,10448.2353515625
2025-06-12,ICBP,10423.8232421875
2025-06-13,ICBP,10350.587890625
2025-06-16,ICBP,10326.1767578125
2025-06-17,ICBP,10375.0
2025-06-18,ICBP,10399.412109375
2025-06-19,ICBP,10204.1171875
2025-06-20,ICBP,10179.7060546875
2025-06-23,ICBP,9715.8828125
2025-06-24,ICBP,9984.412109375
2025-06-25,ICBP,9984.412109375
2025-06-26,ICBP,9911.1767578125
2025-06-30,ICBP,10252.94140625
2025-07-01,ICBP,10375.0
2025-07-02,ICBP,10500.0
2025-07-03,ICBP,10750.0
2025-07-04,ICBP,10650.0
2025-07-07,ICBP,10500.0
2025-07-08,ICBP,10500.0
2025-07-09,ICBP,10525.0
2025-07-10,ICBP,10450.0
2025-07-11,ICBP,10325.0
2025-07-14,ICBP,10400.0
2025-07-15,ICBP,10400.0
2025-07-16,ICBP,10350.0
2025-07-17,ICBP,10350.0
2025-07-18,ICBP,10400.0
2025-07-21,ICBP,10500.0
2025-07-22,ICBP,10350.0
2025-07-23,ICBP,10450.0
2025-07-24,ICBP,10350.0
2025-07-25,ICBP,10550.0
2025-07-28,ICBP,10225.0
2025-07-29,ICBP,10000.0
2025-07-30,ICBP,9925.0
2025-07-31,ICBP,9800.0
2025-08-01,ICBP,9900.0
2025-08-04,ICBP,9550.0
2025-08-05,ICBP,9575.0
2025-08-06,ICBP,9550.0
2025-08-07,ICBP,9500.0
2025-08-08,ICBP,9350.0
2025-08-11,ICBP,9550.0
2025-08-12,ICBP,9550.0
2025-08-13,ICBP,9475.0
2025-08-14,ICBP,9725.0
2025-08-15,ICBP,9900.0
2025-08-19,ICBP,9775.0
2025-08-20,ICBP,9650.0
2025-08-21,ICBP,9550.0
2025-08-22,ICBP,9575.0
2025-08-25,ICBP,9500.0
2025-08-26,ICBP,9375.0
2025-08-27,ICBP,9325.0
2025-08-28,ICBP,9300.0
2025-08-29,ICBP,8975.0
2025-09-01,ICBP,9200.0
2025-09-02,ICBP,9200.0
2025-09-03,ICBP,9300.0
2025-09-04,ICBP,9250.0
2025-09-08,ICBP,9375.0
2025-09-09,ICBP,9225.0
2025-09-10,ICBP,9225.0
2025-09-11,ICBP,9300.0
2025-09-12,ICBP,9250.0
2025-09-15,ICBP,9225.0
2025-09-16,ICBP,9300.0
2025-09-17,ICBP,9500.0
2025-09-18,ICBP,9425.0
2025-09-19,ICBP,9700.0
2025-09-22,ICBP,9625.0
2025-09-23,ICBP,9700.0
2025-09-24,ICBP,9550.0
2025-09-25,ICBP,9800.0
2025-09-26,ICBP,10000.0
2025-09-29,ICBP,9650.0
2025-09-30,ICBP,9475.0
2025-10-01,ICBP,9325.0
2025-10-02,ICBP,9500.0
2025-10-03,ICBP,9550.0
2025-10-06,ICBP,9500.0
2025-10-07,ICBP,9200.0
2025-10-08,ICBP,9200.0
2025-10-09,ICBP,9100.0
2025-10-10,ICBP,8850.0
2025-10-13,ICBP,8800.0
2025-10-14,ICBP,8475.0
2025-10-15,ICBP,8675.0
2025-10-16,ICBP,9250.0
2025-10-17,ICBP,9400.0
2025-10-20,ICBP,9375.0
2025-10-21,ICBP,9275.0
2025-10-22,ICBP,8900.0
2025-10-23,ICBP,8825.0
2025-10-24,ICBP,8800.0
2025-10-27,ICBP,8850.0
2025-10-28,ICBP,8775.0
2025-10-29,ICBP,8700.0
2025-10-30,ICBP,8800.0
2025-10-31,ICBP,8700.0
2025-11-03,ICBP,8500.0
2025-11-04,ICBP,8475.0
2025-11-05,ICBP,8700.0
2025-11-06,ICBP,8575.0
2025-11-07,ICBP,8600.0
2025-11-10,ICBP,8650.0
2025-11-11,ICBP,8550.0
2025-11-12,ICBP,8525.0
2025-11-13,ICBP,8475.0
2025-11-14,ICBP,8425.0
2025-11-17,ICBP,8375.0
2025-11-18,ICBP,8325.0
2025-11-19,ICBP,8400.0
2025-11-20,ICBP,8325.0
2025-11-21,ICBP,8350.0
2025-11-24,ICBP,8350.0
2025-11-25,ICBP,8575.0
2025-11-26,ICBP,8600.0
2025-11-27,ICBP,8550.0
2025-11-28,ICBP,8450.0
2025-12-01,ICBP,8400.0
2025-12-02,ICBP,8100.0
2025-12-03,ICBP,8125.0
2025-12-04,ICBP,8200.0
2025-12-05,ICBP,8050.0
2025-12-08,ICBP,8075.0
2025-12-09,ICBP,8000.0
2025-12-10,ICBP,8025.0
2025-12-11,ICBP,8025.0
2025-12-12,ICBP,8075.0
2025-12-15,ICBP,8300.0
2025-12-16,ICBP,8350.0
2025-12-17,ICBP,8325.0
2025-12-18,ICBP,8250.0
2025-12-19,ICBP,8425.0
2025-12-22,ICBP,8350.0
2025-12-23,ICBP,8250.0
2025-12-24,ICBP,8250.0
2025-12-29,ICBP,8300.0
2025-12-30,ICBP,8200.0
2026-01-02,ICBP,8075.0
2026-01-05,ICBP,8100.0
2026-01-06,ICBP,8100.0
2026-01-07,ICBP,8050.0
2026-01-08,ICBP,8025.0
2026-01-09,ICBP,8000.0
2026-01-12,ICBP,7900.0
2026-01-13,ICBP,7975.0
2026-01-14,ICBP,7950.0
2026-01-15,ICBP,8050.0
2026-01-19,ICBP,8100.0
2026-01-20,ICBP,8125.0
2026-01-21,ICBP,8100.0
2026-01-22,ICBP,8325.0
2026-01-23,ICBP,8275.0
2026-01-26,ICBP,8400.0
2022-12-30,INKP,8542.326171875
2023-01-02,INKP,8493.373046875
2023-01-03,INKP,8566.802734375
2023-01-04,INKP,8224.130859375
2023-01-05,INKP,8150.70068359375
2023-01-06,INKP,8444.419921875
2023-01-09,INKP,8419.9423828125
2023-01-10,INKP,8370.990234375
2023-01-11,INKP,8370.990234375
2023-01-12,INKP,8566.802734375
2023-01-13,INKP,8444.419921875
2023-01-16,INKP,8444.419921875
2023-01-17,INKP,8542.326171875
2023-01-18,INKP,8689.185546875
2023-01-19,INKP,8566.802734375
2023-01-20,INKP,8640.232421875
2023-01-24,INKP,8615.755859375
2023-01-25,INKP,8591.279296875
2023-01-26,INKP,8322.037109375
2023-01-27,INKP,8346.513671875
2023-01-30,INKP,8322.037109375
2023-01-31,INKP,8150.70068359375
2023-02-01,INKP,8273.083984375
2023-02-02,INKP,8346.513671875
2023-02-03,INKP,8493.373046875
2023-02-06,INKP,8444.419921875
2023-02-07,INKP,8346.513671875
2023-02-08,INKP,8395.466796875
2023-02-09,INKP,8370.990234375
2023-02-10,INKP,8419.9423828125
2023-02-13,INKP,8297.560546875
2023-02-14,INKP,8077.2705078125
2023-02-15,INKP,8003.84130859375
2023-02-16,INKP,7954.88818359375
2023-02-17,INKP,7783.55224609375
2023-02-20,INKP,7759.0751953125
2023-02-21,INKP,7881.45849609375
2023-02-22,INKP,7832.50537109375
2023-02-23,INKP,7783.55224609375
2023-02-24,INKP,7856.98193359375
2023-02-27,INKP,7856.98193359375
2023-02-28,INKP,7759.0751953125
2023-03-01,INKP,7832.50537109375
2023-03-02,INKP,7759.0751953125
2023-03-03,INKP,7685.64599609375
2023-03-06,INKP,7661.16943359375
2023-03-07,INKP,7563.2626953125
2023-03-08,INKP,7440.8798828125
2023-03-09,INKP,7416.4033203125
2023-03-10,INKP,7245.0673828125
2023-03-13,INKP,7269.5439453125
2023-03-14,INKP,7196.1142578125
2023-03-15,INKP,7024.77783203125
2023-03-16,INKP,6682.10595703125
2023-03-17,INKP,6731.05859375
2023-03-20,INKP,6975.82470703125
2023-03-21,INKP,7245.0673828125
2023-03-24,INKP,7196.1142578125
2023-03-27,INKP,7245.0673828125
2023-03-28,INKP,7440.8798828125
2023-03-29,INKP,7465.3564453125
2023-03-30,INKP,7489.83349609375
2023-03-31,INKP,7342.9736328125
2023-04-03,INKP,7318.49658203125
2023-04-04,INKP,7294.0205078125
2023-04-05,INKP,7122.68408203125
2023-04-06,INKP,7122.68408203125
2023-04-10,INKP,7269.5439453125
2023-04-11,INKP,7318.49658203125
2023-04-12,INKP,7465.3564453125
2023-04-13,INKP,7342.9736328125
2023-04-14,INKP,7318.49658203125
2023-04-17,INKP,7367.4501953125
2023-04-18,INKP,7342.9736328125
2023-04-26,INKP,7759.0751953125
2023-04-27,INKP,7734.5986328125
2023-04-28,INKP,7612.2158203125
2023-05-02,INKP,7489.83349609375
2023-05-03,INKP,7000.30126953125
2023-05-04,INKP,7024.77783203125
2023-05-05,INKP,6951.34814453125
2023-05-08,INKP,6975.82470703125
2023-05-09,INKP,7098.2080078125
2023-05-10,INKP,7220.5908203125
2023-05-11,INKP,7049.2548828125
2023-05-12,INKP,7098.2080078125
2023-05-15,INKP,7098.2080078125
2023-05-16,INKP,7196.1142578125
2023-05-17,INKP,7098.2080078125
2023-05-19,INKP,7073.7314453125
2023-05-22,INKP,7294.0205078125
2023-05-23,INKP,7367.4501953125
2023-05-24,INKP,7269.5439453125
2023-05-25,INKP,7098.2080078125
2023-05-26,INKP,7172.1474609375
2023-05-29,INKP,7221.4404296875
2023-05-30,INKP,7172.1474609375
2023-05-31,INKP,6802.44921875
2023-06-05,INKP,6925.681640625
2023-06-06,INKP,6901.03515625
2023-06-07,INKP,6999.62158203125
2023-06-08,INKP,7221.4404296875
2023-06-09,INKP,7295.38037109375
2023-06-12,INKP,7295.38037109375
2023-06-13,INKP,7221.4404296875
2023-06-14,INKP,7665.078125
2023-06-15,INKP,7739.01806640625
2023-06-16,INKP,7837.6044921875
2023-06-19,INKP,8059.42333984375
2023-06-20,INKP,7886.8974609375
2023-06-21,INKP,7886.8974609375
2023-06-22,INKP,7812.95751953125
2023-06-23,INKP,8158.009765625
2023-06-26,INKP,8379.828125
2023-06-27,INKP,8379.828125
2023-07-03,INKP,8281.2421875
2023-07-04,INKP,8355.1826171875
2023-07-05,INKP,8601.6474609375
2023-07-06,INKP,8650.94140625
2023-07-07,INKP,8724.8798828125
2023-07-10,INKP,8848.11328125
2023-07-11,INKP,9341.0439453125
2023-07-12,INKP,9267.1044921875
2023-07-13,INKP,9020.638671875
2023-07-14,INKP,8823.466796875
2023-07-17,INKP,8675.5869140625
2023-07-18,INKP,8601.6474609375
2023-07-20,INKP,8798.8203125
2023-07-21,INKP,8872.759765625
2023-07-24,INKP,8823.466796875
2023-07-25,INKP,8823.466796875
2023-07-26,INKP,8724.8798828125
2023-07-27,INKP,8798.8203125
2023-07-28,INKP,8749.52734375
2023-07-31,INKP,9020.638671875
2023-08-01,INKP,9168.5185546875
2023-08-02,INKP,8946.69921875
2023-08-03,INKP,9267.1044921875
2023-08-04,INKP,9143.8720703125
2023-08-07,INKP,9488.9228515625
2023-08-08,INKP,9414.984375
2023-08-09,INKP,9612.15625
2023-08-10,INKP,9661.44921875
2023-08-11,INKP,9562.86328125
2023-08-14,INKP,9809.3291015625
2023-08-15,INKP,9932.5615234375
2023-08-16,INKP,9612.15625
2023-08-18,INKP,9242.45703125
2023-08-21,INKP,8946.69921875
2023-08-22,INKP,9316.3974609375
2023-08-23,INKP,9193.1640625
2023-08-24,INKP,9267.1044921875
2023-08-25,INKP,9168.5185546875
2023-08-28,INKP,9341.0439453125
2023-08-29,INKP,9365.6904296875
2023-08-30,INKP,9217.8115234375
2023-08-31,INKP,8971.345703125
2023-09-01,INKP,9045.2861328125
2023-09-04,INKP,9119.2255859375
2023-09-05,INKP,9119.2255859375
2023-09-06,INKP,9045.2861328125
2023-09-07,INKP,9341.0439453125
2023-09-08,INKP,9316.3974609375
2023-09-11,INKP,10055.794921875
2023-09-12,INKP,10055.794921875
2023-09-13,INKP,10425.4921875
2023-09-14,INKP,10351.552734375
2023-09-15,INKP,10425.4921875
2023-09-18,INKP,10351.552734375
2023-09-19,INKP,10992.36328125
2023-09-20,INKP,10770.544921875
2023-09-21,INKP,10770.544921875
2023-09-22,INKP,11337.4150390625
2023-09-25,INKP,11386.7080078125
2023-09-26,INKP,11288.1220703125
2023-09-27,INKP,11189.5361328125
2023-09-29,INKP,10943.0703125
2023-10-02,INKP,10721.2509765625
2023-10-03,INKP,10474.7861328125
2023-10-04,INKP,9957.2080078125
2023-10-05,INKP,10055.794921875
2023-10-06,INKP,10203.673828125
2023-10-09,INKP,10105.087890625
2023-10-10,INKP,10450.138671875
2023-10-11,INKP,10524.0791015625
2023-10-12,INKP,10573.3720703125
2023-10-13,INKP,10376.19921875
2023-10-16,INKP,10203.673828125
2023-10-17,INKP,10179.02734375
2023-10-18,INKP,10474.7861328125
2023-10-19,INKP,10302.259765625
2023-10-20,INKP,10129.7333984375
2023-10-23,INKP,9636.802734375
2023-10-24,INKP,9661.44921875
2023-10-25,INKP,9267.1044921875
2023-10-26,INKP,9365.6904296875
2023-10-27,INKP,9858.6220703125
2023-10-30,INKP,9168.5185546875
2023-10-31,INKP,9464.27734375
2023-11-01,INKP,8108.71630859375
2023-11-02,INKP,8453.7685546875
2023-11-03,INKP,8355.1826171875
2023-11-06,INKP,8577.0009765625
2023-11-07,INKP,8379.828125
2023-11-08,INKP,8281.2421875
2023-11-09,INKP,8453.7685546875
2023-11-10,INKP,8355.1826171875
2023-11-13,INKP,8626.2939453125
2023-11-14,INKP,8503.0615234375
2023-11-15,INKP,8355.1826171875
2023-11-16,INKP,8552.3544921875
2023-11-17,INKP,8379.828125
2023-11-20,INKP,8379.828125
2023-11-21,INKP,8527.7080078125
2023-11-22,INKP,8429.12109375
2023-11-23,INKP,8330.53515625
2023-11-24,INKP,8330.53515625
2023-11-27,INKP,8231.94921875
2023-11-28,INKP,8330.53515625
2023-11-29,INKP,8675.5869140625
2023-11-30,INKP,8650.94140625
2023-12-01,INKP,8355.1826171875
2023-12-04,INKP,8305.888671875
2023-12-05,INKP,8453.7685546875
2023-12-06,INKP,8281.2421875
2023-12-07,INKP,8182.65576171875
2023-12-08,INKP,8034.77685546875
2023-12-11,INKP,7689.72509765625
2023-12-12,INKP,7960.8369140625
2023-12-13,INKP,7886.8974609375
2023-12-14,INKP,7739.01806640625
2023-12-15,INKP,7862.2509765625
2023-12-18,INKP,7911.5439453125
2023-12-19,INKP,7812.95751953125
2023-12-20,INKP,8281.2421875
2023-12-21,INKP,8207.302734375
2023-12-22,INKP,8231.94921875
2023-12-27,INKP,8133.36279296875
2023-12-28,INKP,8256.595703125
2023-12-29,INKP,8207.302734375
2024-01-02,INKP,8231.94921875
2024-01-03,INKP,8355.1826171875
2024-01-04,INKP,8305.888671875
2024-01-05,INKP,8256.595703125
2024-01-08,INKP,8010.13037109375
2024-01-09,INKP,7886.8974609375
2024-01-10,INKP,7886.8974609375
2024-01-11,INKP,7936.1904296875
2024-01-12,INKP,7985.48388671875
2024-01-15,INKP,8059.42333984375
2024-01-16,INKP,7985.48388671875
2024-01-17,INKP,7862.2509765625
2024-01-18,INKP,7862.2509765625
2024-01-19,INKP,7886.8974609375
2024-01-22,INKP,7812.95751953125
2024-01-23,INKP,7566.4921875
2024-01-24,INKP,7665.078125
2024-01-25,INKP,7492.55224609375
2024-01-26,INKP,7788.31103515625
2024-01-29,INKP,7788.31103515625
2024-01-30,INKP,7591.138671875
2024-01-31,INKP,7714.37158203125
2024-02-01,INKP,7591.138671875
2024-02-02,INKP,8010.13037109375
2024-02-05,INKP,7788.31103515625
2024-02-06,INKP,7886.8974609375
2024-02-07,INKP,7837.6044921875
2024-02-12,INKP,7739.01806640625
2024-02-13,INKP,7837.6044921875
2024-02-15,INKP,7763.66455078125
2024-02-16,INKP,7862.2509765625
2024-02-19,INKP,7739.01806640625
2024-02-20,INKP,7615.78515625
2024-02-21,INKP,7665.078125
2024-02-22,INKP,7788.31103515625
2024-02-23,INKP,7812.95751953125
2024-02-26,INKP,7788.31103515625
2024-02-27,INKP,7689.72509765625
2024-02-28,INKP,8010.13037109375
2024-02-29,INKP,8601.6474609375
2024-03-01,INKP,8848.11328125
2024-03-04,INKP,8601.6474609375
2024-03-05,INKP,8453.7685546875
2024-03-06,INKP,8182.65576171875
2024-03-07,INKP,8256.595703125
2024-03-08,INKP,8207.302734375
2024-03-13,INKP,8379.828125
2024-03-14,INKP,8478.4140625
2024-03-15,INKP,8429.12109375
2024-03-18,INKP,9020.638671875
2024-03-19,INKP,9020.638671875
2024-03-20,INKP,9069.931640625
2024-03-21,INKP,9020.638671875
2024-03-22,INKP,9217.8115234375
2024-03-25,INKP,9538.2158203125
2024-03-26,INKP,9562.86328125
2024-03-27,INKP,9636.802734375
2024-03-28,INKP,9439.6298828125
2024-04-01,INKP,9414.984375
2024-04-02,INKP,9513.5703125
2024-04-03,INKP,9760.0361328125
2024-04-04,INKP,9513.5703125
2024-04-05,INKP,9439.6298828125
2024-04-16,INKP,9587.509765625
2024-04-17,INKP,9365.6904296875
2024-04-18,INKP,9513.5703125
2024-04-19,INKP,9513.5703125
2024-04-22,INKP,9710.7431640625
2024-04-23,INKP,9587.509765625
2024-04-24,INKP,9686.095703125
2024-04-25,INKP,9513.5703125
2024-04-26,INKP,8848.11328125
2024-04-29,INKP,9341.0439453125
2024-04-30,INKP,9242.45703125
2024-05-02,INKP,9094.5791015625
2024-05-03,INKP,9193.1640625
2024-05-06,INKP,9316.3974609375
2024-05-07,INKP,9291.7509765625
2024-05-08,INKP,9390.3369140625
2024-05-13,INKP,9538.2158203125
2024-05-14,INKP,9341.0439453125
2024-05-15,INKP,9562.86328125
2024-05-16,INKP,9562.86328125
2024-05-17,INKP,9661.44921875
2024-05-20,INKP,9562.86328125
2024-05-21,INKP,9488.9228515625
2024-05-22,INKP,9488.9228515625
2024-05-27,INKP,9143.8720703125
2024-05-28,INKP,9464.27734375
2024-05-29,INKP,9414.984375
2024-05-30,INKP,9341.0439453125
2024-05-31,INKP,8971.345703125
2024-06-03,INKP,9193.1640625
2024-06-04,INKP,9143.8720703125
2024-06-05,INKP,8897.40625
2024-06-06,INKP,9168.5185546875
2024-06-07,INKP,9168.5185546875
2024-06-10,INKP,8995.9931640625
2024-06-11,INKP,8848.11328125
2024-06-12,INKP,8355.1826171875
2024-06-13,INKP,8626.2939453125
2024-06-14,INKP,8552.3544921875
2024-06-19,INKP,8601.6474609375
2024-06-20,INKP,8798.8203125
2024-06-21,INKP,8675.5869140625
2024-06-24,INKP,8650.94140625
2024-06-25,INKP,8626.2939453125
2024-06-26,INKP,8971.345703125
2024-06-27,INKP,8798.8203125
2024-06-28,INKP,8823.60546875
2024-07-01,INKP,8972.3173828125
2024-07-02,INKP,8922.7470703125
2024-07-03,INKP,9071.458984375
2024-07-04,INKP,8897.9619140625
2024-07-05,INKP,8774.0341796875
2024-07-08,INKP,8724.4638671875
2024-07-09,INKP,8798.8203125
2024-07-10,INKP,8650.107421875
2024-07-11,INKP,8625.322265625
2024-07-12,INKP,8377.4677734375
2024-07-15,INKP,8550.9658203125
2024-07-16,INKP,8575.7509765625
2024-07-17,INKP,8451.82421875
2024-07-18,INKP,8427.0390625
2024-07-19,INKP,8427.0390625
2024-07-22,INKP,8377.4677734375
2024-07-23,INKP,8377.4677734375
2024-07-24,INKP,8129.61376953125
2024-07-25,INKP,7980.9013671875
2024-07-26,INKP,8005.68701171875
2024-07-29,INKP,7980.9013671875
2024-07-30,INKP,8154.3994140625
2024-07-31,INKP,8278.326171875
2024-08-01,INKP,8030.47216796875
2024-08-02,INKP,8179.1845703125
2024-08-05,INKP,7807.40380859375
2024-08-06,INKP,7832.18896484375
2024-08-07,INKP,8129.61376953125
2024-08-08,INKP,7832.18896484375
2024-08-09,INKP,7856.974609375
2024-08-12,INKP,8005.68701171875
2024-08-13,INKP,8080.04296875
2024-08-14,INKP,8278.326171875
2024-08-15,INKP,8203.9697265625
2024-08-16,INKP,8278.326171875
2024-08-19,INKP,8476.609375
2024-08-20,INKP,8402.25390625
2024-08-21,INKP,8377.4677734375
2024-08-22,INKP,8402.25390625
2024-08-23,INKP,8600.537109375
2024-08-26,INKP,8674.892578125
2024-08-27,INKP,8575.7509765625
2024-08-28,INKP,8526.1806640625
2024-08-29,INKP,8278.326171875
2024-08-30,INKP,8030.47216796875
2024-09-02,INKP,8030.47216796875
2024-09-03,INKP,8030.47216796875
2024-09-04,INKP,8055.2578125
2024-09-05,INKP,8228.755859375
2024-09-06,INKP,8080.04296875
2024-09-09,INKP,8352.6826171875
2024-09-10,INKP,8476.609375
2024-09-11,INKP,8278.326171875
2024-09-12,INKP,8327.8974609375
2024-09-13,INKP,8303.111328125
2024-09-17,INKP,8203.9697265625
2024-09-18,INKP,8253.541015625
2024-09-19,INKP,8253.541015625
2024-09-20,INKP,8154.3994140625
2024-09-23,INKP,8228.755859375
2024-09-24,INKP,8327.8974609375
2024-09-25,INKP,8427.0390625
2024-09-26,INKP,8402.25390625
2024-09-27,INKP,8451.82421875
2024-09-30,INKP,8575.7509765625
2024-10-01,INKP,8774.0341796875
2024-10-02,INKP,8749.2490234375
2024-10-03,INKP,8774.0341796875
2024-10-04,INKP,8749.2490234375
2024-10-07,INKP,8699.6787109375
2024-10-08,INKP,8451.82421875
2024-10-09,INKP,8278.326171875
2024-10-10,INKP,8179.1845703125
2024-10-11,INKP,8327.8974609375
2024-10-14,INKP,8253.541015625
2024-10-15,INKP,8203.9697265625
2024-10-16,INKP,8154.3994140625
2024-10-17,INKP,8179.1845703125
2024-10-18,INKP,8154.3994140625
2024-10-21,INKP,8129.61376953125
2024-10-22,INKP,8104.82861328125
2024-10-23,INKP,8030.47216796875
2024-10-24,INKP,7980.9013671875
2024-10-25,INKP,7956.1162109375
2024-10-28,INKP,8104.82861328125
2024-10-29,INKP,8154.3994140625
2024-10-30,INKP,8055.2578125
2024-10-31,INKP,8005.68701171875
2024-11-01,INKP,7559.54931640625
2024-11-04,INKP,7262.12451171875
2024-11-05,INKP,7212.5537109375
2024-11-06,INKP,7311.6953125
2024-11-07,INKP,7336.48095703125
2024-11-08,INKP,7237.33935546875
2024-11-11,INKP,7039.05615234375
2024-11-12,INKP,7063.84130859375
2024-11-13,INKP,7138.19775390625
2024-11-14,INKP,7039.05615234375
2024-11-15,INKP,7039.05615234375
2024-11-18,INKP,7138.19775390625
2024-11-19,INKP,7088.626953125
2024-11-20,INKP,7063.84130859375
2024-11-21,INKP,7039.05615234375
2024-11-22,INKP,7039.05615234375
2024-11-25,INKP,7162.98291015625
2024-11-26,INKP,7113.412109375
2024-11-28,INKP,7336.48095703125
2024-11-29,INKP,7187.7685546875
2024-12-02,INKP,7162.98291015625
2024-12-03,INKP,7187.7685546875
2024-12-04,INKP,7237.33935546875
2024-12-05,INKP,7237.33935546875
2024-12-06,INKP,7063.84130859375
2024-12-09,INKP,7063.84130859375
2024-12-10,INKP,7187.7685546875
2024-12-11,INKP,7138.19775390625
2024-12-12,INKP,7138.19775390625
2024-12-13,INKP,7088.626953125
2024-12-16,INKP,7113.412109375
2024-12-17,INKP,6939.91455078125
2024-12-18,INKP,6766.41650390625
2024-12-19,INKP,6692.06005859375
2024-12-20,INKP,6543.34765625
2024-12-23,INKP,6741.630859375
2024-12-24,INKP,6667.27490234375
2024-12-27,INKP,6692.06005859375
2024-12-30,INKP,6741.630859375
2025-01-02,INKP,6766.41650390625
2025-01-03,INKP,6642.4892578125
2025-01-06,INKP,6592.91845703125
2025-01-07,INKP,6518.5625
2025-01-08,INKP,6419.4208984375
2025-01-09,INKP,6320.279296875
2025-01-10,INKP,6345.064453125
2025-01-13,INKP,6642.4892578125
2025-01-14,INKP,6369.85009765625
2025-01-15,INKP,6468.99169921875
2025-01-16,INKP,6592.91845703125
2025-01-17,INKP,6493.77685546875
2025-01-20,INKP,6667.27490234375
2025-01-21,INKP,6667.27490234375
2025-01-22,INKP,6716.845703125
2025-01-23,INKP,6692.06005859375
2025-01-24,INKP,6692.06005859375
2025-01-30,INKP,6543.34765625
2025-01-31,INKP,6692.06005859375
2025-02-03,INKP,6692.06005859375
2025-02-04,INKP,6518.5625
2025-02-05,INKP,6369.85009765625
2025-02-06,INKP,6097.21044921875
2025-02-07,INKP,5998.06884765625
2025-02-10,INKP,6097.21044921875
2025-02-11,INKP,5948.498046875
2025-02-12,INKP,5799.78564453125
2025-02-13,INKP,6097.21044921875
2025-02-14,INKP,5998.06884765625
2025-02-17,INKP,6295.49365234375
2025-02-18,INKP,6270.70849609375
2025-02-19,INKP,6295.49365234375
2025-02-20,INKP,6270.70849609375
2025-02-21,INKP,6245.9228515625
2025-02-24,INKP,6146.78125
2025-02-25,INKP,5750.21484375
2025-02-26,INKP,5527.14599609375
2025-02-27,INKP,5527.14599609375
2025-02-28,INKP,4659.65673828125
2025-03-03,INKP,4897.5966796875
2025-03-04,INKP,4629.9140625
2025-03-05,INKP,4877.7685546875
2025-03-06,INKP,5006.65234375
2025-03-07,INKP,5353.6484375
2025-03-10,INKP,5081.0087890625
2025-03-11,INKP,4828.19775390625
2025-03-12,INKP,4768.71240234375
2025-03-13,INKP,4758.79833984375
2025-03-14,INKP,4778.626953125
2025-03-17,INKP,4857.93994140625
2025-03-18,INKP,4758.79833984375
2025-03-19,INKP,4778.626953125
2025-03-20,INKP,4838.11181640625
2025-03-21,INKP,4758.79833984375
2025-03-24,INKP,4689.3994140625
2025-03-25,INKP,4778.626953125
2025-03-26,INKP,4808.369140625
2025-03-27,INKP,4877.7685546875
2025-04-08,INKP,4421.716796875
2025-04-09,INKP,4312.6611328125
2025-04-10,INKP,4748.88427734375
2025-04-11,INKP,4957.08154296875
2025-04-14,INKP,4981.8671875
2025-04-15,INKP,4927.33935546875
2025-04-16,INKP,4778.626953125
2025-04-17,INKP,4768.71240234375
2025-04-21,INKP,4709.2275390625
2025-04-22,INKP,4981.8671875
2025-04-23,INKP,5031.43798828125
2025-04-24,INKP,5006.65234375
2025-04-25,INKP,5229.72119140625
2025-04-28,INKP,5130.57958984375
2025-04-29,INKP,5155.36474609375
2025-04-30,INKP,5105.7939453125
2025-05-02,INKP,5328.86279296875
2025-05-05,INKP,5799.78564453125
2025-05-06,INKP,5775.0
2025-05-07,INKP,5601.50244140625
2025-05-08,INKP,5601.50244140625
2025-05-09,INKP,5725.42919921875
2025-05-14,INKP,5750.21484375
2025-05-15,INKP,5799.78564453125
2025-05-16,INKP,5923.71240234375
2025-05-19,INKP,6097.21044921875
2025-05-20,INKP,6121.99609375
2025-05-21,INKP,6121.99609375
2025-05-22,INKP,6221.1376953125
2025-05-23,INKP,6121.99609375
2025-05-26,INKP,6196.35205078125
2025-05-27,INKP,6270.70849609375
2025-05-28,INKP,6369.85009765625
2025-06-02,INKP,6196.35205078125
2025-06-03,INKP,6146.78125
2025-06-04,INKP,6617.7041015625
2025-06-05,INKP,6369.85009765625
2025-06-10,INKP,6444.2060546875
2025-06-11,INKP,6592.91845703125
2025-06-12,INKP,6444.2060546875
2025-06-13,INKP,6221.1376953125
2025-06-16,INKP,6121.99609375
2025-06-17,INKP,6171.56689453125
2025-06-18,INKP,5973.283203125
2025-06-19,INKP,5700.64404296875
2025-06-20,INKP,5750.21484375
2025-06-23,INKP,5725.42919921875
2025-06-24,INKP,5775.0
2025-06-25,INKP,5650.0
2025-06-26,INKP,5725.0
2025-06-30,INKP,5750.0
2025-07-01,INKP,5525.0
2025-07-02,INKP,5475.0
2025-07-03,INKP,5450.0
2025-07-04,INKP,5375.0
2025-07-07,INKP,5375.0
2025-07-08,INKP,5450.0
2025-07-09,INKP,5500.0
2025-07-10,INKP,5575.0
2025-07-11,INKP,5800.0
2025-07-14,INKP,5725.0
2025-07-15,INKP,5725.0
2025-07-16,INKP,5675.0
2025-07-17,INKP,5725.0
2025-07-18,INKP,5750.0
2025-07-21,INKP,5825.0
2025-07-22,INKP,5750.0
2025-07-23,INKP,6275.0
2025-07-24,INKP,6175.0
2025-07-25,INKP,6100.0
2025-07-28,INKP,6800.0
2025-07-29,INKP,6775.0
2025-07-30,INKP,7125.0
2025-07-31,INKP,6800.0
2025-08-01,INKP,7300.0
2025-08-04,INKP,7700.0
2025-08-05,INKP,7375.0
2025-08-06,INKP,7450.0
2025-08-07,INKP,7400.0
2025-08-08,INKP,8000.0
2025-08-11,INKP,8125.0
2025-08-12,INKP,8375.0
2025-08-13,INKP,8000.0
2025-08-14,INKP,7800.0
2025-08-15,INKP,7975.0
2025-08-19,INKP,8000.0
2025-08-20,INKP,7975.0
2025-08-21,INKP,7700.0
2025-08-22,INKP,7750.0
2025-08-25,INKP,7850.0
2025-08-26,INKP,7650.0
2025-08-27,INKP,7950.0
2025-08-28,INKP,7975.0
2025-08-29,INKP,7650.0
2025-09-01,INKP,7850.0
2025-09-02,INKP,8150.0
2025-09-03,INKP,8000.0
2025-09-04,INKP,7900.0
2025-09-08,INKP,7875.0
2025-09-09,INKP,7600.0
2025-09-10,INKP,7600.0
2025-09-11,INKP,7575.0
2025-09-12,INKP,7775.0
2025-09-15,INKP,7550.0
2025-09-16,INKP,7500.0
2025-09-17,INKP,7600.0
2025-09-18,INKP,7450.0
2025-09-19,INKP,7300.0
2025-09-22,INKP,7375.0
2025-09-23,INKP,7300.0
2025-09-24,INKP,7325.0
2025-09-25,INKP,7775.0
2025-09-26,INKP,7475.0
2025-09-29,INKP,7500.0
2025-09-30,INKP,7350.0
2025-10-01,INKP,7400.0
2025-10-02,INKP,7400.0
2025-10-03,INKP,7500.0
2025-10-06,INKP,7525.0
2025-10-07,INKP,7400.0
2025-10-08,INKP,7400.0
2025-10-09,INKP,7475.0
2025-10-10,INKP,7850.0
2025-10-13,INKP,7550.0
2025-10-14,INKP,7350.0
2025-10-15,INKP,7450.0
2025-10-16,INKP,7400.0
2025-10-17,INKP,7250.0
2025-10-20,INKP,7500.0
2025-10-21,INKP,7450.0
2025-10-22,INKP,7550.0
2025-10-23,INKP,7675.0
2025-10-24,INKP,7500.0
2025-10-27,INKP,7625.0
2025-10-28,INKP,7750.0
2025-10-29,INKP,7775.0
2025-10-30,INKP,7700.0
2025-10-31,INKP,7450.0
2025-11-03,INKP,7475.0
2025-11-04,INKP,7450.0
2025-11-05,INKP,7450.0
2025-11-06,INKP,7475.0
2025-11-07,INKP,7500.0
2025-11-10,INKP,7425.0
2025-11-11,INKP,7525.0
2025-11-12,INKP,7725.0
2025-11-13,INKP,7550.0
2025-11-14,INKP,7575.0
2025-11-17,INKP,7575.0
2025-11-18,INKP,7625.0
2025-11-19,INKP,7500.0
2025-11-20,INKP,7675.0
2025-11-21,INKP,7600.0
2025-11-24,INKP,7625.0
2025-11-25,INKP,7900.0
2025-11-26,INKP,7900.0
2025-11-27,INKP,8025.0
2025-11-28,INKP,8775.0
2025-12-01,INKP,8700.0
2025-12-02,INKP,8650.0
2025-12-03,INKP,8750.0
2025-12-04,INKP,8625.0
2025-12-05,INKP,8525.0
2025-12-08,INKP,8800.0
2025-12-09,INKP,8200.0
2025-12-10,INKP,7900.0
2025-12-11,INKP,7875.0
2025-12-12,INKP,8200.0
2025-12-15,INKP,7950.0
2025-12-16,INKP,8000.0
2025-12-17,INKP,8075.0
2025-12-18,INKP,7950.0
2025-12-19,INKP,8050.0
2025-12-22,INKP,8125.0
2025-12-23,INKP,8100.0
2025-12-24,INKP,8050.0
2025-12-29,INKP,8350.0
2025-12-30,INKP,8500.0
2026-01-02,INKP,8775.0
2026-01-05,INKP,8925.0
2026-01-06,INKP,9550.0
2026-01-07,INKP,9825.0
2026-01-08,INKP,9700.0
2026-01-09,INKP,9675.0
2026-01-12,INKP,9900.0
2026-01-13,INKP,10200.0
2026-01-14,INKP,10150.0
2026-01-15,INKP,10000.0
2026-01-19,INKP,10000.0
2026-01-20,INKP,10100.0
2026-01-21,INKP,10075.0
2026-01-22,INKP,10600.0
2026-01-23,INKP,10575.0
2026-01-26,INKP,10500.0
2023-02-24,PGEO,759.806396484375
2023-02-27,PGEO,720.7306518554688
2023-02-28,PGEO,694.6801147460938
2023-03-01,PGEO,725.0724487304688
2023-03-02,PGEO,755.4646606445312
2023-03-03,PGEO,759.806396484375
2023-03-06,PGEO,746.78125
2023-03-07,PGEO,746.78125
2023-03-08,PGEO,746.78125
2023-03-09,PGEO,742.4393920898438
2023-03-10,PGEO,746.78125
2023-03-13,PGEO,729.4142456054688
2023-03-14,PGEO,716.3888549804688
2023-03-15,PGEO,703.3636474609375
2023-03-16,PGEO,685.9967041015625
2023-03-17,PGEO,699.0218505859375
2023-03-20,PGEO,694.6801147460938
2023-03-21,PGEO,694.6801147460938
2023-03-24,PGEO,690.3384399414062
2023-03-27,PGEO,642.5791625976562
2023-03-28,PGEO,603.50341796875
2023-03-29,PGEO,616.5286254882812
2023-03-30,PGEO,612.1868896484375
2023-03-31,PGEO,603.50341796875
2023-04-03,PGEO,568.7693481445312
2023-04-04,PGEO,573.1111450195312
2023-04-05,PGEO,577.452880859375
2023-04-06,PGEO,564.4275512695312
2023-04-10,PGEO,534.035400390625
2023-04-11,PGEO,603.50341796875
2023-04-12,PGEO,594.8198852539062
2023-04-13,PGEO,625.212158203125
2023-04-14,PGEO,625.212158203125
2023-04-17,PGEO,651.2626342773438
2023-04-18,PGEO,651.2626342773438
2023-04-26,PGEO,664.2879028320312
2023-04-27,PGEO,659.9461669921875
2023-04-28,PGEO,655.6043701171875
2023-05-02,PGEO,664.2879028320312
2023-05-03,PGEO,659.9461669921875
2023-05-04,PGEO,668.6296997070312
2023-05-05,PGEO,651.2626342773438
2023-05-08,PGEO,668.6296997070312
2023-05-09,PGEO,668.6296997070312
2023-05-10,PGEO,677.3131103515625
2023-05-11,PGEO,677.3131103515625
2023-05-12,PGEO,681.6549072265625
2023-05-15,PGEO,729.4142456054688
2023-05-16,PGEO,729.4142456054688
2023-05-17,PGEO,729.4142456054688
2023-05-19,PGEO,738.09765625
2023-05-22,PGEO,707.7054443359375
2023-05-23,PGEO,707.7054443359375
2023-05-24,PGEO,720.7306518554688
2023-05-25,PGEO,716.3888549804688
2023-05-26,PGEO,729.4142456054688
2023-05-29,PGEO,746.78125
2023-05-30,PGEO,768.489990234375
2023-05-31,PGEO,790.19873046875
2023-06-05,PGEO,790.19873046875
2023-06-06,PGEO,803.2239379882812
2023-06-07,PGEO,790.19873046875
2023-06-08,PGEO,746.78125
2023-06-09,PGEO,746.78125
2023-06-12,PGEO,742.4393920898438
2023-06-13,PGEO,742.4393920898438
2023-06-14,PGEO,743.20703125
2023-06-15,PGEO,738.8093872070312
2023-06-16,PGEO,738.8093872070312
2023-06-19,PGEO,738.8093872070312
2023-06-20,PGEO,743.20703125
2023-06-21,PGEO,760.7977294921875
2023-06-22,PGEO,765.1953735351562
2023-06-23,PGEO,773.9907836914062
2023-06-26,PGEO,769.5930786132812
2023-06-27,PGEO,769.5930786132812
2023-07-03,PGEO,752.0023803710938
2023-07-04,PGEO,730.0140380859375
2023-07-05,PGEO,734.4117431640625
2023-07-06,PGEO,725.6163330078125
2023-07-07,PGEO,716.8209838867188
2023-07-10,PGEO,703.6279296875
2023-07-11,PGEO,699.230224609375
2023-07-12,PGEO,694.8325805664062
2023-07-13,PGEO,681.6395874023438
2023-07-14,PGEO,694.8325805664062
2023-07-17,PGEO,694.8325805664062
2023-07-18,PGEO,677.241943359375
2023-07-20,PGEO,655.2535400390625
2023-07-21,PGEO,672.84423828125
2023-07-24,PGEO,681.6395874023438
2023-07-25,PGEO,672.84423828125
2023-07-26,PGEO,694.8325805664062
2023-07-27,PGEO,694.8325805664062
2023-07-28,PGEO,708.0255737304688
2023-07-31,PGEO,747.6046752929688
2023-08-01,PGEO,734.4117431640625
2023-08-02,PGEO,769.5930786132812
2023-08-03,PGEO,769.5930786132812
2023-08-04,PGEO,765.1953735351562
2023-08-07,PGEO,756.4000244140625
2023-08-08,PGEO,778.388427734375
2023-08-09,PGEO,800.3768310546875
2023-08-10,PGEO,800.3768310546875
2023-08-11,PGEO,831.1605224609375
2023-08-14,PGEO,813.5697631835938
2023-08-15,PGEO,879.5349731445312
2023-08-16,PGEO,853.1488647460938
2023-08-18,PGEO,853.1488647460938
2023-08-21,PGEO,941.1024169921875
2023-08-22,PGEO,923.5116577148438
2023-08-23,PGEO,919.114013671875
2023-08-24,PGEO,932.3070068359375
2023-08-25,PGEO,936.7047119140625
2023-08-28,PGEO,1024.658203125
2023-08-29,PGEO,1138.997802734375
2023-08-30,PGEO,1231.3489990234375
2023-08-31,PGEO,1213.75830078125
2023-09-01,PGEO,1240.1444091796875
2023-09-04,PGEO,1209.3604736328125
2023-09-05,PGEO,1134.5999755859375
2023-09-06,PGEO,1130.202392578125
2023-09-07,PGEO,1064.2373046875
2023-09-08,PGEO,1112.6116943359375
2023-09-11,PGEO,1029.055908203125
2023-09-12,PGEO,1037.8511962890625
2023-09-13,PGEO,1059.8397216796875
2023-09-14,PGEO,1081.8280029296875
2023-09-15,PGEO,1244.5418701171875
2023-09-18,PGEO,1350.086181640625
2023-09-19,PGEO,1358.8814697265625
2023-09-20,PGEO,1323.699951171875
2023-09-21,PGEO,1380.8697509765625
2023-09-22,PGEO,1385.267578125
2023-09-25,PGEO,1411.6536865234375
2023-09-26,PGEO,1306.109375
2023-09-27,PGEO,1310.507080078125
2023-09-29,PGEO,1270.927978515625
2023-10-02,PGEO,1319.3023681640625
2023-10-03,PGEO,1380.8697509765625
2023-10-04,PGEO,1385.267578125
2023-10-05,PGEO,1389.6651611328125
2023-10-06,PGEO,1407.255859375
2023-10-09,PGEO,1336.8931884765625
2023-10-10,PGEO,1297.3140869140625
2023-10-11,PGEO,1244.5418701171875
2023-10-12,PGEO,1160.986083984375
2023-10-13,PGEO,1152.190673828125
2023-10-16,PGEO,1138.997802734375
2023-10-17,PGEO,1231.3489990234375
2023-10-18,PGEO,1279.723388671875
2023-10-19,PGEO,1213.75830078125
2023-10-20,PGEO,1187.3720703125
2023-10-23,PGEO,1165.3837890625
2023-10-24,PGEO,1191.769775390625
2023-10-25,PGEO,1169.7813720703125
2023-10-26,PGEO,1156.5885009765625
2023-10-27,PGEO,1191.769775390625
2023-10-30,PGEO,1235.74658203125
2023-10-31,PGEO,1244.5418701171875
2023-11-01,PGEO,1226.951171875
2023-11-02,PGEO,1226.951171875
2023-11-03,PGEO,1222.5535888671875
2023-11-06,PGEO,1240.1444091796875
2023-11-07,PGEO,1200.565185546875
2023-11-08,PGEO,1143.3953857421875
2023-11-09,PGEO,1103.81640625
2023-11-10,PGEO,1073.0325927734375
2023-11-13,PGEO,1081.8280029296875
2023-11-14,PGEO,1103.81640625
2023-11-15,PGEO,1103.81640625
2023-11-16,PGEO,1099.418701171875
2023-11-17,PGEO,1073.0325927734375
2023-11-20,PGEO,1095.02099609375
2023-11-21,PGEO,1090.623291015625
2023-11-22,PGEO,971.8861083984375
2023-11-23,PGEO,963.0907592773438
2023-11-24,PGEO,923.5116577148438
2023-11-27,PGEO,888.330322265625
2023-11-28,PGEO,892.7279663085938
2023-11-29,PGEO,879.5349731445312
2023-11-30,PGEO,927.9093627929688
2023-12-01,PGEO,914.7163696289062
2023-12-04,PGEO,888.330322265625
2023-12-05,PGEO,901.5233154296875
2023-12-06,PGEO,967.4884643554688
2023-12-07,PGEO,958.693115234375
2023-12-08,PGEO,1029.055908203125
2023-12-11,PGEO,980.681396484375
2023-12-12,PGEO,945.5000610351562
2023-12-13,PGEO,1077.4302978515625
2023-12-14,PGEO,1095.02099609375
2023-12-15,PGEO,1147.7930908203125
2023-12-18,PGEO,1055.44189453125
2023-12-19,PGEO,1081.8280029296875
2023-12-20,PGEO,1077.4302978515625
2023-12-21,PGEO,1077.4302978515625
2023-12-22,PGEO,1046.6466064453125
2023-12-27,PGEO,1051.044189453125
2023-12-28,PGEO,1042.2489013671875
2023-12-29,PGEO,1029.055908203125
2024-01-02,PGEO,1112.6116943359375
2024-01-03,PGEO,1125.8046875
2024-01-04,PGEO,1130.202392578125
2024-01-05,PGEO,1125.8046875
2024-01-08,PGEO,1081.8280029296875
2024-01-09,PGEO,1033.4534912109375
2024-01-10,PGEO,1055.44189453125
2024-01-11,PGEO,1059.8397216796875
2024-01-12,PGEO,1059.8397216796875
2024-01-15,PGEO,1059.8397216796875
2024-01-16,PGEO,1095.02099609375
2024-01-17,PGEO,1108.2139892578125
2024-01-18,PGEO,1099.418701171875
2024-01-19,PGEO,1090.623291015625
2024-01-22,PGEO,1090.623291015625
2024-01-23,PGEO,1095.02099609375
2024-01-24,PGEO,1090.623291015625
2024-01-25,PGEO,1103.81640625
2024-01-26,PGEO,1160.986083984375
2024-01-29,PGEO,1156.5885009765625
2024-01-30,PGEO,1156.5885009765625
2024-01-31,PGEO,1152.190673828125
2024-02-01,PGEO,1156.5885009765625
2024-02-02,PGEO,1130.202392578125
2024-02-05,PGEO,1073.0325927734375
2024-02-06,PGEO,1073.0325927734375
2024-02-07,PGEO,1037.8511962890625
2024-02-12,PGEO,1068.635009765625
2024-02-13,PGEO,1064.2373046875
2024-02-15,PGEO,1086.2257080078125
2024-02-16,PGEO,1059.8397216796875
2024-02-19,PGEO,1064.2373046875
2024-02-20,PGEO,1051.044189453125
2024-02-21,PGEO,1037.8511962890625
2024-02-22,PGEO,1059.8397216796875
2024-02-23,PGEO,1077.4302978515625
2024-02-26,PGEO,1081.8280029296875
2024-02-27,PGEO,1073.0325927734375
2024-02-28,PGEO,1081.8280029296875
2024-02-29,PGEO,1064.2373046875
2024-03-01,PGEO,1073.0325927734375
2024-03-04,PGEO,1064.2373046875
2024-03-05,PGEO,1051.044189453125
2024-03-06,PGEO,1051.044189453125
2024-03-07,PGEO,1055.44189453125
2024-03-08,PGEO,1042.2489013671875
2024-03-13,PGEO,1055.44189453125
2024-03-14,PGEO,1042.2489013671875
2024-03-15,PGEO,1037.8511962890625
2024-03-18,PGEO,1037.8511962890625
2024-03-19,PGEO,1037.8511962890625
2024-03-20,PGEO,1042.2489013671875
2024-03-21,PGEO,1055.44189453125
2024-03-22,PGEO,1051.044189453125
2024-03-25,PGEO,1051.044189453125
2024-03-26,PGEO,1051.044189453125
2024-03-27,PGEO,1042.2489013671875
2024-03-28,PGEO,1033.4534912109375
2024-04-01,PGEO,989.4767456054688
2024-04-02,PGEO,993.8745727539062
2024-04-03,PGEO,1020.260498046875
2024-04-04,PGEO,1046.6466064453125
2024-04-05,PGEO,1046.6466064453125
2024-04-16,PGEO,1046.6466064453125
2024-04-17,PGEO,1064.2373046875
2024-04-18,PGEO,1081.8280029296875
2024-04-19,PGEO,1073.0325927734375
2024-04-22,PGEO,1059.8397216796875
2024-04-23,PGEO,1059.8397216796875
2024-04-24,PGEO,1055.44189453125
2024-04-25,PGEO,1077.4302978515625
2024-04-26,PGEO,1055.44189453125
2024-04-29,PGEO,1064.2373046875
2024-04-30,PGEO,1073.0325927734375
2024-05-02,PGEO,1059.8397216796875
2024-05-03,PGEO,1068.635009765625
2024-05-06,PGEO,1174.17919921875
2024-05-07,PGEO,1147.7930908203125
2024-05-08,PGEO,1156.5885009765625
2024-05-13,PGEO,1108.2139892578125
2024-05-14,PGEO,1117.0093994140625
2024-05-15,PGEO,1099.418701171875
2024-05-16,PGEO,1156.5885009765625
2024-05-17,PGEO,1134.5999755859375
2024-05-20,PGEO,1108.2139892578125
2024-05-21,PGEO,1125.8046875
2024-05-22,PGEO,1108.2139892578125
2024-05-27,PGEO,1086.2257080078125
2024-05-28,PGEO,1108.2139892578125
2024-05-29,PGEO,1112.6116943359375
2024-05-30,PGEO,1086.2257080078125
2024-05-31,PGEO,1042.2489013671875
2024-06-03,PGEO,1064.2373046875
2024-06-04,PGEO,1064.2373046875
2024-06-05,PGEO,1046.6466064453125
2024-06-06,PGEO,1072.09619140625
2024-06-07,PGEO,1081.2593994140625
2024-06-10,PGEO,1072.09619140625
2024-06-11,PGEO,1072.09619140625
2024-06-12,PGEO,1021.698486328125
2024-06-13,PGEO,1026.2801513671875
2024-06-14,PGEO,971.3008422851562
2024-06-19,PGEO,920.9031372070312
2024-06-20,PGEO,957.5559692382812
2024-06-21,PGEO,1058.351318359375
2024-06-24,PGEO,1053.769775390625
2024-06-25,PGEO,1053.769775390625
2024-06-26,PGEO,1081.2593994140625
2024-06-27,PGEO,1099.5858154296875
2024-06-28,PGEO,1090.422607421875
2024-07-01,PGEO,1117.9122314453125
2024-07-02,PGEO,1108.7490234375
2024-07-03,PGEO,1099.5858154296875
2024-07-04,PGEO,1099.5858154296875
2024-07-05,PGEO,1127.075439453125
2024-07-08,PGEO,1127.075439453125
2024-07-09,PGEO,1117.9122314453125
2024-07-10,PGEO,1154.5650634765625
2024-07-11,PGEO,1177.47314453125
2024-07-12,PGEO,1177.47314453125
2024-07-15,PGEO,1168.3099365234375
2024-07-16,PGEO,1177.47314453125
2024-07-17,PGEO,1154.5650634765625
2024-07-18,PGEO,1177.47314453125
2024-07-19,PGEO,1182.0546875
2024-07-22,PGEO,1186.6363525390625
2024-07-23,PGEO,1172.8914794921875
2024-07-24,PGEO,1168.3099365234375
2024-07-25,PGEO,1163.728271484375
2024-07-26,PGEO,1159.146728515625
2024-07-29,PGEO,1177.47314453125
2024-07-30,PGEO,1172.8914794921875
2024-07-31,PGEO,1204.9627685546875
2024-08-01,PGEO,1177.47314453125
2024-08-02,PGEO,1149.9835205078125
2024-08-05,PGEO,1108.7490234375
2024-08-06,PGEO,1140.8203125
2024-08-07,PGEO,1145.40185546875
2024-08-08,PGEO,1136.2386474609375
2024-08-09,PGEO,1127.075439453125
2024-08-12,PGEO,1127.075439453125
2024-08-13,PGEO,1122.493896484375
2024-08-14,PGEO,1145.40185546875
2024-08-15,PGEO,1131.6571044921875
2024-08-16,PGEO,1127.075439453125
2024-08-19,PGEO,1113.3306884765625
2024-08-20,PGEO,1104.16748046875
2024-08-21,PGEO,1099.5858154296875
2024-08-22,PGEO,1090.422607421875
2024-08-23,PGEO,1076.677734375
2024-08-26,PGEO,1085.8409423828125
2024-08-27,PGEO,1081.2593994140625
2024-08-28,PGEO,1058.351318359375
2024-08-29,PGEO,1030.8616943359375
2024-08-30,PGEO,1049.1881103515625
2024-09-02,PGEO,1049.1881103515625
2024-09-03,PGEO,1035.443359375
2024-09-04,PGEO,1040.02490234375
2024-09-05,PGEO,1044.6065673828125
2024-09-06,PGEO,1035.443359375
2024-09-09,PGEO,1035.443359375
2024-09-10,PGEO,1053.769775390625
2024-09-11,PGEO,1035.443359375
2024-09-12,PGEO,1044.6065673828125
2024-09-13,PGEO,1026.2801513671875
2024-09-17,PGEO,1026.2801513671875
2024-09-18,PGEO,1026.2801513671875
2024-09-19,PGEO,1030.8616943359375
2024-09-20,PGEO,1021.698486328125
2024-09-23,PGEO,1053.769775390625
2024-09-24,PGEO,1072.09619140625
2024-09-25,PGEO,1062.9329833984375
2024-09-26,PGEO,1053.769775390625
2024-09-27,PGEO,1040.02490234375
2024-09-30,PGEO,1040.02490234375
2024-10-01,PGEO,1030.8616943359375
2024-10-02,PGEO,1026.2801513671875
2024-10-03,PGEO,1026.2801513671875
2024-10-04,PGEO,1049.1881103515625
2024-10-07,PGEO,1044.6065673828125
2024-10-08,PGEO,1030.8616943359375
2024-10-09,PGEO,1067.5145263671875
2024-10-10,PGEO,1072.09619140625
2024-10-11,PGEO,1085.8409423828125
2024-10-14,PGEO,1081.2593994140625
2024-10-15,PGEO,1081.2593994140625
2024-10-16,PGEO,1085.8409423828125
2024-10-17,PGEO,1072.09619140625
2024-10-18,PGEO,1049.1881103515625
2024-10-21,PGEO,1049.1881103515625
2024-10-22,PGEO,1044.6065673828125
2024-10-23,PGEO,1040.02490234375
2024-10-24,PGEO,1035.443359375
2024-10-25,PGEO,1030.8616943359375
2024-10-28,PGEO,1017.116943359375
2024-10-29,PGEO,1017.116943359375
2024-10-30,PGEO,998.79052734375
2024-10-31,PGEO,998.79052734375
2024-11-01,PGEO,989.6273193359375
2024-11-04,PGEO,975.8824462890625
2024-11-05,PGEO,980.464111328125
2024-11-06,PGEO,966.7191772460938
2024-11-07,PGEO,943.8111572265625
2024-11-08,PGEO,948.3927612304688
2024-11-11,PGEO,930.0663452148438
2024-11-12,PGEO,957.5559692382812
2024-11-13,PGEO,989.6273193359375
2024-11-14,PGEO,962.1375732421875
2024-11-15,PGEO,948.3927612304688
2024-11-18,PGEO,939.2295532226562
2024-11-19,PGEO,952.974365234375
2024-11-20,PGEO,952.974365234375
2024-11-21,PGEO,934.64794921875
2024-11-22,PGEO,943.8111572265625
2024-11-25,PGEO,934.64794921875
2024-11-26,PGEO,930.0663452148438
2024-11-28,PGEO,920.9031372070312
2024-11-29,PGEO,907.1583251953125
2024-12-02,PGEO,884.250244140625
2024-12-03,PGEO,879.6686401367188
2024-12-04,PGEO,916.321533203125
2024-12-05,PGEO,902.5767211914062
2024-12-06,PGEO,893.4134521484375
2024-12-09,PGEO,893.4134521484375
2024-12-10,PGEO,888.8318481445312
2024-12-11,PGEO,884.250244140625
2024-12-12,PGEO,879.6686401367188
2024-12-13,PGEO,875.0870361328125
2024-12-16,PGEO,856.7606201171875
2024-12-17,PGEO,824.6893920898438
2024-12-18,PGEO,824.6893920898438
2024-12-19,PGEO,884.250244140625
2024-12-20,PGEO,893.4134521484375
2024-12-23,PGEO,879.6686401367188
2024-12-24,PGEO,875.0870361328125
2024-12-27,PGEO,870.5054321289062
2024-12-30,PGEO,856.7606201171875
2025-01-02,PGEO,861.3422241210938
2025-01-03,PGEO,856.7606201171875
2025-01-06,PGEO,847.597412109375
2025-01-07,PGEO,824.6893920898438
2025-01-08,PGEO,829.27099609375
2025-01-09,PGEO,824.6893920898438
2025-01-10,PGEO,824.6893920898438
2025-01-13,PGEO,833.8526000976562
2025-01-14,PGEO,833.8526000976562
2025-01-15,PGEO,847.597412109375
2025-01-16,PGEO,856.7606201171875
2025-01-17,PGEO,843.0158081054688
2025-01-20,PGEO,838.4342041015625
2025-01-21,PGEO,847.597412109375
2025-01-22,PGEO,971.3008422851562
2025-01-23,PGEO,962.1375732421875
2025-01-24,PGEO,916.321533203125
2025-01-30,PGEO,893.4134521484375
2025-01-31,PGEO,870.5054321289062
2025-02-03,PGEO,838.4342041015625
2025-02-04,PGEO,833.8526000976562
2025-02-05,PGEO,852.1790161132812
2025-02-06,PGEO,829.27099609375
2025-02-07,PGEO,815.5261840820312
2025-02-10,PGEO,797.1997680664062
2025-02-11,PGEO,755.9652099609375
2025-02-12,PGEO,760.546875
2025-02-13,PGEO,810.944580078125
2025-02-14,PGEO,810.944580078125
2025-02-17,PGEO,815.5261840820312
2025-02-18,PGEO,797.1997680664062
2025-02-19,PGEO,833.8526000976562
2025-02-20,PGEO,856.7606201171875
2025-02-21,PGEO,838.4342041015625
2025-02-24,PGEO,865.923828125
2025-02-25,PGEO,847.597412109375
2025-02-26,PGEO,847.597412109375
2025-02-27,PGEO,833.8526000976562
2025-02-28,PGEO,801.7813720703125
2025-03-03,PGEO,820.1077880859375
2025-03-04,PGEO,783.4548950195312
2025-03-05,PGEO,792.6181030273438
2025-03-06,PGEO,792.6181030273438
2025-03-07,PGEO,769.7100830078125
2025-03-10,PGEO,755.9652099609375
2025-03-11,PGEO,746.802001953125
2025-03-12,PGEO,746.802001953125
2025-03-13,PGEO,737.6387939453125
2025-03-14,PGEO,700.9859619140625
2025-03-17,PGEO,696.4043579101562
2025-03-18,PGEO,668.9147338867188
2025-03-19,PGEO,687.2411499023438
2025-03-20,PGEO,691.82275390625
2025-03-21,PGEO,719.3123779296875
2025-03-24,PGEO,700.9859619140625
2025-03-25,PGEO,714.7307739257812
2025-03-26,PGEO,751.3836059570312
2025-03-27,PGEO,737.6387939453125
2025-04-08,PGEO,700.9859619140625
2025-04-09,PGEO,705.5675659179688
2025-04-10,PGEO,737.6387939453125
2025-04-11,PGEO,737.6387939453125
2025-04-14,PGEO,769.7100830078125
2025-04-15,PGEO,788.0364990234375
2025-04-16,PGEO,765.1284790039062
2025-04-17,PGEO,769.7100830078125
2025-04-21,PGEO,778.873291015625
2025-04-22,PGEO,792.6181030273438
2025-04-23,PGEO,792.6181030273438
2025-04-24,PGEO,843.0158081054688
2025-04-25,PGEO,884.250244140625
2025-04-28,PGEO,847.597412109375
2025-04-29,PGEO,861.3422241210938
2025-04-30,PGEO,833.8526000976562
2025-05-02,PGEO,838.4342041015625
2025-05-05,PGEO,838.4342041015625
2025-05-06,PGEO,861.3422241210938
2025-05-07,PGEO,865.923828125
2025-05-08,PGEO,875.0870361328125
2025-05-09,PGEO,865.923828125
2025-05-14,PGEO,893.4134521484375
2025-05-15,PGEO,989.6273193359375
2025-05-16,PGEO,1163.728271484375
2025-05-19,PGEO,1136.2386474609375
2025-05-20,PGEO,1191.2178955078125
2025-05-21,PGEO,1278.2685546875
2025-05-22,PGEO,1250.7789306640625
2025-05-23,PGEO,1223.2891845703125
2025-05-26,PGEO,1237.0340576171875
2025-05-27,PGEO,1232.452392578125
2025-05-28,PGEO,1237.0340576171875
2025-06-02,PGEO,1195.799560546875
2025-06-03,PGEO,1204.9627685546875
2025-06-04,PGEO,1200.381103515625
2025-06-05,PGEO,1223.2891845703125
2025-06-10,PGEO,1246.1973876953125
2025-06-11,PGEO,1241.61572265625
2025-06-12,PGEO,1369.900634765625
2025-06-13,PGEO,1314.92138671875
2025-06-16,PGEO,1489.1400146484375
2025-06-17,PGEO,1531.958740234375
2025-06-18,PGEO,1484.3824462890625
2025-06-19,PGEO,1398.7449951171875
2025-06-20,PGEO,1317.8651123046875
2025-06-23,PGEO,1256.015869140625
2025-06-24,PGEO,1260.7735595703125
2025-06-25,PGEO,1256.015869140625
2025-06-26,PGEO,1260.7735595703125
2025-06-30,PGEO,1346.4110107421875
2025-07-01,PGEO,1317.8651123046875
2025-07-02,PGEO,1294.076904296875
2025-07-03,PGEO,1370.1990966796875
2025-07-04,PGEO,1336.8956298828125
2025-07-07,PGEO,1360.683837890625
2025-07-08,PGEO,1393.9873046875
2025-07-09,PGEO,1403.5025634765625
2025-07-10,PGEO,1408.26025390625
2025-07-11,PGEO,1417.7755126953125
2025-07-14,PGEO,1408.26025390625
2025-07-15,PGEO,1555.7469482421875
2025-07-16,PGEO,1531.958740234375
2025-07-17,PGEO,1550.9892578125
2025-07-18,PGEO,1574.7774658203125
2025-07-21,PGEO,1589.0504150390625
2025-07-22,PGEO,1508.1705322265625
2025-07-23,PGEO,1555.7469482421875
2025-07-24,PGEO,1522.4434814453125
2025-07-25,PGEO,1541.4739990234375
2025-07-28,PGEO,1608.0809326171875
2025-07-29,PGEO,1741.294677734375
2025-07-30,PGEO,1622.3538818359375
2025-07-31,PGEO,1574.7774658203125
2025-08-01,PGEO,1603.3232421875
2025-08-04,PGEO,1531.958740234375
2025-08-05,PGEO,1508.1705322265625
2025-08-06,PGEO,1527.201171875
2025-08-07,PGEO,1517.685791015625
2025-08-08,PGEO,1546.231689453125
2025-08-11,PGEO,1489.1400146484375
2025-08-12,PGEO,1503.4129638671875
2025-08-13,PGEO,1451.0789794921875
2025-08-14,PGEO,1465.351806640625
2025-08-15,PGEO,1441.563720703125
2025-08-19,PGEO,1393.9873046875
2025-08-20,PGEO,1346.4110107421875
2025-08-21,PGEO,1351.1685791015625
2025-08-22,PGEO,1346.4110107421875
2025-08-25,PGEO,1370.1990966796875
2025-08-26,PGEO,1479.624755859375
2025-08-27,PGEO,1465.351806640625
2025-08-28,PGEO,1441.563720703125
2025-08-29,PGEO,1389.229736328125
2025-09-01,PGEO,1346.4110107421875
2025-09-02,PGEO,1393.9873046875
2025-09-03,PGEO,1365.4415283203125
2025-09-04,PGEO,1374.956787109375
2025-09-08,PGEO,1327.38037109375
2025-09-09,PGEO,1313.1075439453125
2025-09-10,PGEO,1327.38037109375
2025-09-11,PGEO,1336.8956298828125
2025-09-12,PGEO,1332.1380615234375
2025-09-15,PGEO,1322.622802734375
2025-09-16,PGEO,1294.076904296875
2025-09-17,PGEO,1275.04638671875
2025-09-18,PGEO,1260.7735595703125
2025-09-19,PGEO,1275.04638671875
2025-09-22,PGEO,1256.015869140625
2025-09-23,PGEO,1341.6533203125
2025-09-24,PGEO,1313.1075439453125
2025-09-25,PGEO,1260.7735595703125
2025-09-26,PGEO,1279.8040771484375
2025-09-29,PGEO,1313.1075439453125
2025-09-30,PGEO,1327.38037109375
2025-10-01,PGEO,1308.349853515625
2025-10-02,PGEO,1289.3193359375
2025-10-03,PGEO,1332.1380615234375
2025-10-06,PGEO,1384.4720458984375
2025-10-07,PGEO,1384.4720458984375
2025-10-08,PGEO,1384.4720458984375
2025-10-09,PGEO,1374.956787109375
2025-10-10,PGEO,1389.229736328125
2025-10-13,PGEO,1389.229736328125
2025-10-14,PGEO,1294.076904296875
2025-10-15,PGEO,1265.5311279296875
2025-10-16,PGEO,1260.7735595703125
2025-10-17,PGEO,1208.4395751953125
2025-10-20,PGEO,1241.742919921875
2025-10-21,PGEO,1270.288818359375
2025-10-22,PGEO,1246.5006103515625
2025-10-23,PGEO,1284.5616455078125
2025-10-24,PGEO,1265.5311279296875
2025-10-27,PGEO,1222.71240234375
2025-10-28,PGEO,1260.7735595703125
2025-10-29,PGEO,1251.2581787109375
2025-10-30,PGEO,1227.4700927734375
2025-10-31,PGEO,1241.742919921875
2025-11-03,PGEO,1236.9853515625
2025-11-04,PGEO,1194.1666259765625
2025-11-05,PGEO,1208.4395751953125
2025-11-06,PGEO,1213.1971435546875
2025-11-07,PGEO,1208.4395751953125
2025-11-10,PGEO,1198.9241943359375
2025-11-11,PGEO,1184.6513671875
2025-11-12,PGEO,1179.8936767578125
2025-11-13,PGEO,1146.5902099609375
2025-11-14,PGEO,1122.8021240234375
2025-11-17,PGEO,1141.8326416015625
2025-11-18,PGEO,1132.3173828125
2025-11-19,PGEO,1132.3173828125
2025-11-20,PGEO,1141.8326416015625
2025-11-21,PGEO,1151.347900390625
2025-11-24,PGEO,1137.074951171875
2025-11-25,PGEO,1156.10546875
2025-11-26,PGEO,1151.347900390625
2025-11-27,PGEO,1127.5596923828125
2025-11-28,PGEO,1103.771484375
2025-12-01,PGEO,1094.2562255859375
2025-12-02,PGEO,1108.5291748046875
2025-12-03,PGEO,1118.04443359375
2025-12-04,PGEO,1103.771484375
2025-12-05,PGEO,1156.10546875
2025-12-08,PGEO,1137.074951171875
2025-12-09,PGEO,1108.5291748046875
2025-12-10,PGEO,1113.2867431640625
2025-12-11,PGEO,1103.771484375
2025-12-12,PGEO,1108.5291748046875
2025-12-15,PGEO,1108.5291748046875
2025-12-16,PGEO,1122.8021240234375
2025-12-17,PGEO,1099.013916015625
2025-12-18,PGEO,1084.740966796875
2025-12-19,PGEO,1070.468017578125
2025-12-22,PGEO,1060.9527587890625
2025-12-23,PGEO,1056.1951904296875
2025-12-24,PGEO,1032.406982421875
2025-12-29,PGEO,1060.9527587890625
2025-12-30,PGEO,1070.468017578125
2026-01-02,PGEO,1075.2257080078125
2026-01-05,PGEO,1103.771484375
2026-01-06,PGEO,1118.04443359375
2026-01-07,PGEO,1141.8326416015625
2026-01-08,PGEO,1122.8021240234375
2026-01-09,PGEO,1137.074951171875
2026-01-12,PGEO,1108.5291748046875
2026-01-13,PGEO,1208.4395751953125
2026-01-14,PGEO,1198.9241943359375
2026-01-15,PGEO,1236.9853515625
2026-01-19,PGEO,1213.1971435546875
2026-01-20,PGEO,1198.9241943359375
2026-01-21,PGEO,1170.37841796875
2026-01-22,PGEO,1170.37841796875
2026-01-23,PGEO,1146.5902099609375
2026-01-26,PGEO,1184.6513671875
2022-12-30,MAPI,1418.2557373046875
2023-01-02,MAPI,1388.81103515625
2023-01-03,MAPI,1388.81103515625
2023-01-04,MAPI,1369.18115234375
2023-01-05,MAPI,1320.1065673828125
2023-01-06,MAPI,1275.939453125
2023-01-09,MAPI,1256.3095703125
2023-01-10,MAPI,1187.605224609375
2023-01-11,MAPI,1266.12451171875
2023-01-12,MAPI,1266.12451171875
2023-01-13,MAPI,1271.031982421875
2023-01-16,MAPI,1295.5693359375
2023-01-17,MAPI,1325.0140380859375
2023-01-18,MAPI,1310.2916259765625
2023-01-19,MAPI,1364.273681640625
2023-01-20,MAPI,1388.81103515625
2023-01-24,MAPI,1369.18115234375
2023-01-25,MAPI,1310.2916259765625
2023-01-26,MAPI,1285.75439453125
2023-01-27,MAPI,1241.5872802734375
2023-01-30,MAPI,1290.6617431640625
2023-01-31,MAPI,1275.939453125
2023-02-01,MAPI,1364.273681640625
2023-02-02,MAPI,1374.088623046875
2023-02-03,MAPI,1359.3663330078125
2023-02-06,MAPI,1413.3482666015625
2023-02-07,MAPI,1467.330322265625
2023-02-08,MAPI,1452.6080322265625
2023-02-09,MAPI,1413.3482666015625
2023-02-10,MAPI,1413.3482666015625
2023-02-13,MAPI,1545.8497314453125
2023-02-14,MAPI,1491.86767578125
2023-02-15,MAPI,1491.86767578125
2023-02-16,MAPI,1501.6824951171875
2023-02-17,MAPI,1467.330322265625
2023-02-20,MAPI,1511.49755859375
2023-02-21,MAPI,1521.3125
2023-02-22,MAPI,1521.3125
2023-02-23,MAPI,1560.5721435546875
2023-02-24,MAPI,1570.3868408203125
2023-02-27,MAPI,1560.5721435546875
2023-02-28,MAPI,1482.052734375
2023-03-01,MAPI,1521.3125
2023-03-02,MAPI,1590.016845703125
2023-03-03,MAPI,1531.1273193359375
2023-03-06,MAPI,1540.9422607421875
2023-03-07,MAPI,1570.3868408203125
2023-03-08,MAPI,1540.9422607421875
2023-03-09,MAPI,1491.86767578125
2023-03-10,MAPI,1437.8856201171875
2023-03-13,MAPI,1511.49755859375
2023-03-14,MAPI,1437.8856201171875
2023-03-15,MAPI,1516.4049072265625
2023-03-16,MAPI,1570.3868408203125
2023-03-17,MAPI,1570.3868408203125
2023-03-20,MAPI,1496.7750244140625
2023-03-21,MAPI,1467.330322265625
2023-03-24,MAPI,1486.9600830078125
2023-03-27,MAPI,1472.23779296875
2023-03-28,MAPI,1570.3868408203125
2023-03-29,MAPI,1594.92431640625
2023-03-30,MAPI,1511.49755859375
2023-03-31,MAPI,1482.052734375
2023-04-03,MAPI,1423.1630859375
2023-04-04,MAPI,1374.088623046875
2023-04-05,MAPI,1359.3663330078125
2023-04-06,MAPI,1388.81103515625
2023-04-10,MAPI,1339.736328125
2023-04-11,MAPI,1305.3841552734375
2023-04-12,MAPI,1344.6439208984375
2023-04-13,MAPI,1364.273681640625
2023-04-14,MAPI,1403.5333251953125
2023-04-17,MAPI,1437.8856201171875
2023-04-18,MAPI,1403.5333251953125
2023-04-26,MAPI,1383.9034423828125
2023-04-27,MAPI,1344.6439208984375
2023-04-28,MAPI,1344.6439208984375
2023-05-02,MAPI,1383.9034423828125
2023-05-03,MAPI,1428.07080078125
2023-05-04,MAPI,1432.9781494140625
2023-05-05,MAPI,1437.8856201171875
2023-05-08,MAPI,1472.23779296875
2023-05-09,MAPI,1565.4794921875
2023-05-10,MAPI,1545.8497314453125
2023-05-11,MAPI,1639.0914306640625
2023-05-12,MAPI,1634.1839599609375
2023-05-15,MAPI,1697.98095703125
2023-05-16,MAPI,1668.5361328125
2023-05-17,MAPI,1673.443603515625
2023-05-19,MAPI,1643.9989013671875
2023-05-22,MAPI,1624.369140625
2023-05-23,MAPI,1737.2406005859375
2023-05-24,MAPI,1727.4256591796875
2023-05-25,MAPI,1796.1300048828125
2023-05-26,MAPI,1796.1300048828125
2023-05-29,MAPI,1791.22265625
2023-05-30,MAPI,1771.5928955078125
2023-05-31,MAPI,1742.14794921875
2023-06-05,MAPI,1737.2406005859375
2023-06-06,MAPI,1766.6854248046875
2023-06-07,MAPI,1845.2047119140625
2023-06-08,MAPI,1840.29736328125
2023-06-09,MAPI,1864.8345947265625
2023-06-12,MAPI,1850.1123046875
2023-06-13,MAPI,1815.7598876953125
2023-06-14,MAPI,1771.5928955078125
2023-06-15,MAPI,1781.40771484375
2023-06-16,MAPI,1766.6854248046875
2023-06-19,MAPI,1717.61083984375
2023-06-20,MAPI,1663.628662109375
2023-06-21,MAPI,1707.7958984375
2023-06-22,MAPI,1653.8138427734375
2023-06-23,MAPI,1673.443603515625
2023-06-26,MAPI,1658.72119140625
2023-06-27,MAPI,1658.72119140625
2023-07-03,MAPI,1643.9989013671875
2023-07-04,MAPI,1691.3365478515625
2023-07-05,MAPI,1676.54345703125
2023-07-06,MAPI,1785.0257568359375
2023-07-07,MAPI,1735.7156982421875
2023-07-10,MAPI,1725.8536376953125
2023-07-11,MAPI,1780.0947265625
2023-07-12,MAPI,1834.3359375
2023-07-13,MAPI,1760.3707275390625
2023-07-14,MAPI,1775.1636962890625
2023-07-17,MAPI,1809.6807861328125
2023-07-18,MAPI,1873.783935546875
2023-07-20,MAPI,1957.611083984375
2023-07-21,MAPI,1903.3701171875
2023-07-24,MAPI,1888.5770263671875
2023-07-25,MAPI,1883.64599609375
2023-07-26,MAPI,1898.4390869140625
2023-07-27,MAPI,1972.4041748046875
2023-07-28,MAPI,1992.1282958984375
2023-07-31,MAPI,1952.6800537109375
2023-08-01,MAPI,2001.990234375
2023-08-02,MAPI,1952.6800537109375
2023-08-03,MAPI,1903.3701171875
2023-08-04,MAPI,1918.1630859375
2023-08-07,MAPI,1908.301025390625
2023-08-08,MAPI,1908.301025390625
2023-08-09,MAPI,1918.1630859375
2023-08-10,MAPI,1942.818115234375
2023-08-11,MAPI,2001.990234375
2023-08-14,MAPI,1992.1282958984375
2023-08-15,MAPI,1967.47314453125
2023-08-16,MAPI,1913.2320556640625
2023-08-18,MAPI,1883.64599609375
2023-08-21,MAPI,1858.9908447265625
2023-08-22,MAPI,1942.818115234375
2023-08-23,MAPI,1967.47314453125
2023-08-24,MAPI,1928.0250244140625
2023-08-25,MAPI,1942.818115234375
2023-08-28,MAPI,1982.2662353515625
2023-08-29,MAPI,1932.9560546875
2023-08-30,MAPI,1932.9560546875
2023-08-31,MAPI,1908.301025390625
2023-09-01,MAPI,1947.7491455078125
2023-09-04,MAPI,1952.6800537109375
2023-09-05,MAPI,1932.9560546875
2023-09-06,MAPI,1873.783935546875
2023-09-07,MAPI,1814.61181640625
2023-09-08,MAPI,1814.61181640625
2023-09-11,MAPI,1858.9908447265625
2023-09-12,MAPI,1824.473876953125
2023-09-13,MAPI,1819.5428466796875
2023-09-14,MAPI,1799.81884765625
2023-09-15,MAPI,1794.8878173828125
2023-09-18,MAPI,1770.232666015625
2023-09-19,MAPI,1775.1636962890625
2023-09-20,MAPI,1799.81884765625
2023-09-21,MAPI,1868.8529052734375
2023-09-22,MAPI,1849.12890625
2023-09-25,MAPI,1789.956787109375
2023-09-26,MAPI,1824.473876953125
2023-09-27,MAPI,1750.5087890625
2023-09-29,MAPI,1794.8878173828125
2023-10-02,MAPI,1844.1978759765625
2023-10-03,MAPI,1923.0941162109375
2023-10-04,MAPI,1903.3701171875
2023-10-05,MAPI,1888.5770263671875
2023-10-06,MAPI,1962.5421142578125
2023-10-09,MAPI,1932.9560546875
2023-10-10,MAPI,1962.5421142578125
2023-10-11,MAPI,1952.6800537109375
2023-10-12,MAPI,1947.7491455078125
2023-10-13,MAPI,1937.8870849609375
2023-10-16,MAPI,1863.921875
2023-10-17,MAPI,1829.4049072265625
2023-10-18,MAPI,1868.8529052734375
2023-10-19,MAPI,1829.4049072265625
2023-10-20,MAPI,1878.7149658203125
2023-10-23,MAPI,1893.508056640625
2023-10-24,MAPI,1923.0941162109375
2023-10-25,MAPI,1928.0250244140625
2023-10-26,MAPI,1824.473876953125
2023-10-27,MAPI,1799.81884765625
2023-10-30,MAPI,1730.78466796875
2023-10-31,MAPI,1711.0606689453125
2023-11-01,MAPI,1582.8543701171875
2023-11-02,MAPI,1686.405517578125
2023-11-03,MAPI,1646.95751953125
2023-11-06,MAPI,1661.7506103515625
2023-11-07,MAPI,1577.92333984375
2023-11-08,MAPI,1632.1644287109375
2023-11-09,MAPI,1642.0264892578125
2023-11-10,MAPI,1661.7506103515625
2023-11-13,MAPI,1587.7852783203125
2023-11-14,MAPI,1568.0614013671875
2023-11-15,MAPI,1661.7506103515625
2023-11-16,MAPI,1617.3714599609375
2023-11-17,MAPI,1637.095458984375
2023-11-20,MAPI,1627.2333984375
2023-11-21,MAPI,1622.3023681640625
2023-11-22,MAPI,1651.8885498046875
2023-11-23,MAPI,1720.922607421875
2023-11-24,MAPI,1760.3707275390625
2023-11-27,MAPI,1755.439697265625
2023-11-28,MAPI,1711.0606689453125
2023-11-29,MAPI,1706.129638671875
2023-11-30,MAPI,1720.922607421875
2023-12-01,MAPI,1715.9915771484375
2023-12-04,MAPI,1646.95751953125
2023-12-05,MAPI,1646.95751953125
2023-12-06,MAPI,1617.3714599609375
2023-12-07,MAPI,1617.3714599609375
2023-12-08,MAPI,1637.095458984375
2023-12-11,MAPI,1607.5093994140625
2023-12-12,MAPI,1592.71630859375
2023-12-13,MAPI,1597.6473388671875
2023-12-14,MAPI,1696.267578125
2023-12-15,MAPI,1651.8885498046875
2023-12-18,MAPI,1651.8885498046875
2023-12-19,MAPI,1676.54345703125
2023-12-20,MAPI,1691.3365478515625
2023-12-21,MAPI,1691.3365478515625
2023-12-22,MAPI,1740.646728515625
2023-12-27,MAPI,1725.8536376953125
2023-12-28,MAPI,1740.646728515625
2023-12-29,MAPI,1765.3016357421875
2024-01-02,MAPI,1868.8529052734375
2024-01-03,MAPI,1873.783935546875
2024-01-04,MAPI,1858.9908447265625
2024-01-05,MAPI,1770.232666015625
2024-01-08,MAPI,1750.5087890625
2024-01-09,MAPI,1829.4049072265625
2024-01-10,MAPI,1829.4049072265625
2024-01-11,MAPI,1819.5428466796875
2024-01-12,MAPI,1794.8878173828125
2024-01-15,MAPI,1878.7149658203125
2024-01-16,MAPI,1913.2320556640625
2024-01-17,MAPI,1873.783935546875
2024-01-18,MAPI,1893.508056640625
2024-01-19,MAPI,1918.1630859375
2024-01-22,MAPI,1942.818115234375
2024-01-23,MAPI,1967.47314453125
2024-01-24,MAPI,1967.47314453125
2024-01-25,MAPI,1908.301025390625
2024-01-26,MAPI,1849.12890625
2024-01-29,MAPI,1873.783935546875
2024-01-30,MAPI,1942.818115234375
2024-01-31,MAPI,1928.0250244140625
2024-02-01,MAPI,1932.9560546875
2024-02-02,MAPI,1947.7491455078125
2024-02-05,MAPI,1903.3701171875
2024-02-06,MAPI,1928.0250244140625
2024-02-07,MAPI,1947.7491455078125
2024-02-12,MAPI,1937.8870849609375
2024-02-13,MAPI,1942.818115234375
2024-02-15,MAPI,1972.4041748046875
2024-02-16,MAPI,1908.301025390625
2024-02-19,MAPI,1873.783935546875
2024-02-20,MAPI,1858.9908447265625
2024-02-21,MAPI,1903.3701171875
2024-02-22,MAPI,1947.7491455078125
2024-02-23,MAPI,1928.0250244140625
2024-02-26,MAPI,1888.5770263671875
2024-02-27,MAPI,1893.508056640625
2024-02-28,MAPI,1908.301025390625
2024-02-29,MAPI,1893.508056640625
2024-03-01,MAPI,1942.818115234375
2024-03-04,MAPI,1962.5421142578125
2024-03-05,MAPI,1942.818115234375
2024-03-06,MAPI,1947.7491455078125
2024-03-07,MAPI,1952.6800537109375
2024-03-08,MAPI,1858.9908447265625
2024-03-13,MAPI,1893.508056640625
2024-03-14,MAPI,1908.301025390625
2024-03-15,MAPI,1903.3701171875
2024-03-18,MAPI,1878.7149658203125
2024-03-19,MAPI,1799.81884765625
2024-03-20,MAPI,1789.956787109375
2024-03-21,MAPI,1780.0947265625
2024-03-22,MAPI,1789.956787109375
2024-03-25,MAPI,1789.956787109375
2024-03-26,MAPI,1799.81884765625
2024-03-27,MAPI,1775.1636962890625
2024-03-28,MAPI,1794.8878173828125
2024-04-01,MAPI,1814.61181640625
2024-04-02,MAPI,1868.8529052734375
2024-04-03,MAPI,1834.3359375
2024-04-04,MAPI,1873.783935546875
2024-04-05,MAPI,1863.921875
2024-04-16,MAPI,1785.0257568359375
2024-04-17,MAPI,1770.232666015625
2024-04-18,MAPI,1750.5087890625
2024-04-19,MAPI,1671.6124267578125
2024-04-22,MAPI,1651.8885498046875
2024-04-23,MAPI,1612.4404296875
2024-04-24,MAPI,1651.8885498046875
2024-04-25,MAPI,1612.4404296875
2024-04-26,MAPI,1533.544189453125
2024-04-29,MAPI,1632.1644287109375
2024-04-30,MAPI,1553.268310546875
2024-05-02,MAPI,1420.1309814453125
2024-05-03,MAPI,1464.5101318359375
2024-05-06,MAPI,1425.06201171875
2024-05-07,MAPI,1385.614013671875
2024-05-08,MAPI,1474.3721923828125
2024-05-13,MAPI,1503.9581298828125
2024-05-14,MAPI,1489.1651611328125
2024-05-15,MAPI,1489.1651611328125
2024-05-16,MAPI,1464.5101318359375
2024-05-17,MAPI,1469.441162109375
2024-05-20,MAPI,1464.5101318359375
2024-05-21,MAPI,1385.614013671875
2024-05-22,MAPI,1370.8209228515625
2024-05-27,MAPI,1326.44189453125
2024-05-28,MAPI,1326.44189453125
2024-05-29,MAPI,1282.062744140625
2024-05-30,MAPI,1277.1317138671875
2024-05-31,MAPI,1252.4765625
2024-06-03,MAPI,1331.372802734375
2024-06-04,MAPI,1429.9930419921875
2024-06-05,MAPI,1479.30322265625
2024-06-06,MAPI,1444.7860107421875
2024-06-07,MAPI,1454.6480712890625
2024-06-10,MAPI,1400.406982421875
2024-06-11,MAPI,1385.614013671875
2024-06-12,MAPI,1395.4759521484375
2024-06-13,MAPI,1449.717041015625
2024-06-14,MAPI,1449.717041015625
2024-06-19,MAPI,1346.165771484375
2024-06-20,MAPI,1356.02783203125
2024-06-21,MAPI,1410.26904296875
2024-06-24,MAPI,1395.4759521484375
2024-06-25,MAPI,1380.6829833984375
2024-06-26,MAPI,1385.614013671875
2024-06-27,MAPI,1464.5101318359375
2024-06-28,MAPI,1454.6480712890625
2024-07-01,MAPI,1415.199951171875
2024-07-02,MAPI,1434.9239501953125
2024-07-03,MAPI,1400.406982421875
2024-07-04,MAPI,1380.6829833984375
2024-07-05,MAPI,1380.6829833984375
2024-07-08,MAPI,1388.617919921875
2024-07-09,MAPI,1393.5772705078125
2024-07-10,MAPI,1393.5772705078125
2024-07-11,MAPI,1388.617919921875
2024-07-12,MAPI,1373.7398681640625
2024-07-15,MAPI,1324.1463623046875
2024-07-16,MAPI,1398.53662109375
2024-07-17,MAPI,1398.53662109375
2024-07-18,MAPI,1388.617919921875
2024-07-19,MAPI,1373.7398681640625
2024-07-22,MAPI,1358.86181640625
2024-07-23,MAPI,1363.8211669921875
2024-07-24,MAPI,1334.0650634765625
2024-07-25,MAPI,1363.8211669921875
2024-07-26,MAPI,1363.8211669921875
2024-07-29,MAPI,1368.780517578125
2024-07-30,MAPI,1433.2520751953125
2024-07-31,MAPI,1438.21142578125
2024-08-01,MAPI,1388.617919921875
2024-08-02,MAPI,1448.130126953125
2024-08-05,MAPI,1418.3740234375
2024-08-06,MAPI,1413.4146728515625
2024-08-07,MAPI,1418.3740234375
2024-08-08,MAPI,1393.5772705078125
2024-08-09,MAPI,1403.4959716796875
2024-08-12,MAPI,1388.617919921875
2024-08-13,MAPI,1433.2520751953125
2024-08-14,MAPI,1453.0894775390625
2024-08-15,MAPI,1448.130126953125
2024-08-16,MAPI,1438.21142578125
2024-08-19,MAPI,1408.455322265625
2024-08-20,MAPI,1507.642333984375
2024-08-21,MAPI,1507.642333984375
2024-08-22,MAPI,1507.642333984375
2024-08-23,MAPI,1492.7642822265625
2024-08-26,MAPI,1487.804931640625
2024-08-27,MAPI,1497.7236328125
2024-08-28,MAPI,1507.642333984375
2024-08-29,MAPI,1522.5203857421875
2024-08-30,MAPI,1482.8455810546875
2024-09-02,MAPI,1487.804931640625
2024-09-03,MAPI,1487.804931640625
2024-09-04,MAPI,1448.130126953125
2024-09-05,MAPI,1502.6829833984375
2024-09-06,MAPI,1487.804931640625
2024-09-09,MAPI,1492.7642822265625
2024-09-10,MAPI,1651.46337890625
2024-09-11,MAPI,1656.4227294921875
2024-09-12,MAPI,1681.219482421875
2024-09-13,MAPI,1646.5040283203125
2024-09-17,MAPI,1775.4471435546875
2024-09-18,MAPI,1785.3658447265625
2024-09-19,MAPI,1765.5284423828125
2024-09-20,MAPI,1834.9593505859375
2024-09-23,MAPI,1795.2845458984375
2024-09-24,MAPI,1805.2032470703125
2024-09-25,MAPI,1780.406494140625
2024-09-26,MAPI,1770.48779296875
2024-09-27,MAPI,1815.1219482421875
2024-09-30,MAPI,1745.6910400390625
2024-10-01,MAPI,1730.81298828125
2024-10-02,MAPI,1715.9349365234375
2024-10-03,MAPI,1715.9349365234375
2024-10-04,MAPI,1641.544677734375
2024-10-07,MAPI,1641.544677734375
2024-10-08,MAPI,1735.7723388671875
2024-10-09,MAPI,1696.0975341796875
2024-10-10,MAPI,1681.219482421875
2024-10-11,MAPI,1696.0975341796875
2024-10-14,MAPI,1706.0162353515625
2024-10-15,MAPI,1785.3658447265625
2024-10-16,MAPI,1780.406494140625
2024-10-17,MAPI,1760.569091796875
2024-10-18,MAPI,1735.7723388671875
2024-10-21,MAPI,1720.894287109375
2024-10-22,MAPI,1750.650390625
2024-10-23,MAPI,1725.8536376953125
2024-10-24,MAPI,1720.894287109375
2024-10-25,MAPI,1681.219482421875
2024-10-28,MAPI,1686.1788330078125
2024-10-29,MAPI,1676.2601318359375
2024-10-30,MAPI,1656.4227294921875
2024-10-31,MAPI,1567.154541015625
2024-11-01,MAPI,1591.951171875
2024-11-04,MAPI,1537.3984375
2024-11-05,MAPI,1542.3577880859375
2024-11-06,MAPI,1453.0894775390625
2024-11-07,MAPI,1433.2520751953125
2024-11-08,MAPI,1477.88623046875
2024-11-11,MAPI,1458.048828125
2024-11-12,MAPI,1453.0894775390625
2024-11-13,MAPI,1413.4146728515625
2024-11-14,MAPI,1393.5772705078125
2024-11-15,MAPI,1368.780517578125
2024-11-18,MAPI,1438.21142578125
2024-11-19,MAPI,1572.1138916015625
2024-11-20,MAPI,1586.991943359375
2024-11-21,MAPI,1537.3984375
2024-11-22,MAPI,1487.804931640625
2024-11-25,MAPI,1448.130126953125
2024-11-26,MAPI,1502.6829833984375
2024-11-28,MAPI,1487.804931640625
2024-11-29,MAPI,1562.1951904296875
2024-12-02,MAPI,1448.130126953125
2024-12-03,MAPI,1418.3740234375
2024-12-04,MAPI,1423.3333740234375
2024-12-05,MAPI,1433.2520751953125
2024-12-06,MAPI,1403.4959716796875
2024-12-09,MAPI,1373.7398681640625
2024-12-10,MAPI,1393.5772705078125
2024-12-11,MAPI,1403.4959716796875
2024-12-12,MAPI,1443.1707763671875
2024-12-13,MAPI,1433.2520751953125
2024-12-16,MAPI,1378.69921875
2024-12-17,MAPI,1348.943115234375
2024-12-18,MAPI,1378.69921875
2024-12-19,MAPI,1319.18701171875
2024-12-20,MAPI,1358.86181640625
2024-12-23,MAPI,1358.86181640625
2024-12-24,MAPI,1398.53662109375
2024-12-27,MAPI,1339.0244140625
2024-12-30,MAPI,1398.53662109375
2025-01-02,MAPI,1348.943115234375
2025-01-03,MAPI,1334.0650634765625
2025-01-06,MAPI,1348.943115234375
2025-01-07,MAPI,1358.86181640625
2025-01-08,MAPI,1348.943115234375
2025-01-09,MAPI,1353.9024658203125
2025-01-10,MAPI,1334.0650634765625
2025-01-13,MAPI,1329.105712890625
2025-01-14,MAPI,1319.18701171875
2025-01-15,MAPI,1358.86181640625
2025-01-16,MAPI,1348.943115234375
2025-01-17,MAPI,1358.86181640625
2025-01-20,MAPI,1343.9837646484375
2025-01-21,MAPI,1314.2276611328125
2025-01-22,MAPI,1343.9837646484375
2025-01-23,MAPI,1353.9024658203125
2025-01-24,MAPI,1324.1463623046875
2025-01-30,MAPI,1329.105712890625
2025-01-31,MAPI,1274.5528564453125
2025-02-03,MAPI,1269.593505859375
2025-02-04,MAPI,1239.83740234375
2025-02-05,MAPI,1180.3251953125
2025-02-06,MAPI,1239.83740234375
2025-02-07,MAPI,1289.430908203125
2025-02-10,MAPI,1289.430908203125
2025-02-11,MAPI,1264.6341552734375
2025-02-12,MAPI,1269.593505859375
2025-02-13,MAPI,1284.4715576171875
2025-02-14,MAPI,1200.16259765625
2025-02-17,MAPI,1200.16259765625
2025-02-18,MAPI,1378.69921875
2025-02-19,MAPI,1368.780517578125
2025-02-20,MAPI,1378.69921875
2025-02-21,MAPI,1418.3740234375
2025-02-24,MAPI,1467.967529296875
2025-02-25,MAPI,1438.21142578125
2025-02-26,MAPI,1453.0894775390625
2025-02-27,MAPI,1448.130126953125
2025-02-28,MAPI,1423.3333740234375
2025-03-03,MAPI,1408.455322265625
2025-03-04,MAPI,1368.780517578125
2025-03-05,MAPI,1413.4146728515625
2025-03-06,MAPI,1423.3333740234375
2025-03-07,MAPI,1443.1707763671875
2025-03-10,MAPI,1467.967529296875
2025-03-11,MAPI,1453.0894775390625
2025-03-12,MAPI,1547.317138671875
2025-03-13,MAPI,1482.8455810546875
2025-03-14,MAPI,1487.804931640625
2025-03-17,MAPI,1448.130126953125
2025-03-18,MAPI,1329.105712890625
2025-03-19,MAPI,1319.18701171875
2025-03-20,MAPI,1274.5528564453125
2025-03-21,MAPI,1239.83740234375
2025-03-24,MAPI,1249.756103515625
2025-03-25,MAPI,1294.3902587890625
2025-03-26,MAPI,1314.2276611328125
2025-03-27,MAPI,1339.0244140625
2025-04-08,MAPI,1140.650390625
2025-04-09,MAPI,1091.056884765625
2025-04-10,MAPI,1264.6341552734375
2025-04-11,MAPI,1294.3902587890625
2025-04-14,MAPI,1348.943115234375
2025-04-15,MAPI,1353.9024658203125
2025-04-16,MAPI,1353.9024658203125
2025-04-17,MAPI,1358.86181640625
2025-04-21,MAPI,1368.780517578125
2025-04-22,MAPI,1368.780517578125
2025-04-23,MAPI,1343.9837646484375
2025-04-24,MAPI,1324.1463623046875
2025-04-25,MAPI,1334.0650634765625
2025-04-28,MAPI,1334.0650634765625
2025-04-29,MAPI,1343.9837646484375
2025-04-30,MAPI,1353.9024658203125
2025-05-02,MAPI,1324.1463623046875
2025-05-05,MAPI,1324.1463623046875
2025-05-06,MAPI,1339.0244140625
2025-05-07,MAPI,1348.943115234375
2025-05-08,MAPI,1329.105712890625
2025-05-09,MAPI,1299.349609375
2025-05-14,MAPI,1339.0244140625
2025-05-15,MAPI,1299.349609375
2025-05-16,MAPI,1329.105712890625
2025-05-19,MAPI,1309.268310546875
2025-05-20,MAPI,1284.4715576171875
2025-05-21,MAPI,1294.3902587890625
2025-05-22,MAPI,1339.0244140625
2025-05-23,MAPI,1329.105712890625
2025-05-26,MAPI,1294.3902587890625
2025-05-27,MAPI,1339.0244140625
2025-05-28,MAPI,1289.430908203125
2025-06-02,MAPI,1274.5528564453125
2025-06-03,MAPI,1259.6748046875
2025-06-04,MAPI,1259.6748046875
2025-06-05,MAPI,1249.756103515625
2025-06-10,MAPI,1269.593505859375
2025-06-11,MAPI,1249.756103515625
2025-06-12,MAPI,1254.7154541015625
2025-06-13,MAPI,1249.756103515625
2025-06-16,MAPI,1200.16259765625
2025-06-17,MAPI,1215.0406494140625
2025-06-18,MAPI,1234.8780517578125
2025-06-19,MAPI,1175.3658447265625
2025-06-20,MAPI,1160.48779296875
2025-06-23,MAPI,1086.0975341796875
2025-06-24,MAPI,1145.6097412109375
2025-06-25,MAPI,1100.9755859375
2025-06-26,MAPI,1115.8536376953125
2025-06-30,MAPI,1170.406494140625
2025-07-01,MAPI,1210.081298828125
2025-07-02,MAPI,1239.83740234375
2025-07-03,MAPI,1224.9593505859375
2025-07-04,MAPI,1229.918701171875
2025-07-07,MAPI,1239.83740234375
2025-07-08,MAPI,1220.0
2025-07-09,MAPI,1240.0
2025-07-10,MAPI,1185.0
2025-07-11,MAPI,1205.0
2025-07-14,MAPI,1195.0
2025-07-15,MAPI,1220.0
2025-07-16,MAPI,1190.0
2025-07-17,MAPI,1185.0
2025-07-18,MAPI,1130.0
2025-07-21,MAPI,1140.0
2025-07-22,MAPI,1110.0
2025-07-23,MAPI,1155.0
2025-07-24,MAPI,1145.0
2025-07-25,MAPI,1160.0
2025-07-28,MAPI,1125.0
2025-07-29,MAPI,1120.0
2025-07-30,MAPI,1110.0
2025-07-31,MAPI,1175.0
2025-08-01,MAPI,1205.0
2025-08-04,MAPI,1165.0
2025-08-05,MAPI,1150.0
2025-08-06,MAPI,1185.0
2025-08-07,MAPI,1215.0
2025-08-08,MAPI,1200.0
2025-08-11,MAPI,1215.0
2025-08-12,MAPI,1200.0
2025-08-13,MAPI,1250.0
2025-08-14,MAPI,1320.0
2025-08-15,MAPI,1360.0
2025-08-19,MAPI,1320.0
2025-08-20,MAPI,1315.0
2025-08-21,MAPI,1330.0
2025-08-22,MAPI,1350.0
2025-08-25,MAPI,1355.0
2025-08-26,MAPI,1320.0
2025-08-27,MAPI,1265.0
2025-08-28,MAPI,1250.0
2025-08-29,MAPI,1205.0
2025-09-01,MAPI,1190.0
2025-09-02,MAPI,1180.0
2025-09-03,MAPI,1180.0
2025-09-04,MAPI,1170.0
2025-09-08,MAPI,1140.0
2025-09-09,MAPI,1120.0
2025-09-10,MAPI,1175.0
2025-09-11,MAPI,1175.0
2025-09-12,MAPI,1180.0
2025-09-15,MAPI,1200.0
2025-09-16,MAPI,1230.0
2025-09-17,MAPI,1270.0
2025-09-18,MAPI,1220.0
2025-09-19,MAPI,1205.0
2025-09-22,MAPI,1175.0
2025-09-23,MAPI,1165.0
2025-09-24,MAPI,1130.0
2025-09-25,MAPI,1135.0
2025-09-26,MAPI,1135.0
2025-09-29,MAPI,1140.0
2025-09-30,MAPI,1125.0
2025-10-01,MAPI,1140.0
2025-10-02,MAPI,1160.0
2025-10-03,MAPI,1155.0
2025-10-06,MAPI,1175.0
2025-10-07,MAPI,1175.0
2025-10-08,MAPI,1165.0
2025-10-09,MAPI,1180.0
2025-10-10,MAPI,1195.0
2025-10-13,MAPI,1180.0
2025-10-14,MAPI,1160.0
2025-10-15,MAPI,1150.0
2025-10-16,MAPI,1250.0
2025-10-17,MAPI,1265.0
2025-10-20,MAPI,1270.0
2025-10-21,MAPI,1240.0
2025-10-22,MAPI,1215.0
2025-10-23,MAPI,1240.0
2025-10-24,MAPI,1190.0
2025-10-27,MAPI,1185.0
2025-10-28,MAPI,1275.0
2025-10-29,MAPI,1290.0
2025-10-30,MAPI,1320.0
2025-10-31,MAPI,1290.0
2025-11-03,MAPI,1310.0
2025-11-04,MAPI,1320.0
2025-11-05,MAPI,1410.0
2025-11-06,MAPI,1440.0
2025-11-07,MAPI,1390.0
2025-11-10,MAPI,1420.0
2025-11-11,MAPI,1350.0
2025-11-12,MAPI,1340.0
2025-11-13,MAPI,1325.0
2025-11-14,MAPI,1300.0
2025-11-17,MAPI,1340.0
2025-11-18,MAPI,1320.0
2025-11-19,MAPI,1325.0
2025-11-20,MAPI,1320.0
2025-11-21,MAPI,1295.0
2025-11-24,MAPI,1300.0
2025-11-25,MAPI,1290.0
2025-11-26,MAPI,1245.0
2025-11-27,MAPI,1235.0
2025-11-28,MAPI,1230.0
2025-12-01,MAPI,1220.0
2025-12-02,MAPI,1220.0
2025-12-03,MAPI,1225.0
2025-12-04,MAPI,1265.0
2025-12-05,MAPI,1225.0
2025-12-08,MAPI,1215.0
2025-12-09,MAPI,1185.0
2025-12-10,MAPI,1190.0
2025-12-11,MAPI,1165.0
2025-12-12,MAPI,1190.0
2025-12-15,MAPI,1175.0
2025-12-16,MAPI,1155.0
2025-12-17,MAPI,1225.0
2025-12-18,MAPI,1195.0
2025-12-19,MAPI,1180.0
2025-12-22,MAPI,1205.0
2025-12-23,MAPI,1180.0
2025-12-24,MAPI,1190.0
2025-12-29,MAPI,1175.0
2025-12-30,MAPI,1165.0
2026-01-02,MAPI,1180.0
2026-01-05,MAPI,1185.0
2026-01-06,MAPI,1175.0
2026-01-07,MAPI,1170.0
2026-01-08,MAPI,1145.0
2026-01-09,MAPI,1145.0
2026-01-12,MAPI,1155.0
2026-01-13,MAPI,1150.0
2026-01-14,MAPI,1180.0
2026-01-15,MAPI,1180.0
2026-01-19,MAPI,1175.0
2026-01-20,MAPI,1200.0
2026-01-21,MAPI,1210.0
2026-01-22,MAPI,1265.0
2026-01-23,MAPI,1255.0
2026-01-26,MAPI,1275.0
2023-04-18,MBMA,885.0
2023-04-26,MBMA,825.0
2023-04-27,MBMA,820.0
2023-04-28,MBMA,830.0
2023-05-02,MBMA,805.0
2023-05-03,MBMA,795.0
2023-05-04,MBMA,805.0
2023-05-05,MBMA,790.0
2023-05-08,MBMA,795.0
2023-05-09,MBMA,790.0
2023-05-10,MBMA,780.0
2023-05-11,MBMA,770.0
2023-05-12,MBMA,775.0
2023-05-15,MBMA,795.0
2023-05-16,MBMA,775.0
2023-05-17,MBMA,790.0
2023-05-19,MBMA,765.0
2023-05-22,MBMA,750.0
2023-05-23,MBMA,775.0
2023-05-24,MBMA,760.0
2023-05-25,MBMA,775.0
2023-05-26,MBMA,775.0
2023-05-29,MBMA,765.0
2023-05-30,MBMA,760.0
2023-05-31,MBMA,755.0
2023-06-05,MBMA,790.0
2023-06-06,MBMA,780.0
2023-06-07,MBMA,780.0
2023-06-08,MBMA,780.0
2023-06-09,MBMA,780.0
2023-06-12,MBMA,770.0
2023-06-13,MBMA,765.0
2023-06-14,MBMA,790.0
2023-06-15,MBMA,815.0
2023-06-16,MBMA,815.0
2023-06-19,MBMA,815.0
2023-06-20,MBMA,815.0
2023-06-21,MBMA,820.0
2023-06-22,MBMA,820.0
2023-06-23,MBMA,830.0
2023-06-26,MBMA,815.0
2023-06-27,MBMA,810.0
2023-07-03,MBMA,805.0
2023-07-04,MBMA,790.0
2023-07-05,MBMA,800.0
2023-07-06,MBMA,795.0
2023-07-07,MBMA,785.0
2023-07-10,MBMA,775.0
2023-07-11,MBMA,770.0
2023-07-12,MBMA,755.0
2023-07-13,MBMA,765.0
2023-07-14,MBMA,755.0
2023-07-17,MBMA,755.0
2023-07-18,MBMA,755.0
2023-07-20,MBMA,755.0
2023-07-21,MBMA,755.0
2023-07-24,MBMA,750.0
2023-07-25,MBMA,745.0
2023-07-26,MBMA,735.0
2023-07-27,MBMA,725.0
2023-07-28,MBMA,740.0
2023-07-31,MBMA,745.0
2023-08-01,MBMA,745.0
2023-08-02,MBMA,720.0
2023-08-03,MBMA,730.0
2023-08-04,MBMA,740.0
2023-08-07,MBMA,740.0
2023-08-08,MBMA,745.0
2023-08-09,MBMA,740.0
2023-08-10,MBMA,730.0
2023-08-11,MBMA,730.0
2023-08-14,MBMA,720.0
2023-08-15,MBMA,725.0
2023-08-16,MBMA,720.0
2023-08-18,MBMA,725.0
2023-08-21,MBMA,715.0
2023-08-22,MBMA,720.0
2023-08-23,MBMA,785.0
2023-08-24,MBMA,765.0
2023-08-25,MBMA,735.0
2023-08-28,MBMA,780.0
2023-08-29,MBMA,755.0
2023-08-30,MBMA,805.0
2023-08-31,MBMA,810.0
2023-09-01,MBMA,810.0
2023-09-04,MBMA,860.0
2023-09-05,MBMA,850.0
2023-09-06,MBMA,890.0
2023-09-07,MBMA,860.0
2023-09-08,MBMA,835.0
2023-09-11,MBMA,840.0
2023-09-12,MBMA,845.0
2023-09-13,MBMA,840.0
2023-09-14,MBMA,855.0
2023-09-15,MBMA,855.0
2023-09-18,MBMA,895.0
2023-09-19,MBMA,915.0
2023-09-20,MBMA,915.0
2023-09-21,MBMA,915.0
2023-09-22,MBMA,930.0
2023-09-25,MBMA,915.0
2023-09-26,MBMA,850.0
2023-09-27,MBMA,855.0
2023-09-29,MBMA,805.0
2023-10-02,MBMA,795.0
2023-10-03,MBMA,790.0
2023-10-04,MBMA,755.0
2023-10-05,MBMA,740.0
2023-10-06,MBMA,780.0
2023-10-09,MBMA,745.0
2023-10-10,MBMA,750.0
2023-10-11,MBMA,730.0
2023-10-12,MBMA,705.0
2023-10-13,MBMA,690.0
2023-10-16,MBMA,715.0
2023-10-17,MBMA,715.0
2023-10-18,MBMA,765.0
2023-10-19,MBMA,720.0
2023-10-20,MBMA,725.0
2023-10-23,MBMA,695.0
2023-10-24,MBMA,705.0
2023-10-25,MBMA,705.0
2023-10-26,MBMA,695.0
2023-10-27,MBMA,710.0
2023-10-30,MBMA,690.0
2023-10-31,MBMA,670.0
2023-11-01,MBMA,660.0
2023-11-02,MBMA,665.0
2023-11-03,MBMA,685.0
2023-11-06,MBMA,675.0
2023-11-07,MBMA,655.0
2023-11-08,MBMA,645.0
2023-11-09,MBMA,625.0
2023-11-10,MBMA,605.0
2023-11-13,MBMA,625.0
2023-11-14,MBMA,630.0
2023-11-15,MBMA,645.0
2023-11-16,MBMA,615.0
2023-11-17,MBMA,625.0
2023-11-20,MBMA,610.0
2023-11-21,MBMA,620.0
2023-11-22,MBMA,575.0
2023-11-23,MBMA,575.0
2023-11-24,MBMA,580.0
2023-11-27,MBMA,620.0
2023-11-28,MBMA,615.0
2023-11-29,MBMA,630.0
2023-11-30,MBMA,635.0
2023-12-01,MBMA,605.0
2023-12-04,MBMA,580.0
2023-12-05,MBMA,565.0
2023-12-06,MBMA,595.0
2023-12-07,MBMA,565.0
2023-12-08,MBMA,550.0
2023-12-11,MBMA,540.0
2023-12-12,MBMA,540.0
2023-12-13,MBMA,520.0
2023-12-14,MBMA,530.0
2023-12-15,MBMA,550.0
2023-12-18,MBMA,530.0
2023-12-19,MBMA,525.0
2023-12-20,MBMA,560.0
2023-12-21,MBMA,540.0
2023-12-22,MBMA,545.0
2023-12-27,MBMA,530.0
2023-12-28,MBMA,545.0
2023-12-29,MBMA,560.0
2024-01-02,MBMA,570.0
2024-01-03,MBMA,555.0
2024-01-04,MBMA,560.0
2024-01-05,MBMA,570.0
2024-01-08,MBMA,545.0
2024-01-09,MBMA,535.0
2024-01-10,MBMA,540.0
2024-01-11,MBMA,545.0
2024-01-12,MBMA,575.0
2024-01-15,MBMA,575.0
2024-01-16,MBMA,660.0
2024-01-17,MBMA,655.0
2024-01-18,MBMA,660.0
2024-01-19,MBMA,690.0
2024-01-22,MBMA,690.0
2024-01-23,MBMA,660.0
2024-01-24,MBMA,610.0
2024-01-25,MBMA,625.0
2024-01-26,MBMA,675.0
2024-01-29,MBMA,690.0
2024-01-30,MBMA,670.0
2024-01-31,MBMA,660.0
2024-02-01,MBMA,685.0
2024-02-02,MBMA,700.0
2024-02-05,MBMA,670.0
2024-02-06,MBMA,660.0
2024-02-07,MBMA,650.0
2024-02-12,MBMA,630.0
2024-02-13,MBMA,625.0
2024-02-15,MBMA,670.0
2024-02-16,MBMA,650.0
2024-02-19,MBMA,615.0
2024-02-20,MBMA,630.0
2024-02-21,MBMA,635.0
2024-02-22,MBMA,665.0
2024-02-23,MBMA,660.0
2024-02-26,MBMA,625.0
2024-02-27,MBMA,640.0
2024-02-28,MBMA,625.0
2024-02-29,MBMA,610.0
2024-03-01,MBMA,590.0
2024-03-04,MBMA,565.0
2024-03-05,MBMA,545.0
2024-03-06,MBMA,545.0
2024-03-07,MBMA,565.0
2024-03-08,MBMA,535.0
2024-03-13,MBMA,545.0
2024-03-14,MBMA,530.0
2024-03-15,MBMA,510.0
2024-03-18,MBMA,510.0
2024-03-19,MBMA,492.0
2024-03-20,MBMA,480.0
2024-03-21,MBMA,482.0
2024-03-22,MBMA,488.0
2024-03-25,MBMA,488.0
2024-03-26,MBMA,488.0
2024-03-27,MBMA,490.0
2024-03-28,MBMA,492.0
2024-04-01,MBMA,486.0
2024-04-02,MBMA,484.0
2024-04-03,MBMA,490.0
2024-04-04,MBMA,555.0
2024-04-05,MBMA,580.0
2024-04-16,MBMA,595.0
2024-04-17,MBMA,540.0
2024-04-18,MBMA,565.0
2024-04-19,MBMA,575.0
2024-04-22,MBMA,580.0
2024-04-23,MBMA,580.0
2024-04-24,MBMA,565.0
2024-04-25,MBMA,555.0
2024-04-26,MBMA,550.0
2024-04-29,MBMA,560.0
2024-04-30,MBMA,550.0
2024-05-02,MBMA,525.0
2024-05-03,MBMA,525.0
2024-05-06,MBMA,525.0
2024-05-07,MBMA,555.0
2024-05-08,MBMA,580.0
2024-05-13,MBMA,560.0
2024-05-14,MBMA,550.0
2024-05-15,MBMA,550.0
2024-05-16,MBMA,555.0
2024-05-17,MBMA,605.0
2024-05-20,MBMA,645.0
2024-05-21,MBMA,645.0
2024-05-22,MBMA,650.0
2024-05-27,MBMA,620.0
2024-05-28,MBMA,670.0
2024-05-29,MBMA,675.0
2024-05-30,MBMA,645.0
2024-05-31,MBMA,670.0
2024-06-03,MBMA,725.0
2024-06-04,MBMA,660.0
2024-06-05,MBMA,580.0
2024-06-06,MBMA,570.0
2024-06-07,MBMA,590.0
2024-06-10,MBMA,570.0
2024-06-11,MBMA,605.0
2024-06-12,MBMA,605.0
2024-06-13,MBMA,590.0
2024-06-14,MBMA,565.0
2024-06-19,MBMA,550.0
2024-06-20,MBMA,555.0
2024-06-21,MBMA,580.0
2024-06-24,MBMA,595.0
2024-06-25,MBMA,590.0
2024-06-26,MBMA,590.0
2024-06-27,MBMA,620.0
2024-06-28,MBMA,630.0
2024-07-01,MBMA,650.0
2024-07-02,MBMA,625.0
2024-07-03,MBMA,620.0
2024-07-04,MBMA,610.0
2024-07-05,MBMA,630.0
2024-07-08,MBMA,610.0
2024-07-09,MBMA,625.0
2024-07-10,MBMA,630.0
2024-07-11,MBMA,645.0
2024-07-12,MBMA,635.0
2024-07-15,MBMA,640.0
2024-07-16,MBMA,655.0
2024-07-17,MBMA,655.0
2024-07-18,MBMA,640.0
2024-07-19,MBMA,620.0
2024-07-22,MBMA,615.0
2024-07-23,MBMA,635.0
2024-07-24,MBMA,630.0
2024-07-25,MBMA,595.0
2024-07-26,MBMA,595.0
2024-07-29,MBMA,590.0
2024-07-30,MBMA,580.0
2024-07-31,MBMA,595.0
2024-08-01,MBMA,605.0
2024-08-02,MBMA,590.0
2024-08-05,MBMA,550.0
2024-08-06,MBMA,565.0
2024-08-07,MBMA,575.0
2024-08-08,MBMA,550.0
2024-08-09,MBMA,570.0
2024-08-12,MBMA,580.0
2024-08-13,MBMA,575.0
2024-08-14,MBMA,565.0
2024-08-15,MBMA,555.0
2024-08-16,MBMA,555.0
2024-08-19,MBMA,545.0
2024-08-20,MBMA,565.0
2024-08-21,MBMA,550.0
2024-08-22,MBMA,540.0
2024-08-23,MBMA,540.0
2024-08-26,MBMA,545.0
2024-08-27,MBMA,540.0
2024-08-28,MBMA,560.0
2024-08-29,MBMA,545.0
2024-08-30,MBMA,550.0
2024-09-02,MBMA,545.0
2024-09-03,MBMA,540.0
2024-09-04,MBMA,535.0
2024-09-05,MBMA,540.0
2024-09-06,MBMA,535.0
2024-09-09,MBMA,525.0
2024-09-10,MBMA,530.0
2024-09-11,MBMA,530.0
2024-09-12,MBMA,545.0
2024-09-13,MBMA,540.0
2024-09-17,MBMA,540.0
2024-09-18,MBMA,525.0
2024-09-19,MBMA,530.0
2024-09-20,MBMA,540.0
2024-09-23,MBMA,545.0
2024-09-24,MBMA,540.0
2024-09-25,MBMA,550.0
2024-09-26,MBMA,575.0
2024-09-27,MBMA,585.0
2024-09-30,MBMA,585.0
2024-10-01,MBMA,590.0
2024-10-02,MBMA,575.0
2024-10-03,MBMA,580.0
2024-10-04,MBMA,560.0
2024-10-07,MBMA,565.0
2024-10-08,MBMA,545.0
2024-10-09,MBMA,540.0
2024-10-10,MBMA,530.0
2024-10-11,MBMA,540.0
2024-10-14,MBMA,535.0
2024-10-15,MBMA,535.0
2024-10-16,MBMA,535.0
2024-10-17,MBMA,530.0
2024-10-18,MBMA,540.0
2024-10-21,MBMA,545.0
2024-10-22,MBMA,535.0
2024-10-23,MBMA,530.0
2024-10-24,MBMA,530.0
2024-10-25,MBMA,525.0
2024-10-28,MBMA,530.0
2024-10-29,MBMA,525.0
2024-10-30,MBMA,520.0
2024-10-31,MBMA,550.0
2024-11-01,MBMA,540.0
2024-11-04,MBMA,530.0
2024-11-05,MBMA,525.0
2024-11-06,MBMA,525.0
2024-11-07,MBMA,505.0
2024-11-08,MBMA,515.0
2024-11-11,MBMA,500.0
2024-11-12,MBMA,492.0
2024-11-13,MBMA,540.0
2024-11-14,MBMA,530.0
2024-11-15,MBMA,525.0
2024-11-18,MBMA,500.0
2024-11-19,MBMA,505.0
2024-11-20,MBMA,500.0
2024-11-21,MBMA,510.0
2024-11-22,MBMA,550.0
2024-11-25,MBMA,520.0
2024-11-26,MBMA,525.0
2024-11-28,MBMA,510.0
2024-11-29,MBMA,500.0
2024-12-02,MBMA,505.0
2024-12-03,MBMA,515.0
2024-12-04,MBMA,530.0
2024-12-05,MBMA,520.0
2024-12-06,MBMA,510.0
2024-12-09,MBMA,515.0
2024-12-10,MBMA,535.0
2024-12-11,MBMA,520.0
2024-12-12,MBMA,520.0
2024-12-13,MBMA,505.0
2024-12-16,MBMA,496.0
2024-12-17,MBMA,488.0
2024-12-18,MBMA,480.0
2024-12-19,MBMA,452.0
2024-12-20,MBMA,462.0
2024-12-23,MBMA,468.0
2024-12-24,MBMA,454.0
2024-12-27,MBMA,454.0
2024-12-30,MBMA,458.0
2025-01-02,MBMA,458.0
2025-01-03,MBMA,458.0
2025-01-06,MBMA,442.0
2025-01-07,MBMA,440.0
2025-01-08,MBMA,412.0
2025-01-09,MBMA,412.0
2025-01-10,MBMA,420.0
2025-01-13,MBMA,416.0
2025-01-14,MBMA,440.0
2025-01-15,MBMA,436.0
2025-01-16,MBMA,422.0
2025-01-17,MBMA,418.0
2025-01-20,MBMA,426.0
2025-01-21,MBMA,422.0
2025-01-22,MBMA,416.0
2025-01-23,MBMA,416.0
2025-01-24,MBMA,410.0
2025-01-30,MBMA,390.0
2025-01-31,MBMA,382.0
2025-02-03,MBMA,376.0
2025-02-04,MBMA,386.0
2025-02-05,MBMA,380.0
2025-02-06,MBMA,370.0
2025-02-07,MBMA,376.0
2025-02-10,MBMA,374.0
2025-02-11,MBMA,386.0
2025-02-12,MBMA,390.0
2025-02-13,MBMA,392.0
2025-02-14,MBMA,384.0
2025-02-17,MBMA,384.0
2025-02-18,MBMA,388.0
2025-02-19,MBMA,374.0
2025-02-20,MBMA,378.0
2025-02-21,MBMA,378.0
2025-02-24,MBMA,372.0
2025-02-25,MBMA,354.0
2025-02-26,MBMA,354.0
2025-02-27,MBMA,338.0
2025-02-28,MBMA,328.0
2025-03-03,MBMA,328.0
2025-03-04,MBMA,308.0
2025-03-05,MBMA,286.0
2025-03-06,MBMA,306.0
2025-03-07,MBMA,310.0
2025-03-10,MBMA,296.0
2025-03-11,MBMA,286.0
2025-03-12,MBMA,280.0
2025-03-13,MBMA,276.0
2025-03-14,MBMA,290.0
2025-03-17,MBMA,322.0
2025-03-18,MBMA,310.0
2025-03-19,MBMA,304.0
2025-03-20,MBMA,296.0
2025-03-21,MBMA,284.0
2025-03-24,MBMA,270.0
2025-03-25,MBMA,288.0
2025-03-26,MBMA,302.0
2025-03-27,MBMA,300.0
2025-04-08,MBMA,256.0
2025-04-09,MBMA,242.0
2025-04-10,MBMA,262.0
2025-04-11,MBMA,252.0
2025-04-14,MBMA,278.0
2025-04-15,MBMA,278.0
2025-04-16,MBMA,278.0
2025-04-17,MBMA,282.0
2025-04-21,MBMA,290.0
2025-04-22,MBMA,324.0
2025-04-23,MBMA,312.0
2025-04-24,MBMA,312.0
2025-04-25,MBMA,316.0
2025-04-28,MBMA,328.0
2025-04-29,MBMA,322.0
2025-04-30,MBMA,310.0
2025-05-02,MBMA,306.0
2025-05-05,MBMA,348.0
2025-05-06,MBMA,360.0
2025-05-07,MBMA,354.0
2025-05-08,MBMA,346.0
2025-05-09,MBMA,340.0
2025-05-14,MBMA,360.0
2025-05-15,MBMA,362.0
2025-05-16,MBMA,358.0
2025-05-19,MBMA,366.0
2025-05-20,MBMA,354.0
2025-05-21,MBMA,354.0
2025-05-22,MBMA,352.0
2025-05-23,MBMA,360.0
2025-05-26,MBMA,360.0
2025-05-27,MBMA,354.0
2025-05-28,MBMA,360.0
2025-06-02,MBMA,354.0
2025-06-03,MBMA,362.0
2025-06-04,MBMA,452.0
2025-06-05,MBMA,450.0
2025-06-10,MBMA,414.0
2025-06-11,MBMA,478.0
2025-06-12,MBMA,460.0
2025-06-13,MBMA,456.0
2025-06-16,MBMA,458.0
2025-06-17,MBMA,456.0
2025-06-18,MBMA,452.0
2025-06-19,MBMA,430.0
2025-06-20,MBMA,412.0
2025-06-23,MBMA,404.0
2025-06-24,MBMA,398.0
2025-06-25,MBMA,376.0
2025-06-26,MBMA,400.0
2025-06-30,MBMA,460.0
2025-07-01,MBMA,438.0
2025-07-02,MBMA,438.0
2025-07-03,MBMA,454.0
2025-07-04,MBMA,468.0
2025-07-07,MBMA,466.0
2025-07-08,MBMA,448.0
2025-07-09,MBMA,476.0
2025-07-10,MBMA,505.0
2025-07-11,MBMA,515.0
2025-07-14,MBMA,500.0
2025-07-15,MBMA,565.0
2025-07-16,MBMA,545.0
2025-07-17,MBMA,550.0
2025-07-18,MBMA,550.0
2025-07-21,MBMA,580.0
2025-07-22,MBMA,525.0
2025-07-23,MBMA,520.0
2025-07-24,MBMA,505.0
2025-07-25,MBMA,500.0
2025-07-28,MBMA,530.0
2025-07-29,MBMA,530.0
2025-07-30,MBMA,515.0
2025-07-31,MBMA,480.0
2025-08-01,MBMA,510.0
2025-08-04,MBMA,515.0
2025-08-05,MBMA,498.0
2025-08-06,MBMA,480.0
2025-08-07,MBMA,464.0
2025-08-08,MBMA,430.0
2025-08-11,MBMA,434.0
2025-08-12,MBMA,420.0
2025-08-13,MBMA,416.0
2025-08-14,MBMA,416.0
2025-08-15,MBMA,410.0
2025-08-19,MBMA,416.0
2025-08-20,MBMA,434.0
2025-08-21,MBMA,428.0
2025-08-22,MBMA,414.0
2025-08-25,MBMA,416.0
2025-08-26,MBMA,410.0
2025-08-27,MBMA,434.0
2025-08-28,MBMA,436.0
2025-08-29,MBMA,426.0
2025-09-01,MBMA,414.0
2025-09-02,MBMA,424.0
2025-09-03,MBMA,438.0
2025-09-04,MBMA,428.0
2025-09-08,MBMA,428.0
2025-09-09,MBMA,432.0
2025-09-10,MBMA,430.0
2025-09-11,MBMA,424.0
2025-09-12,MBMA,462.0
2025-09-15,MBMA,486.0
2025-09-16,MBMA,474.0
2025-09-17,MBMA,480.0
2025-09-18,MBMA,470.0
2025-09-19,MBMA,470.0
2025-09-22,MBMA,510.0
2025-09-23,MBMA,496.0
2025-09-24,MBMA,480.0
2025-09-25,MBMA,464.0
2025-09-26,MBMA,580.0
2025-09-29,MBMA,655.0
2025-09-30,MBMA,645.0
2025-10-01,MBMA,625.0
2025-10-02,MBMA,650.0
2025-10-03,MBMA,625.0
2025-10-06,MBMA,615.0
2025-10-07,MBMA,615.0
2025-10-08,MBMA,615.0
2025-10-09,MBMA,620.0
2025-10-10,MBMA,630.0
2025-10-13,MBMA,615.0
2025-10-14,MBMA,585.0
2025-10-15,MBMA,610.0
2025-10-16,MBMA,595.0
2025-10-17,MBMA,550.0
2025-10-20,MBMA,580.0
2025-10-21,MBMA,605.0
2025-10-22,MBMA,580.0
2025-10-23,MBMA,585.0
2025-10-24,MBMA,585.0
2025-10-27,MBMA,610.0
2025-10-28,MBMA,635.0
2025-10-29,MBMA,640.0
2025-10-30,MBMA,660.0
2025-10-31,MBMA,630.0
2025-11-03,MBMA,640.0
2025-11-04,MBMA,630.0
2025-11-05,MBMA,645.0
2025-11-06,MBMA,645.0
2025-11-07,MBMA,645.0
2025-11-10,MBMA,685.0
2025-11-11,MBMA,680.0
2025-11-12,MBMA,670.0
2025-11-13,MBMA,660.0
2025-11-14,MBMA,635.0
2025-11-17,MBMA,585.0
2025-11-18,MBMA,575.0
2025-11-19,MBMA,565.0
2025-11-20,MBMA,565.0
2025-11-21,MBMA,560.0
2025-11-24,MBMA,550.0
2025-11-25,MBMA,585.0
2025-11-26,MBMA,585.0
2025-11-27,MBMA,570.0
2025-11-28,MBMA,545.0
2025-12-01,MBMA,550.0
2025-12-02,MBMA,545.0
2025-12-03,MBMA,530.0
2025-12-04,MBMA,535.0
2025-12-05,MBMA,535.0
2025-12-08,MBMA,555.0
2025-12-09,MBMA,540.0
2025-12-10,MBMA,560.0
2025-12-11,MBMA,535.0
2025-12-12,MBMA,535.0
2025-12-15,MBMA,535.0
2025-12-16,MBMA,530.0
2025-12-17,MBMA,535.0
2025-12-18,MBMA,545.0
2025-12-19,MBMA,530.0
2025-12-22,MBMA,540.0
2025-12-23,MBMA,560.0
2025-12-24,MBMA,545.0
2025-12-29,MBMA,580.0
2025-12-30,MBMA,570.0
2026-01-02,MBMA,620.0
2026-01-05,MBMA,625.0
2026-01-06,MBMA,660.0
2026-01-07,MBMA,670.0
2026-01-08,MBMA,630.0
2026-01-09,MBMA,650.0
2026-01-12,MBMA,650.0
2026-01-13,MBMA,775.0
2026-01-14,MBMA,770.0
2026-01-15,MBMA,790.0
2026-01-19,MBMA,770.0
2026-01-20,MBMA,770.0
2026-01-21,MBMA,780.0
2026-01-22,MBMA,790.0
2026-01-23,MBMA,795.0
2026-01-26,MBMA,805.0
2022-12-30,BBTN,1181.931640625
2023-01-02,BBTN,1168.7989501953125
2023-01-03,BBTN,1155.6663818359375
2023-01-04,BBTN,1155.6663818359375
2023-01-05,BBTN,1146.9112548828125
2023-01-06,BBTN,1173.176513671875
2023-01-09,BBTN,1164.4212646484375
2023-01-10,BBTN,1090.00341796875
2023-01-11,BBTN,1076.870849609375
2023-01-12,BBTN,1094.381103515625
2023-01-13,BBTN,1085.6259765625
2023-01-16,BBTN,1111.89111328125
2023-01-17,BBTN,1116.2686767578125
2023-01-18,BBTN,1120.646240234375
2023-01-19,BBTN,1146.9112548828125
2023-01-20,BBTN,1151.288818359375
2023-01-24,BBTN,1173.176513671875
2023-01-25,BBTN,1212.57421875
2023-01-26,BBTN,1208.1966552734375
2023-01-27,BBTN,1225.7066650390625
2023-01-30,BBTN,1208.1966552734375
2023-01-31,BBTN,1190.6865234375
2023-02-01,BBTN,1195.0640869140625
2023-02-02,BBTN,1181.931640625
2023-02-03,BBTN,1212.57421875
2023-02-06,BBTN,1195.0640869140625
2023-02-07,BBTN,1199.441650390625
2023-02-08,BBTN,1212.57421875
2023-02-09,BBTN,1199.441650390625
2023-02-10,BBTN,1208.1966552734375
2023-02-13,BBTN,1203.819091796875
2023-02-14,BBTN,1195.0640869140625
2023-02-15,BBTN,1168.7989501953125
2023-02-16,BBTN,1181.931640625
2023-02-17,BBTN,1199.441650390625
2023-02-20,BBTN,1186.3089599609375
2023-02-21,BBTN,1173.176513671875
2023-02-22,BBTN,1168.7989501953125
2023-02-23,BBTN,1181.931640625
2023-02-24,BBTN,1173.176513671875
2023-02-27,BBTN,1168.7989501953125
2023-02-28,BBTN,1160.0439453125
2023-03-01,BBTN,1160.0439453125
2023-03-02,BBTN,1155.6663818359375
2023-03-03,BBTN,1146.9112548828125
2023-03-06,BBTN,1120.646240234375
2023-03-07,BBTN,1116.2686767578125
2023-03-08,BBTN,1107.5135498046875
2023-03-09,BBTN,1125.023681640625
2023-03-10,BBTN,1116.2686767578125
2023-03-13,BBTN,1090.00341796875
2023-03-14,BBTN,1046.228271484375
2023-03-15,BBTN,1028.7181396484375
2023-03-16,BBTN,1033.095703125
2023-03-17,BBTN,1081.24853515625
2023-03-20,BBTN,1050.605712890625
2023-03-21,BBTN,1063.73828125
2023-03-24,BBTN,1120.646240234375
2023-03-27,BBTN,1107.5135498046875
2023-03-28,BBTN,1103.1361083984375
2023-03-29,BBTN,1124.348388671875
2023-03-30,BBTN,1124.348388671875
2023-03-31,BBTN,1110.747314453125
2023-04-03,BBTN,1110.747314453125
2023-04-04,BBTN,1101.6800537109375
2023-04-05,BBTN,1115.281005859375
2023-04-06,BBTN,1119.814697265625
2023-04-10,BBTN,1124.348388671875
2023-04-11,BBTN,1119.814697265625
2023-04-12,BBTN,1137.9493408203125
2023-04-13,BBTN,1151.5504150390625
2023-04-14,BBTN,1147.0167236328125
2023-04-17,BBTN,1137.9493408203125
2023-04-18,BBTN,1133.4156494140625
2023-04-26,BBTN,1142.4830322265625
2023-04-27,BBTN,1133.4156494140625
2023-04-28,BBTN,1128.8819580078125
2023-05-02,BBTN,1133.4156494140625
2023-05-03,BBTN,1110.747314453125
2023-05-04,BBTN,1115.281005859375
2023-05-05,BBTN,1106.2137451171875
2023-05-08,BBTN,1101.6800537109375
2023-05-09,BBTN,1174.21875
2023-05-10,BBTN,1165.1513671875
2023-05-11,BBTN,1169.68505859375
2023-05-12,BBTN,1201.420654296875
2023-05-15,BBTN,1210.488037109375
2023-05-16,BBTN,1174.21875
2023-05-17,BBTN,1169.68505859375
2023-05-19,BBTN,1196.886962890625
2023-05-22,BBTN,1187.8197021484375
2023-05-23,BBTN,1160.6177978515625
2023-05-24,BBTN,1160.6177978515625
2023-05-25,BBTN,1142.4830322265625
2023-05-26,BBTN,1110.747314453125
2023-05-29,BBTN,1115.281005859375
2023-05-30,BBTN,1128.8819580078125
2023-05-31,BBTN,1160.6177978515625
2023-06-05,BBTN,1156.0841064453125
2023-06-06,BBTN,1192.3533935546875
2023-06-07,BBTN,1192.3533935546875
2023-06-08,BBTN,1183.2860107421875
2023-06-09,BBTN,1178.7523193359375
2023-06-12,BBTN,1187.8197021484375
2023-06-13,BBTN,1151.5504150390625
2023-06-14,BBTN,1142.4830322265625
2023-06-15,BBTN,1160.6177978515625
2023-06-16,BBTN,1160.6177978515625
2023-06-19,BBTN,1178.7523193359375
2023-06-20,BBTN,1178.7523193359375
2023-06-21,BBTN,1215.0216064453125
2023-06-22,BBTN,1205.954345703125
2023-06-23,BBTN,1205.954345703125
2023-06-26,BBTN,1192.3533935546875
2023-06-27,BBTN,1196.886962890625
2023-07-03,BBTN,1192.3533935546875
2023-07-04,BBTN,1192.3533935546875
2023-07-05,BBTN,1183.2860107421875
2023-07-06,BBTN,1196.886962890625
2023-07-07,BBTN,1187.8197021484375
2023-07-10,BBTN,1187.8197021484375
2023-07-11,BBTN,1201.420654296875
2023-07-12,BBTN,1183.2860107421875
2023-07-13,BBTN,1196.886962890625
2023-07-14,BBTN,1196.886962890625
2023-07-17,BBTN,1237.68994140625
2023-07-18,BBTN,1242.2236328125
2023-07-20,BBTN,1242.2236328125
2023-07-21,BBTN,1233.15625
2023-07-24,BBTN,1201.420654296875
2023-07-25,BBTN,1187.8197021484375
2023-07-26,BBTN,1192.3533935546875
2023-07-27,BBTN,1187.8197021484375
2023-07-28,BBTN,1178.7523193359375
2023-07-31,BBTN,1192.3533935546875
2023-08-01,BBTN,1178.7523193359375
2023-08-02,BBTN,1169.68505859375
2023-08-03,BBTN,1174.21875
2023-08-04,BBTN,1169.68505859375
2023-08-07,BBTN,1187.8197021484375
2023-08-08,BBTN,1183.2860107421875
2023-08-09,BBTN,1183.2860107421875
2023-08-10,BBTN,1174.21875
2023-08-11,BBTN,1174.21875
2023-08-14,BBTN,1178.7523193359375
2023-08-15,BBTN,1178.7523193359375
2023-08-16,BBTN,1178.7523193359375
2023-08-18,BBTN,1174.21875
2023-08-21,BBTN,1160.6177978515625
2023-08-22,BBTN,1151.5504150390625
2023-08-23,BBTN,1151.5504150390625
2023-08-24,BBTN,1156.0841064453125
2023-08-25,BBTN,1147.0167236328125
2023-08-28,BBTN,1156.0841064453125
2023-08-29,BBTN,1151.5504150390625
2023-08-30,BBTN,1151.5504150390625
2023-08-31,BBTN,1137.9493408203125
2023-09-01,BBTN,1133.4156494140625
2023-09-04,BBTN,1137.9493408203125
2023-09-05,BBTN,1133.4156494140625
2023-09-06,BBTN,1128.8819580078125
2023-09-07,BBTN,1124.348388671875
2023-09-08,BBTN,1133.4156494140625
2023-09-11,BBTN,1128.8819580078125
2023-09-12,BBTN,1124.348388671875
2023-09-13,BBTN,1124.348388671875
2023-09-14,BBTN,1115.281005859375
2023-09-15,BBTN,1106.2137451171875
2023-09-18,BBTN,1106.2137451171875
2023-09-19,BBTN,1119.814697265625
2023-09-20,BBTN,1119.814697265625
2023-09-21,BBTN,1115.281005859375
2023-09-22,BBTN,1115.281005859375
2023-09-25,BBTN,1115.281005859375
2023-09-26,BBTN,1110.747314453125
2023-09-27,BBTN,1110.747314453125
2023-09-29,BBTN,1106.2137451171875
2023-10-02,BBTN,1124.348388671875
2023-10-03,BBTN,1142.4830322265625
2023-10-04,BBTN,1133.4156494140625
2023-10-05,BBTN,1128.8819580078125
2023-10-06,BBTN,1137.9493408203125
2023-10-09,BBTN,1137.9493408203125
2023-10-10,BBTN,1133.4156494140625
2023-10-11,BBTN,1124.348388671875
2023-10-12,BBTN,1128.8819580078125
2023-10-13,BBTN,1128.8819580078125
2023-10-16,BBTN,1119.814697265625
2023-10-17,BBTN,1119.814697265625
2023-10-18,BBTN,1110.747314453125
2023-10-19,BBTN,1097.1463623046875
2023-10-20,BBTN,1097.1463623046875
2023-10-23,BBTN,1079.01171875
2023-10-24,BBTN,1110.747314453125
2023-10-25,BBTN,1106.2137451171875
2023-10-26,BBTN,1083.54541015625
2023-10-27,BBTN,1092.6126708984375
2023-10-30,BBTN,1101.6800537109375
2023-10-31,BBTN,1110.747314453125
2023-11-01,BBTN,1083.54541015625
2023-11-02,BBTN,1092.6126708984375
2023-11-03,BBTN,1088.0791015625
2023-11-06,BBTN,1101.6800537109375
2023-11-07,BBTN,1097.1463623046875
2023-11-08,BBTN,1097.1463623046875
2023-11-09,BBTN,1097.1463623046875
2023-11-10,BBTN,1101.6800537109375
2023-11-13,BBTN,1097.1463623046875
2023-11-14,BBTN,1092.6126708984375
2023-11-15,BBTN,1128.8819580078125
2023-11-16,BBTN,1128.8819580078125
2023-11-17,BBTN,1169.68505859375
2023-11-20,BBTN,1165.1513671875
2023-11-21,BBTN,1142.4830322265625
2023-11-22,BBTN,1142.4830322265625
2023-11-23,BBTN,1151.5504150390625
2023-11-24,BBTN,1147.0167236328125
2023-11-27,BBTN,1169.68505859375
2023-11-28,BBTN,1174.21875
2023-11-29,BBTN,1160.6177978515625
2023-11-30,BBTN,1174.21875
2023-12-01,BBTN,1151.5504150390625
2023-12-04,BBTN,1169.68505859375
2023-12-05,BBTN,1165.1513671875
2023-12-06,BBTN,1147.0167236328125
2023-12-07,BBTN,1110.747314453125
2023-12-08,BBTN,1106.2137451171875
2023-12-11,BBTN,1097.1463623046875
2023-12-12,BBTN,1092.6126708984375
2023-12-13,BBTN,1083.54541015625
2023-12-14,BBTN,1110.747314453125
2023-12-15,BBTN,1115.281005859375
2023-12-18,BBTN,1106.2137451171875
2023-12-19,BBTN,1115.281005859375
2023-12-20,BBTN,1106.2137451171875
2023-12-21,BBTN,1101.6800537109375
2023-12-22,BBTN,1092.6126708984375
2023-12-27,BBTN,1097.1463623046875
2023-12-28,BBTN,1128.8819580078125
2023-12-29,BBTN,1133.4156494140625
2024-01-02,BBTN,1147.0167236328125
2024-01-03,BBTN,1137.9493408203125
2024-01-04,BBTN,1174.21875
2024-01-05,BBTN,1174.21875
2024-01-08,BBTN,1165.1513671875
2024-01-09,BBTN,1205.954345703125
2024-01-10,BBTN,1210.488037109375
2024-01-11,BBTN,1233.15625
2024-01-12,BBTN,1224.0889892578125
2024-01-15,BBTN,1228.6226806640625
2024-01-16,BBTN,1201.420654296875
2024-01-17,BBTN,1210.488037109375
2024-01-18,BBTN,1210.488037109375
2024-01-19,BBTN,1228.6226806640625
2024-01-22,BBTN,1246.75732421875
2024-01-23,BBTN,1205.954345703125
2024-01-24,BBTN,1169.68505859375
2024-01-25,BBTN,1169.68505859375
2024-01-26,BBTN,1165.1513671875
2024-01-29,BBTN,1187.8197021484375
2024-01-30,BBTN,1174.21875
2024-01-31,BBTN,1183.2860107421875
2024-02-01,BBTN,1174.21875
2024-02-02,BBTN,1160.6177978515625
2024-02-05,BBTN,1151.5504150390625
2024-02-06,BBTN,1142.4830322265625
2024-02-07,BBTN,1137.9493408203125
2024-02-12,BBTN,1233.15625
2024-02-13,BBTN,1219.5552978515625
2024-02-15,BBTN,1255.8245849609375
2024-02-16,BBTN,1237.68994140625
2024-02-19,BBTN,1224.0889892578125
2024-02-20,BBTN,1323.82958984375
2024-02-21,BBTN,1337.4305419921875
2024-02-22,BBTN,1346.4979248046875
2024-02-23,BBTN,1323.82958984375
2024-02-26,BBTN,1323.82958984375
2024-02-27,BBTN,1314.76220703125
2024-02-28,BBTN,1319.2958984375
2024-02-29,BBTN,1296.6275634765625
2024-03-01,BBTN,1305.69482421875
2024-03-04,BBTN,1278.492919921875
2024-03-05,BBTN,1224.0889892578125
2024-03-06,BBTN,1255.8245849609375
2024-03-07,BBTN,1237.68994140625
2024-03-08,BBTN,1251.2908935546875
2024-03-13,BBTN,1251.2908935546875
2024-03-14,BBTN,1292.0938720703125
2024-03-15,BBTN,1264.8919677734375
2024-03-18,BBTN,1237.68994140625
2024-03-19,BBTN,1265.8216552734375
2024-03-20,BBTN,1284.644287109375
2024-03-21,BBTN,1341.1121826171875
2024-03-22,BBTN,1468.1649169921875
2024-03-25,BBTN,1491.6932373046875
2024-03-26,BBTN,1505.8101806640625
2024-03-27,BBTN,1501.1044921875
2024-03-28,BBTN,1463.459228515625
2024-04-01,BBTN,1402.2857666015625
2024-04-02,BBTN,1388.168701171875
2024-04-03,BBTN,1378.7574462890625
2024-04-04,BBTN,1425.81396484375
2024-04-05,BBTN,1411.697021484375
2024-04-16,BBTN,1317.5838623046875
2024-04-17,BBTN,1294.0556640625
2024-04-18,BBTN,1336.406494140625
2024-04-19,BBTN,1294.0556640625
2024-04-22,BBTN,1279.9385986328125
2024-04-23,BBTN,1289.3499755859375
2024-04-24,BBTN,1294.0556640625
2024-04-25,BBTN,1270.52734375
2024-04-26,BBTN,1214.0594482421875
2024-04-29,BBTN,1232.882080078125
2024-04-30,BBTN,1242.2933349609375
2024-05-02,BBTN,1204.648193359375
2024-05-03,BBTN,1190.5311279296875
2024-05-06,BBTN,1214.0594482421875
2024-05-07,BBTN,1195.23681640625
2024-05-08,BBTN,1152.8858642578125
2024-05-13,BBTN,1167.0029296875
2024-05-14,BBTN,1167.0029296875
2024-05-15,BBTN,1199.9425048828125
2024-05-16,BBTN,1199.9425048828125
2024-05-17,BBTN,1223.470703125
2024-05-20,BBTN,1195.23681640625
2024-05-21,BBTN,1167.0029296875
2024-05-22,BBTN,1162.2972412109375
2024-05-27,BBTN,1129.357666015625
2024-05-28,BBTN,1176.4141845703125
2024-05-29,BBTN,1185.8255615234375
2024-05-30,BBTN,1162.2972412109375
2024-05-31,BBTN,1152.8858642578125
2024-06-03,BBTN,1190.5311279296875
2024-06-04,BBTN,1190.5311279296875
2024-06-05,BBTN,1195.23681640625
2024-06-06,BBTN,1214.0594482421875
2024-06-07,BBTN,1171.70849609375
2024-06-10,BBTN,1162.2972412109375
2024-06-11,BBTN,1148.1802978515625
2024-06-12,BBTN,1152.8858642578125
2024-06-13,BBTN,1167.0029296875
2024-06-14,BBTN,1134.063232421875
2024-06-19,BBTN,1105.829345703125
2024-06-20,BBTN,1157.591552734375
2024-06-21,BBTN,1176.4141845703125
2024-06-24,BBTN,1167.0029296875
2024-06-25,BBTN,1167.0029296875
2024-06-26,BBTN,1171.70849609375
2024-06-27,BBTN,1185.8255615234375
2024-06-28,BBTN,1190.5311279296875
2024-07-01,BBTN,1199.9425048828125
2024-07-02,BBTN,1199.9425048828125
2024-07-03,BBTN,1190.5311279296875
2024-07-04,BBTN,1209.353759765625
2024-07-05,BBTN,1204.648193359375
2024-07-08,BBTN,1232.882080078125
2024-07-09,BBTN,1218.76513671875
2024-07-10,BBTN,1209.353759765625
2024-07-11,BBTN,1218.76513671875
2024-07-12,BBTN,1279.9385986328125
2024-07-15,BBTN,1279.9385986328125
2024-07-16,BBTN,1298.76123046875
2024-07-17,BBTN,1331.7008056640625
2024-07-18,BBTN,1308.172607421875
2024-07-19,BBTN,1289.3499755859375
2024-07-22,BBTN,1289.3499755859375
2024-07-23,BBTN,1279.9385986328125
2024-07-24,BBTN,1275.2330322265625
2024-07-25,BBTN,1246.9990234375
2024-07-26,BBTN,1232.882080078125
2024-07-29,BBTN,1232.882080078125
2024-07-30,BBTN,1232.882080078125
2024-07-31,BBTN,1237.5877685546875
2024-08-01,BBTN,1261.115966796875
2024-08-02,BBTN,1242.2933349609375
2024-08-05,BBTN,1171.70849609375
2024-08-06,BBTN,1199.9425048828125
2024-08-07,BBTN,1195.23681640625
2024-08-08,BBTN,1185.8255615234375
2024-08-09,BBTN,1190.5311279296875
2024-08-12,BBTN,1204.648193359375
2024-08-13,BBTN,1232.882080078125
2024-08-14,BBTN,1228.1763916015625
2024-08-15,BBTN,1223.470703125
2024-08-16,BBTN,1228.1763916015625
2024-08-19,BBTN,1237.5877685546875
2024-08-20,BBTN,1284.644287109375
2024-08-21,BBTN,1270.52734375
2024-08-22,BBTN,1242.2933349609375
2024-08-23,BBTN,1289.3499755859375
2024-08-26,BBTN,1350.5234375
2024-08-27,BBTN,1317.5838623046875
2024-08-28,BBTN,1336.406494140625
2024-08-29,BBTN,1308.172607421875
2024-08-30,BBTN,1326.9952392578125
2024-09-02,BBTN,1312.8782958984375
2024-09-03,BBTN,1303.4669189453125
2024-09-04,BBTN,1284.644287109375
2024-09-05,BBTN,1322.28955078125
2024-09-06,BBTN,1322.28955078125
2024-09-09,BBTN,1317.5838623046875
2024-09-10,BBTN,1341.1121826171875
2024-09-11,BBTN,1359.934814453125
2024-09-12,BBTN,1355.2291259765625
2024-09-13,BBTN,1345.81787109375
2024-09-17,BBTN,1359.934814453125
2024-09-18,BBTN,1397.580078125
2024-09-19,BBTN,1444.6365966796875
2024-09-20,BBTN,1439.9310302734375
2024-09-23,BBTN,1439.9310302734375
2024-09-24,BBTN,1425.81396484375
2024-09-25,BBTN,1359.934814453125
2024-09-26,BBTN,1378.7574462890625
2024-09-27,BBTN,1374.0517578125
2024-09-30,BBTN,1364.6405029296875
2024-10-01,BBTN,1378.7574462890625
2024-10-02,BBTN,1331.7008056640625
2024-10-03,BBTN,1308.172607421875
2024-10-04,BBTN,1284.644287109375
2024-10-07,BBTN,1303.4669189453125
2024-10-08,BBTN,1326.9952392578125
2024-10-09,BBTN,1308.172607421875
2024-10-10,BBTN,1308.172607421875
2024-10-11,BBTN,1364.6405029296875
2024-10-14,BBTN,1392.8743896484375
2024-10-15,BBTN,1402.2857666015625
2024-10-16,BBTN,1411.697021484375
2024-10-17,BBTN,1416.4027099609375
2024-10-18,BBTN,1411.697021484375
2024-10-21,BBTN,1402.2857666015625
2024-10-22,BBTN,1383.463134765625
2024-10-23,BBTN,1392.8743896484375
2024-10-24,BBTN,1406.9913330078125
2024-10-25,BBTN,1383.463134765625
2024-10-28,BBTN,1364.6405029296875
2024-10-29,BBTN,1341.1121826171875
2024-10-30,BBTN,1322.28955078125
2024-10-31,BBTN,1322.28955078125
2024-11-01,BBTN,1331.7008056640625
2024-11-04,BBTN,1298.76123046875
2024-11-05,BBTN,1289.3499755859375
2024-11-06,BBTN,1251.7047119140625
2024-11-07,BBTN,1261.115966796875
2024-11-08,BBTN,1246.9990234375
2024-11-11,BBTN,1218.76513671875
2024-11-12,BBTN,1223.470703125
2024-11-13,BBTN,1251.7047119140625
2024-11-14,BBTN,1228.1763916015625
2024-11-15,BBTN,1214.0594482421875
2024-11-18,BBTN,1185.8255615234375
2024-11-19,BBTN,1204.648193359375
2024-11-20,BBTN,1195.23681640625
2024-11-21,BBTN,1171.70849609375
2024-11-22,BBTN,1185.8255615234375
2024-11-25,BBTN,1214.0594482421875
2024-11-26,BBTN,1218.76513671875
2024-11-28,BBTN,1214.0594482421875
2024-11-29,BBTN,1209.353759765625
2024-12-02,BBTN,1148.1802978515625
2024-12-03,BBTN,1134.063232421875
2024-12-04,BBTN,1148.1802978515625
2024-12-05,BBTN,1138.7689208984375
2024-12-06,BBTN,1138.7689208984375
2024-12-09,BBTN,1162.2972412109375
2024-12-10,BBTN,1162.2972412109375
2024-12-11,BBTN,1176.4141845703125
2024-12-12,BBTN,1157.591552734375
2024-12-13,BBTN,1138.7689208984375
2024-12-16,BBTN,1129.357666015625
2024-12-17,BBTN,1101.1236572265625
2024-12-18,BBTN,1087.0067138671875
2024-12-19,BBTN,1044.65576171875
2024-12-20,BBTN,1058.7728271484375
2024-12-23,BBTN,1072.8897705078125
2024-12-24,BBTN,1063.4783935546875
2024-12-27,BBTN,1068.18408203125
2024-12-30,BBTN,1072.8897705078125
2025-01-02,BBTN,1119.9462890625
2025-01-03,BBTN,1115.2406005859375
2025-01-06,BBTN,1091.71240234375
2025-01-07,BBTN,1087.0067138671875
2025-01-08,BBTN,1077.595458984375
2025-01-09,BBTN,1063.4783935546875
2025-01-10,BBTN,1054.067138671875
2025-01-13,BBTN,1016.421875
2025-01-14,BBTN,988.1879272460938
2025-01-15,BBTN,1030.538818359375
2025-01-16,BBTN,1039.9501953125
2025-01-17,BBTN,1021.1275024414062
2025-01-20,BBTN,1030.538818359375
2025-01-21,BBTN,1030.538818359375
2025-01-22,BBTN,1021.1275024414062
2025-01-23,BBTN,1021.1275024414062
2025-01-24,BBTN,1002.3048706054688
2025-01-30,BBTN,959.9539794921875
2025-01-31,BBTN,983.4822387695312
2025-02-03,BBTN,950.5426635742188
2025-02-04,BBTN,945.8370361328125
2025-02-05,BBTN,936.4257202148438
2025-02-06,BBTN,912.8973999023438
2025-02-07,BBTN,908.1917724609375
2025-02-10,BBTN,889.369140625
2025-02-11,BBTN,865.8408203125
2025-02-12,BBTN,875.2521362304688
2025-02-13,BBTN,884.6634521484375
2025-02-14,BBTN,917.6030883789062
2025-02-17,BBTN,931.7200317382812
2025-02-18,BBTN,936.4257202148438
2025-02-19,BBTN,908.1917724609375
2025-02-20,BBTN,903.486083984375
2025-02-21,BBTN,879.9578247070312
2025-02-24,BBTN,865.8408203125
2025-02-25,BBTN,856.4295043945312
2025-02-26,BBTN,847.0181884765625
2025-02-27,BBTN,842.3125610351562
2025-02-28,BBTN,785.8446655273438
2025-03-03,BBTN,828.1956176757812
2025-03-04,BBTN,804.6672973632812
2025-03-05,BBTN,828.1956176757812
2025-03-06,BBTN,823.4899291992188
2025-03-07,BBTN,804.6672973632812
2025-03-10,BBTN,804.6672973632812
2025-03-11,BBTN,795.2559814453125
2025-03-12,BBTN,799.961669921875
2025-03-13,BBTN,781.1390380859375
2025-03-14,BBTN,771.7277221679688
2025-03-17,BBTN,781.1390380859375
2025-03-18,BBTN,776.433349609375
2025-03-19,BBTN,781.1390380859375
2025-03-20,BBTN,767.0220336914062
2025-03-21,BBTN,724.671142578125
2025-03-24,BBTN,738.7880859375
2025-03-25,BBTN,771.7277221679688
2025-03-26,BBTN,842.3125610351562
2025-03-27,BBTN,832.9012451171875
2025-04-08,BBTN,762.31640625
2025-04-09,BBTN,776.433349609375
2025-04-10,BBTN,828.1956176757812
2025-04-11,BBTN,828.1956176757812
2025-04-14,BBTN,856.4295043945312
2025-04-15,BBTN,885.0
2025-04-16,BBTN,965.0
2025-04-17,BBTN,945.0
2025-04-21,BBTN,920.0
2025-04-22,BBTN,965.0
2025-04-23,BBTN,1010.0
2025-04-24,BBTN,1015.0
2025-04-25,BBTN,1035.0
2025-04-28,BBTN,1100.0
2025-04-29,BBTN,1085.0
2025-04-30,BBTN,1055.0
2025-05-02,BBTN,1050.0
2025-05-05,BBTN,1055.0
2025-05-06,BBTN,1055.0
2025-05-07,BBTN,1055.0
2025-05-08,BBTN,1160.0
2025-05-09,BBTN,1150.0
2025-05-14,BBTN,1220.0
2025-05-15,BBTN,1240.0
2025-05-16,BBTN,1250.0
2025-05-19,BBTN,1240.0
2025-05-20,BBTN,1230.0
2025-05-21,BBTN,1275.0
2025-05-22,BBTN,1275.0
2025-05-23,BBTN,1270.0
2025-05-26,BBTN,1265.0
2025-05-27,BBTN,1275.0
2025-05-28,BBTN,1255.0
2025-06-02,BBTN,1200.0
2025-06-03,BBTN,1200.0
2025-06-04,BBTN,1190.0
2025-06-05,BBTN,1145.0
2025-06-10,BBTN,1190.0
2025-06-11,BBTN,1180.0
2025-06-12,BBTN,1180.0
2025-06-13,BBTN,1160.0
2025-06-16,BBTN,1150.0
2025-06-17,BBTN,1200.0
2025-06-18,BBTN,1175.0
2025-06-19,BBTN,1145.0
2025-06-20,BBTN,1110.0
2025-06-23,BBTN,1085.0
2025-06-24,BBTN,1115.0
2025-06-25,BBTN,1100.0
2025-06-26,BBTN,1150.0
2025-06-30,BBTN,1115.0
2025-07-01,BBTN,1095.0
2025-07-02,BBTN,1090.0
2025-07-03,BBTN,1080.0
2025-07-04,BBTN,1085.0
2025-07-07,BBTN,1085.0
2025-07-08,BBTN,1080.0
2025-07-09,BBTN,1100.0
2025-07-10,BBTN,1155.0
2025-07-11,BBTN,1195.0
2025-07-14,BBTN,1185.0
2025-07-15,BBTN,1210.0
2025-07-16,BBTN,1240.0
2025-07-17,BBTN,1220.0
2025-07-18,BBTN,1205.0
2025-07-21,BBTN,1175.0
2025-07-22,BBTN,1175.0
2025-07-23,BBTN,1190.0
2025-07-24,BBTN,1215.0
2025-07-25,BBTN,1195.0
2025-07-28,BBTN,1185.0
2025-07-29,BBTN,1175.0
2025-07-30,BBTN,1150.0
2025-07-31,BBTN,1115.0
2025-08-01,BBTN,1115.0
2025-08-04,BBTN,1095.0
2025-08-05,BBTN,1115.0
2025-08-06,BBTN,1130.0
2025-08-07,BBTN,1115.0
2025-08-08,BBTN,1115.0
2025-08-11,BBTN,1205.0
2025-08-12,BBTN,1260.0
2025-08-13,BBTN,1335.0
2025-08-14,BBTN,1350.0
2025-08-15,BBTN,1280.0
2025-08-19,BBTN,1255.0
2025-08-20,BBTN,1320.0
2025-08-21,BBTN,1280.0
2025-08-22,BBTN,1270.0
2025-08-25,BBTN,1300.0
2025-08-26,BBTN,1260.0
2025-08-27,BBTN,1240.0
2025-08-28,BBTN,1305.0
2025-08-29,BBTN,1300.0
2025-09-01,BBTN,1280.0
2025-09-02,BBTN,1275.0
2025-09-03,BBTN,1270.0
2025-09-04,BBTN,1280.0
2025-09-08,BBTN,1155.0
2025-09-09,BBTN,1220.0
2025-09-10,BBTN,1275.0
2025-09-11,BBTN,1355.0
2025-09-12,BBTN,1410.0
2025-09-15,BBTN,1390.0
2025-09-16,BBTN,1345.0
2025-09-17,BBTN,1390.0
2025-09-18,BBTN,1325.0
2025-09-19,BBTN,1335.0
2025-09-22,BBTN,1305.0
2025-09-23,BBTN,1305.0
2025-09-24,BBTN,1275.0
2025-09-25,BBTN,1275.0
2025-09-26,BBTN,1300.0
2025-09-29,BBTN,1290.0
2025-09-30,BBTN,1285.0
2025-10-01,BBTN,1265.0
2025-10-02,BBTN,1265.0
2025-10-03,BBTN,1215.0
2025-10-06,BBTN,1195.0
2025-10-07,BBTN,1200.0
2025-10-08,BBTN,1180.0
2025-10-09,BBTN,1235.0
2025-10-10,BBTN,1185.0
2025-10-13,BBTN,1140.0
2025-10-14,BBTN,1130.0
2025-10-15,BBTN,1140.0
2025-10-16,BBTN,1150.0
2025-10-17,BBTN,1140.0
2025-10-20,BBTN,1235.0
2025-10-21,BBTN,1225.0
2025-10-22,BBTN,1170.0
2025-10-23,BBTN,1195.0
2025-10-24,BBTN,1205.0
2025-10-27,BBTN,1205.0
2025-10-28,BBTN,1195.0
2025-10-29,BBTN,1235.0
2025-10-30,BBTN,1235.0
2025-10-31,BBTN,1225.0
2025-11-03,BBTN,1215.0
2025-11-04,BBTN,1215.0
2025-11-05,BBTN,1220.0
2025-11-06,BBTN,1225.0
2025-11-07,BBTN,1230.0
2025-11-10,BBTN,1220.0
2025-11-11,BBTN,1200.0
2025-11-12,BBTN,1210.0
2025-11-13,BBTN,1200.0
2025-11-14,BBTN,1195.0
2025-11-17,BBTN,1210.0
2025-11-18,BBTN,1210.0
2025-11-19,BBTN,1200.0
2025-11-20,BBTN,1200.0
2025-11-21,BBTN,1185.0
2025-11-24,BBTN,1210.0
2025-11-25,BBTN,1200.0
2025-11-26,BBTN,1195.0
2025-11-27,BBTN,1190.0
2025-11-28,BBTN,1195.0
2025-12-01,BBTN,1185.0
2025-12-02,BBTN,1180.0
2025-12-03,BBTN,1180.0
2025-12-04,BBTN,1175.0
2025-12-05,BBTN,1165.0
2025-12-08,BBTN,1150.0
2025-12-09,BBTN,1130.0
2025-12-10,BBTN,1100.0
2025-12-11,BBTN,1095.0
2025-12-12,BBTN,1090.0
2025-12-15,BBTN,1170.0
2025-12-16,BBTN,1145.0
2025-12-17,BBTN,1160.0
2025-12-18,BBTN,1185.0
2025-12-19,BBTN,1170.0
2025-12-22,BBTN,1155.0
2025-12-23,BBTN,1155.0
2025-12-24,BBTN,1160.0
2025-12-29,BBTN,1150.0
2025-12-30,BBTN,1175.0
2026-01-02,BBTN,1160.0
2026-01-05,BBTN,1160.0
2026-01-06,BBTN,1170.0
2026-01-07,BBTN,1165.0
2026-01-08,BBTN,1160.0
2026-01-09,BBTN,1160.0
2026-01-12,BBTN,1160.0
2026-01-13,BBTN,1165.0
2026-01-14,BBTN,1200.0
2026-01-15,BBTN,1220.0
2026-01-19,BBTN,1220.0
2026-01-20,BBTN,1220.0
2026-01-21,BBTN,1215.0
2026-01-22,BBTN,1230.0
2026-01-23,BBTN,1230.0
2026-01-26,BBTN,1230.0
2022-12-30,EXCL,1864.4544677734375
2023-01-02,EXCL,1890.5916748046875
2023-01-03,EXCL,2047.4149169921875
2023-01-04,EXCL,2038.702880859375
2023-01-05,EXCL,1995.1405029296875
2023-01-06,EXCL,1969.003173828125
2023-01-09,EXCL,1995.1405029296875
2023-01-10,EXCL,2003.853271484375
2023-01-11,EXCL,2021.2779541015625
2023-01-12,EXCL,1995.1405029296875
2023-01-13,EXCL,1977.7158203125
2023-01-16,EXCL,1995.1405029296875
2023-01-17,EXCL,2003.853271484375
2023-01-18,EXCL,2047.4149169921875
2023-01-19,EXCL,2099.689697265625
2023-01-20,EXCL,2056.12744140625
2023-01-24,EXCL,2056.12744140625
2023-01-25,EXCL,2029.990234375
2023-01-26,EXCL,2003.853271484375
2023-01-27,EXCL,1995.1405029296875
2023-01-30,EXCL,1951.5784912109375
2023-01-31,EXCL,2003.853271484375
2023-02-01,EXCL,1986.4283447265625
2023-02-02,EXCL,1942.8662109375
2023-02-03,EXCL,1951.5784912109375
2023-02-06,EXCL,2003.853271484375
2023-02-07,EXCL,2012.5653076171875
2023-02-08,EXCL,1986.4283447265625
2023-02-09,EXCL,1951.5784912109375
2023-02-10,EXCL,1960.2911376953125
2023-02-13,EXCL,2003.853271484375
2023-02-14,EXCL,1977.7158203125
2023-02-15,EXCL,1969.003173828125
2023-02-16,EXCL,1986.4283447265625
2023-02-17,EXCL,1960.2911376953125
2023-02-20,EXCL,2038.702880859375
2023-02-21,EXCL,2047.4149169921875
2023-02-22,EXCL,1986.4283447265625
2023-02-23,EXCL,1977.7158203125
2023-02-24,EXCL,1986.4283447265625
2023-02-27,EXCL,1890.5916748046875
2023-02-28,EXCL,1820.892578125
2023-03-01,EXCL,1794.75537109375
2023-03-02,EXCL,1812.18017578125
2023-03-03,EXCL,1820.892578125
2023-03-06,EXCL,1794.75537109375
2023-03-07,EXCL,1812.18017578125
2023-03-08,EXCL,1794.75537109375
2023-03-09,EXCL,1803.4677734375
2023-03-10,EXCL,1803.4677734375
2023-03-13,EXCL,1803.4677734375
2023-03-14,EXCL,1759.9056396484375
2023-03-15,EXCL,1655.3568115234375
2023-03-16,EXCL,1629.2197265625
2023-03-17,EXCL,1698.9189453125
2023-03-20,EXCL,1655.3568115234375
2023-03-21,EXCL,1786.0428466796875
2023-03-24,EXCL,1742.48095703125
2023-03-27,EXCL,1733.7685546875
2023-03-28,EXCL,1786.0428466796875
2023-03-29,EXCL,1777.33056640625
2023-03-30,EXCL,1759.9056396484375
2023-03-31,EXCL,1725.05615234375
2023-04-03,EXCL,1751.1932373046875
2023-04-04,EXCL,1729.4122314453125
2023-04-05,EXCL,1729.4122314453125
2023-04-06,EXCL,1707.63134765625
2023-04-10,EXCL,1633.575927734375
2023-04-11,EXCL,1585.6575927734375
2023-04-12,EXCL,1598.726318359375
2023-04-13,EXCL,1568.2327880859375
2023-04-14,EXCL,1572.5889892578125
2023-04-17,EXCL,1555.1641845703125
2023-04-18,EXCL,1563.8765869140625
2023-04-26,EXCL,1537.739501953125
2023-04-27,EXCL,1533.3831787109375
2023-04-28,EXCL,1524.670654296875
2023-05-02,EXCL,1507.2459716796875
2023-05-03,EXCL,1585.6575927734375
2023-05-04,EXCL,1594.3701171875
2023-05-05,EXCL,1581.3013916015625
2023-05-08,EXCL,1576.9453125
2023-05-09,EXCL,1659.713134765625
2023-05-10,EXCL,1655.3568115234375
2023-05-11,EXCL,1703.2750244140625
2023-05-12,EXCL,1711.987548828125
2023-05-15,EXCL,1690.20654296875
2023-05-16,EXCL,1705.34521484375
2023-05-17,EXCL,1745.418701171875
2023-05-19,EXCL,1789.9447021484375
2023-05-22,EXCL,1789.9447021484375
2023-05-23,EXCL,1727.6082763671875
2023-05-24,EXCL,1732.0609130859375
2023-05-25,EXCL,1749.871337890625
2023-05-26,EXCL,1727.6082763671875
2023-05-29,EXCL,1732.0609130859375
2023-05-30,EXCL,1754.323974609375
2023-05-31,EXCL,1767.681640625
2023-06-05,EXCL,1767.681640625
2023-06-06,EXCL,1754.323974609375
2023-06-07,EXCL,1825.5654296875
2023-06-08,EXCL,1887.90185546875
2023-06-09,EXCL,1825.5654296875
2023-06-12,EXCL,1816.6602783203125
2023-06-13,EXCL,1825.5654296875
2023-06-14,EXCL,1789.9447021484375
2023-06-15,EXCL,1798.849853515625
2023-06-16,EXCL,1798.849853515625
2023-06-19,EXCL,1754.323974609375
2023-06-20,EXCL,1749.871337890625
2023-06-21,EXCL,1740.966064453125
2023-06-22,EXCL,1718.703125
2023-06-23,EXCL,1718.703125
2023-06-26,EXCL,1763.2291259765625
2023-06-27,EXCL,1740.966064453125
2023-07-03,EXCL,1745.418701171875
2023-07-04,EXCL,1758.7763671875
2023-07-05,EXCL,1781.03955078125
2023-07-06,EXCL,1816.6602783203125
2023-07-07,EXCL,1834.470703125
2023-07-10,EXCL,1807.755126953125
2023-07-11,EXCL,1816.6602783203125
2023-07-12,EXCL,1825.5654296875
2023-07-13,EXCL,1789.9447021484375
2023-07-14,EXCL,1807.755126953125
2023-07-17,EXCL,1807.755126953125
2023-07-18,EXCL,1781.03955078125
2023-07-20,EXCL,1843.375732421875
2023-07-21,EXCL,1834.470703125
2023-07-24,EXCL,1825.5654296875
2023-07-25,EXCL,1816.6602783203125
2023-07-26,EXCL,1843.375732421875
2023-07-27,EXCL,1843.375732421875
2023-07-28,EXCL,2003.66943359375
2023-07-31,EXCL,2021.47998046875
2023-08-01,EXCL,2030.3848876953125
2023-08-02,EXCL,2039.2901611328125
2023-08-03,EXCL,2021.47998046875
2023-08-04,EXCL,2021.47998046875
2023-08-07,EXCL,2021.47998046875
2023-08-08,EXCL,2074.9111328125
2023-08-09,EXCL,2074.9111328125
2023-08-10,EXCL,2074.9111328125
2023-08-11,EXCL,2030.3848876953125
2023-08-14,EXCL,1994.7640380859375
2023-08-15,EXCL,2030.3848876953125
2023-08-16,EXCL,2092.721435546875
2023-08-18,EXCL,2155.057861328125
2023-08-21,EXCL,2137.247314453125
2023-08-22,EXCL,2128.34228515625
2023-08-23,EXCL,2137.247314453125
2023-08-24,EXCL,2119.436767578125
2023-08-25,EXCL,2119.436767578125
2023-08-28,EXCL,2190.6787109375
2023-08-29,EXCL,2217.394287109375
2023-08-30,EXCL,2279.730712890625
2023-08-31,EXCL,2226.29931640625
2023-09-01,EXCL,2172.8681640625
2023-09-04,EXCL,2181.7734375
2023-09-05,EXCL,2217.394287109375
2023-09-06,EXCL,2208.489013671875
2023-09-07,EXCL,2030.3848876953125
2023-09-08,EXCL,2083.816162109375
2023-09-11,EXCL,2128.34228515625
2023-09-12,EXCL,2092.721435546875
2023-09-13,EXCL,2119.436767578125
2023-09-14,EXCL,2128.34228515625
2023-09-15,EXCL,2092.721435546875
2023-09-18,EXCL,2074.9111328125
2023-09-19,EXCL,2048.1953125
2023-09-20,EXCL,2083.816162109375
2023-09-21,EXCL,2092.721435546875
2023-09-22,EXCL,2163.962890625
2023-09-25,EXCL,2119.436767578125
2023-09-26,EXCL,2083.816162109375
2023-09-27,EXCL,2101.62646484375
2023-09-29,EXCL,2119.436767578125
2023-10-02,EXCL,2146.15283203125
2023-10-03,EXCL,2172.8681640625
2023-10-04,EXCL,2110.531982421875
2023-10-05,EXCL,2110.531982421875
2023-10-06,EXCL,2101.62646484375
2023-10-09,EXCL,2101.62646484375
2023-10-10,EXCL,2110.531982421875
2023-10-11,EXCL,2119.436767578125
2023-10-12,EXCL,2119.436767578125
2023-10-13,EXCL,2119.436767578125
2023-10-16,EXCL,2119.436767578125
2023-10-17,EXCL,2119.436767578125
2023-10-18,EXCL,2048.1953125
2023-10-19,EXCL,1994.7640380859375
2023-10-20,EXCL,1959.1434326171875
2023-10-23,EXCL,1941.3331298828125
2023-10-24,EXCL,1950.2381591796875
2023-10-25,EXCL,1896.80712890625
2023-10-26,EXCL,1861.1861572265625
2023-10-27,EXCL,1887.90185546875
2023-10-30,EXCL,1825.5654296875
2023-10-31,EXCL,2021.47998046875
2023-11-01,EXCL,1834.470703125
2023-11-02,EXCL,1807.755126953125
2023-11-03,EXCL,1825.5654296875
2023-11-06,EXCL,1878.9967041015625
2023-11-07,EXCL,1878.9967041015625
2023-11-08,EXCL,1923.5225830078125
2023-11-09,EXCL,1932.427734375
2023-11-10,EXCL,1976.953857421875
2023-11-13,EXCL,1959.1434326171875
2023-11-14,EXCL,1923.5225830078125
2023-11-15,EXCL,1914.6175537109375
2023-11-16,EXCL,1870.0914306640625
2023-11-17,EXCL,1852.281005859375
2023-11-20,EXCL,1861.1861572265625
2023-11-21,EXCL,1843.375732421875
2023-11-22,EXCL,1843.375732421875
2023-11-23,EXCL,1861.1861572265625
2023-11-24,EXCL,1852.281005859375
2023-11-27,EXCL,1870.0914306640625
2023-11-28,EXCL,1914.6175537109375
2023-11-29,EXCL,1923.5225830078125
2023-11-30,EXCL,1887.90185546875
2023-12-01,EXCL,1852.281005859375
2023-12-04,EXCL,1843.375732421875
2023-12-05,EXCL,1825.5654296875
2023-12-06,EXCL,1905.712158203125
2023-12-07,EXCL,1843.375732421875
2023-12-08,EXCL,1816.6602783203125
2023-12-11,EXCL,1732.0609130859375
2023-12-12,EXCL,1718.703125
2023-12-13,EXCL,1714.25048828125
2023-12-14,EXCL,1732.0609130859375
2023-12-15,EXCL,1718.703125
2023-12-18,EXCL,1687.534912109375
2023-12-19,EXCL,1732.0609130859375
2023-12-20,EXCL,1758.7763671875
2023-12-21,EXCL,1763.2291259765625
2023-12-22,EXCL,1789.9447021484375
2023-12-27,EXCL,1754.323974609375
2023-12-28,EXCL,1754.323974609375
2023-12-29,EXCL,1781.03955078125
2024-01-02,EXCL,1781.03955078125
2024-01-03,EXCL,1825.5654296875
2024-01-04,EXCL,1861.1861572265625
2024-01-05,EXCL,1870.0914306640625
2024-01-08,EXCL,1878.9967041015625
2024-01-09,EXCL,1878.9967041015625
2024-01-10,EXCL,1914.6175537109375
2024-01-11,EXCL,2030.3848876953125
2024-01-12,EXCL,1959.1434326171875
2024-01-15,EXCL,2030.3848876953125
2024-01-16,EXCL,2021.47998046875
2024-01-17,EXCL,2003.66943359375
2024-01-18,EXCL,2066.005859375
2024-01-19,EXCL,2110.531982421875
2024-01-22,EXCL,2137.247314453125
2024-01-23,EXCL,2163.962890625
2024-01-24,EXCL,2092.721435546875
2024-01-25,EXCL,2101.62646484375
2024-01-26,EXCL,2074.9111328125
2024-01-29,EXCL,2057.1005859375
2024-01-30,EXCL,2003.66943359375
2024-01-31,EXCL,2066.005859375
2024-02-01,EXCL,2048.1953125
2024-02-02,EXCL,2057.1005859375
2024-02-05,EXCL,2021.47998046875
2024-02-06,EXCL,2110.531982421875
2024-02-07,EXCL,2048.1953125
2024-02-12,EXCL,2074.9111328125
2024-02-13,EXCL,2057.1005859375
2024-02-15,EXCL,2057.1005859375
2024-02-16,EXCL,2021.47998046875
2024-02-19,EXCL,1959.1434326171875
2024-02-20,EXCL,1968.048583984375
2024-02-21,EXCL,1985.8590087890625
2024-02-22,EXCL,2057.1005859375
2024-02-23,EXCL,2083.816162109375
2024-02-26,EXCL,2039.2901611328125
2024-02-27,EXCL,2074.9111328125
2024-02-28,EXCL,2074.9111328125
2024-02-29,EXCL,2119.436767578125
2024-03-01,EXCL,2279.730712890625
2024-03-04,EXCL,2217.394287109375
2024-03-05,EXCL,2261.920166015625
2024-03-06,EXCL,2137.247314453125
2024-03-07,EXCL,2146.15283203125
2024-03-08,EXCL,2190.6787109375
2024-03-13,EXCL,2199.583740234375
2024-03-14,EXCL,2172.8681640625
2024-03-15,EXCL,2137.247314453125
2024-03-18,EXCL,2146.15283203125
2024-03-19,EXCL,2199.583740234375
2024-03-20,EXCL,2172.8681640625
2024-03-21,EXCL,2137.247314453125
2024-03-22,EXCL,2128.34228515625
2024-03-25,EXCL,2146.15283203125
2024-03-26,EXCL,2128.34228515625
2024-03-27,EXCL,2030.3848876953125
2024-03-28,EXCL,2012.574462890625
2024-04-01,EXCL,2021.47998046875
2024-04-02,EXCL,2048.1953125
2024-04-03,EXCL,2021.47998046875
2024-04-04,EXCL,2083.816162109375
2024-04-05,EXCL,2048.1953125
2024-04-16,EXCL,2021.47998046875
2024-04-17,EXCL,1887.90185546875
2024-04-18,EXCL,1950.2381591796875
2024-04-19,EXCL,1950.2381591796875
2024-04-22,EXCL,2048.1953125
2024-04-23,EXCL,2128.34228515625
2024-04-24,EXCL,2119.436767578125
2024-04-25,EXCL,2119.436767578125
2024-04-26,EXCL,2119.436767578125
2024-04-29,EXCL,2172.8681640625
2024-04-30,EXCL,2199.583740234375
2024-05-02,EXCL,2155.057861328125
2024-05-03,EXCL,2208.489013671875
2024-05-06,EXCL,2146.15283203125
2024-05-07,EXCL,2163.962890625
2024-05-08,EXCL,2208.489013671875
2024-05-13,EXCL,2324.25634765625
2024-05-14,EXCL,2315.3515625
2024-05-15,EXCL,2297.541015625
2024-05-16,EXCL,2160.127685546875
2024-05-17,EXCL,2214.584716796875
2024-05-20,EXCL,2232.7373046875
2024-05-21,EXCL,2241.813232421875
2024-05-22,EXCL,2241.813232421875
2024-05-27,EXCL,2232.7373046875
2024-05-28,EXCL,2214.584716796875
2024-05-29,EXCL,2187.3564453125
2024-05-30,EXCL,2205.508544921875
2024-05-31,EXCL,2096.594482421875
2024-06-03,EXCL,2105.6708984375
2024-06-04,EXCL,2078.442138671875
2024-06-05,EXCL,2096.594482421875
2024-06-06,EXCL,2042.1376953125
2024-06-07,EXCL,2023.9852294921875
2024-06-10,EXCL,2023.9852294921875
2024-06-11,EXCL,2014.9091796875
2024-06-12,EXCL,1978.6044921875
2024-06-13,EXCL,1960.4521484375
2024-06-14,EXCL,1887.8427734375
2024-06-19,EXCL,1933.2236328125
2024-06-20,EXCL,1942.2996826171875
2024-06-21,EXCL,1978.6044921875
2024-06-24,EXCL,1960.4521484375
2024-06-25,EXCL,1960.4521484375
2024-06-26,EXCL,1978.6044921875
2024-06-27,EXCL,1996.7568359375
2024-06-28,EXCL,1960.4521484375
2024-07-01,EXCL,1978.6044921875
2024-07-02,EXCL,1987.6805419921875
2024-07-03,EXCL,1969.5281982421875
2024-07-04,EXCL,2005.8328857421875
2024-07-05,EXCL,1978.6044921875
2024-07-08,EXCL,2005.8328857421875
2024-07-09,EXCL,2060.2900390625
2024-07-10,EXCL,2060.2900390625
2024-07-11,EXCL,2060.2900390625
2024-07-12,EXCL,2069.3662109375
2024-07-15,EXCL,2033.0614013671875
2024-07-16,EXCL,2033.0614013671875
2024-07-17,EXCL,2033.0614013671875
2024-07-18,EXCL,2033.0614013671875
2024-07-19,EXCL,1978.6044921875
2024-07-22,EXCL,1996.7568359375
2024-07-23,EXCL,2042.1376953125
2024-07-24,EXCL,2005.8328857421875
2024-07-25,EXCL,1987.6805419921875
2024-07-26,EXCL,1978.6044921875
2024-07-29,EXCL,1969.5281982421875
2024-07-30,EXCL,1969.5281982421875
2024-07-31,EXCL,1969.5281982421875
2024-08-01,EXCL,1969.5281982421875
2024-08-02,EXCL,1969.5281982421875
2024-08-05,EXCL,1887.8427734375
2024-08-06,EXCL,1987.6805419921875
2024-08-07,EXCL,1969.5281982421875
2024-08-08,EXCL,1942.2996826171875
2024-08-09,EXCL,1960.4521484375
2024-08-12,EXCL,1978.6044921875
2024-08-13,EXCL,1987.6805419921875
2024-08-14,EXCL,2051.213623046875
2024-08-15,EXCL,2014.9091796875
2024-08-16,EXCL,2033.0614013671875
2024-08-19,EXCL,2033.0614013671875
2024-08-20,EXCL,2105.6708984375
2024-08-21,EXCL,2078.442138671875
2024-08-22,EXCL,2005.8328857421875
2024-08-23,EXCL,2051.213623046875
2024-08-26,EXCL,2023.9852294921875
2024-08-27,EXCL,2033.0614013671875
2024-08-28,EXCL,2033.0614013671875
2024-08-29,EXCL,2023.9852294921875
2024-08-30,EXCL,2023.9852294921875
2024-09-02,EXCL,2060.2900390625
2024-09-03,EXCL,2060.2900390625
2024-09-04,EXCL,2023.9852294921875
2024-09-05,EXCL,2141.975341796875
2024-09-06,EXCL,2114.746826171875
2024-09-09,EXCL,2042.1376953125
2024-09-10,EXCL,2060.2900390625
2024-09-11,EXCL,2060.2900390625
2024-09-12,EXCL,2078.442138671875
2024-09-13,EXCL,2105.6708984375
2024-09-17,EXCL,2078.442138671875
2024-09-18,EXCL,2069.3662109375
2024-09-19,EXCL,2087.5185546875
2024-09-20,EXCL,2069.3662109375
2024-09-23,EXCL,2087.5185546875
2024-09-24,EXCL,2078.442138671875
2024-09-25,EXCL,2096.594482421875
2024-09-26,EXCL,2132.899169921875
2024-09-27,EXCL,2096.594482421875
2024-09-30,EXCL,2078.442138671875
2024-10-01,EXCL,2051.213623046875
2024-10-02,EXCL,1996.7568359375
2024-10-03,EXCL,2051.213623046875
2024-10-04,EXCL,2042.1376953125
2024-10-07,EXCL,2051.213623046875
2024-10-08,EXCL,2060.2900390625
2024-10-09,EXCL,2087.5185546875
2024-10-10,EXCL,2105.6708984375
2024-10-11,EXCL,2096.594482421875
2024-10-14,EXCL,2078.442138671875
2024-10-15,EXCL,2078.442138671875
2024-10-16,EXCL,2087.5185546875
2024-10-17,EXCL,2060.2900390625
2024-10-18,EXCL,2078.442138671875
2024-10-21,EXCL,2087.5185546875
2024-10-22,EXCL,2069.3662109375
2024-10-23,EXCL,2051.213623046875
2024-10-24,EXCL,2051.213623046875
2024-10-25,EXCL,2060.2900390625
2024-10-28,EXCL,2042.1376953125
2024-10-29,EXCL,2069.3662109375
2024-10-30,EXCL,2051.213623046875
2024-10-31,EXCL,2042.1376953125
2024-11-01,EXCL,2042.1376953125
2024-11-04,EXCL,2033.0614013671875
2024-11-05,EXCL,2023.9852294921875
2024-11-06,EXCL,2014.9091796875
2024-11-07,EXCL,2005.8328857421875
2024-11-08,EXCL,2005.8328857421875
2024-11-11,EXCL,1942.2996826171875
2024-11-12,EXCL,1933.2236328125
2024-11-13,EXCL,1951.3759765625
2024-11-14,EXCL,1960.4521484375
2024-11-15,EXCL,1942.2996826171875
2024-11-18,EXCL,1951.3759765625
2024-11-19,EXCL,1978.6044921875
2024-11-20,EXCL,1969.5281982421875
2024-11-21,EXCL,2005.8328857421875
2024-11-22,EXCL,1978.6044921875
2024-11-25,EXCL,1987.6805419921875
2024-11-26,EXCL,1978.6044921875
2024-11-28,EXCL,1978.6044921875
2024-11-29,EXCL,2014.9091796875
2024-12-02,EXCL,2023.9852294921875
2024-12-03,EXCL,2033.0614013671875
2024-12-04,EXCL,2023.9852294921875
2024-12-05,EXCL,2042.1376953125
2024-12-06,EXCL,2096.594482421875
2024-12-09,EXCL,2087.5185546875
2024-12-10,EXCL,2078.442138671875
2024-12-11,EXCL,2033.0614013671875
2024-12-12,EXCL,2051.213623046875
2024-12-13,EXCL,2060.2900390625
2024-12-16,EXCL,2060.2900390625
2024-12-17,EXCL,2069.3662109375
2024-12-18,EXCL,2051.213623046875
2024-12-19,EXCL,2033.0614013671875
2024-12-20,EXCL,2069.3662109375
2024-12-23,EXCL,2069.3662109375
2024-12-24,EXCL,2051.213623046875
2024-12-27,EXCL,2042.1376953125
2024-12-30,EXCL,2042.1376953125
2025-01-02,EXCL,2042.1376953125
2025-01-03,EXCL,2023.9852294921875
2025-01-06,EXCL,2033.0614013671875
2025-01-07,EXCL,2023.9852294921875
2025-01-08,EXCL,2042.1376953125
2025-01-09,EXCL,2023.9852294921875
2025-01-10,EXCL,2023.9852294921875
2025-01-13,EXCL,2060.2900390625
2025-01-14,EXCL,2042.1376953125
2025-01-15,EXCL,2060.2900390625
2025-01-16,EXCL,2060.2900390625
2025-01-17,EXCL,2060.2900390625
2025-01-20,EXCL,2042.1376953125
2025-01-21,EXCL,2060.2900390625
2025-01-22,EXCL,2069.3662109375
2025-01-23,EXCL,2096.594482421875
2025-01-24,EXCL,2078.442138671875
2025-01-30,EXCL,2060.2900390625
2025-01-31,EXCL,2060.2900390625
2025-02-03,EXCL,2078.442138671875
2025-02-04,EXCL,2078.442138671875
2025-02-05,EXCL,2060.2900390625
2025-02-06,EXCL,2078.442138671875
2025-02-07,EXCL,2078.442138671875
2025-02-10,EXCL,2069.3662109375
2025-02-11,EXCL,2060.2900390625
2025-02-12,EXCL,2060.2900390625
2025-02-13,EXCL,2069.3662109375
2025-02-14,EXCL,2069.3662109375
2025-02-17,EXCL,2060.2900390625
2025-02-18,EXCL,2060.2900390625
2025-02-19,EXCL,2051.213623046875
2025-02-20,EXCL,2060.2900390625
2025-02-21,EXCL,2042.1376953125
2025-02-24,EXCL,2051.213623046875
2025-02-25,EXCL,2033.0614013671875
2025-02-26,EXCL,2033.0614013671875
2025-02-27,EXCL,2033.0614013671875
2025-02-28,EXCL,2005.8328857421875
2025-03-03,EXCL,2014.9091796875
2025-03-04,EXCL,2014.9091796875
2025-03-05,EXCL,2060.2900390625
2025-03-06,EXCL,2042.1376953125
2025-03-07,EXCL,2042.1376953125
2025-03-10,EXCL,2060.2900390625
2025-03-11,EXCL,2051.213623046875
2025-03-12,EXCL,2060.2900390625
2025-03-13,EXCL,2042.1376953125
2025-03-14,EXCL,2051.213623046875
2025-03-17,EXCL,2060.2900390625
2025-03-18,EXCL,2042.1376953125
2025-03-19,EXCL,2060.2900390625
2025-03-20,EXCL,2060.2900390625
2025-03-21,EXCL,2051.213623046875
2025-03-24,EXCL,2051.213623046875
2025-03-25,EXCL,2023.9852294921875
2025-03-26,EXCL,2042.1376953125
2025-03-27,EXCL,2069.3662109375
2025-04-08,EXCL,1996.7568359375
2025-04-09,EXCL,2042.1376953125
2025-04-10,EXCL,2069.3662109375
2025-04-11,EXCL,1996.7568359375
2025-04-14,EXCL,2068.248291015625
2025-04-15,EXCL,2049.360107421875
2025-04-16,EXCL,2068.248291015625
2025-04-17,EXCL,2058.80419921875
2025-04-21,EXCL,2002.139892578125
2025-04-22,EXCL,1983.2518310546875
2025-04-23,EXCL,1992.69580078125
2025-04-24,EXCL,1973.8077392578125
2025-04-25,EXCL,1983.2518310546875
2025-04-28,EXCL,1983.2518310546875
2025-04-29,EXCL,2011.583984375
2025-04-30,EXCL,2030.4720458984375
2025-05-02,EXCL,2096.58056640625
2025-05-05,EXCL,2077.6923828125
2025-05-06,EXCL,2058.80419921875
2025-05-07,EXCL,2058.80419921875
2025-05-08,EXCL,2011.583984375
2025-05-09,EXCL,2039.9161376953125
2025-05-14,EXCL,2087.136474609375
2025-05-15,EXCL,2039.9161376953125
2025-05-16,EXCL,2058.80419921875
2025-05-19,EXCL,2087.136474609375
2025-05-20,EXCL,2049.360107421875
2025-05-21,EXCL,2058.80419921875
2025-05-22,EXCL,2049.360107421875
2025-05-23,EXCL,2049.360107421875
2025-05-26,EXCL,2049.360107421875
2025-05-27,EXCL,2058.80419921875
2025-05-28,EXCL,2077.6923828125
2025-06-02,EXCL,2058.80419921875
2025-06-03,EXCL,2039.9161376953125
2025-06-04,EXCL,2068.248291015625
2025-06-05,EXCL,2077.6923828125
2025-06-10,EXCL,2058.80419921875
2025-06-11,EXCL,2096.58056640625
2025-06-12,EXCL,2068.248291015625
2025-06-13,EXCL,2068.248291015625
2025-06-16,EXCL,2096.58056640625
2025-06-17,EXCL,2115.468505859375
2025-06-18,EXCL,2096.58056640625
2025-06-19,EXCL,2106.0244140625
2025-06-20,EXCL,2115.468505859375
2025-06-23,EXCL,2124.91259765625
2025-06-24,EXCL,2096.58056640625
2025-06-25,EXCL,2124.91259765625
2025-06-26,EXCL,2115.468505859375
2025-06-30,EXCL,2124.91259765625
2025-07-01,EXCL,2181.576904296875
2025-07-02,EXCL,2153.244873046875
2025-07-03,EXCL,2172.1328125
2025-07-04,EXCL,2172.1328125
2025-07-07,EXCL,2162.68896484375
2025-07-08,EXCL,2134.356689453125
2025-07-09,EXCL,2162.68896484375
2025-07-10,EXCL,2172.1328125
2025-07-11,EXCL,2162.68896484375
2025-07-14,EXCL,2191.02099609375
2025-07-15,EXCL,2351.570068359375
2025-07-16,EXCL,2427.122314453125
2025-07-17,EXCL,2521.56298828125
2025-07-18,EXCL,2483.786865234375
2025-07-21,EXCL,2464.898681640625
2025-07-22,EXCL,2427.122314453125
2025-07-23,EXCL,2436.56640625
2025-07-24,EXCL,2464.898681640625
2025-07-25,EXCL,2408.234375
2025-07-28,EXCL,2379.902099609375
2025-07-29,EXCL,2408.234375
2025-07-30,EXCL,2370.4580078125
2025-07-31,EXCL,2379.902099609375
2025-08-01,EXCL,2427.122314453125
2025-08-04,EXCL,2474.3427734375
2025-08-05,EXCL,2436.56640625
2025-08-06,EXCL,2436.56640625
2025-08-07,EXCL,2389.34619140625
2025-08-08,EXCL,2493.230712890625
2025-08-11,EXCL,2549.895263671875
2025-08-12,EXCL,2691.555908203125
2025-08-13,EXCL,2748.220458984375
2025-08-14,EXCL,2795.440673828125
2025-08-15,EXCL,2757.664306640625
2025-08-19,EXCL,2795.440673828125
2025-08-20,EXCL,2785.99658203125
2025-08-21,EXCL,2767.1083984375
2025-08-22,EXCL,2767.1083984375
2025-08-25,EXCL,2767.1083984375
2025-08-26,EXCL,2795.440673828125
2025-08-27,EXCL,2606.5595703125
2025-08-28,EXCL,2616.003662109375
2025-08-29,EXCL,2597.115478515625
2025-09-01,EXCL,2568.783203125
2025-09-02,EXCL,2616.003662109375
2025-09-03,EXCL,2597.115478515625
2025-09-04,EXCL,2587.67138671875
2025-09-08,EXCL,2531.007080078125
2025-09-09,EXCL,2446.010498046875
2025-09-10,EXCL,2455.45458984375
2025-09-11,EXCL,2446.010498046875
2025-09-12,EXCL,2446.010498046875
2025-09-15,EXCL,2446.010498046875
2025-09-16,EXCL,2502.6748046875
2025-09-17,EXCL,2606.5595703125
2025-09-18,EXCL,2653.77978515625
2025-09-19,EXCL,2644.335693359375
2025-09-22,EXCL,2578.227294921875
2025-09-23,EXCL,2549.895263671875
2025-09-24,EXCL,2578.227294921875
2025-09-25,EXCL,2549.895263671875
2025-09-26,EXCL,2568.783203125
2025-09-29,EXCL,2559.339111328125
2025-09-30,EXCL,2512.118896484375
2025-10-01,EXCL,2464.898681640625
2025-10-02,EXCL,2370.4580078125
2025-10-03,EXCL,2483.786865234375
2025-10-06,EXCL,2483.786865234375
2025-10-07,EXCL,2474.3427734375
2025-10-08,EXCL,2502.6748046875
2025-10-09,EXCL,2436.56640625
2025-10-10,EXCL,2549.895263671875
2025-10-13,EXCL,2455.45458984375
2025-10-14,EXCL,2398.790283203125
2025-10-15,EXCL,2332.681884765625
2025-10-16,EXCL,2370.4580078125
2025-10-17,EXCL,2285.461669921875
2025-10-20,EXCL,2285.461669921875
2025-10-21,EXCL,2361.01416015625
2025-10-22,EXCL,2285.461669921875
2025-10-23,EXCL,2464.898681640625
2025-10-24,EXCL,2446.010498046875
2025-10-27,EXCL,2313.793701171875
2025-10-28,EXCL,2294.90576171875
2025-10-29,EXCL,2408.234375
2025-10-30,EXCL,2483.786865234375
2025-10-31,EXCL,2464.898681640625
2025-11-03,EXCL,2540.451171875
2025-11-04,EXCL,2578.227294921875
2025-11-05,EXCL,2549.895263671875
2025-11-06,EXCL,2587.67138671875
2025-11-07,EXCL,2587.67138671875
2025-11-10,EXCL,2597.115478515625
2025-11-11,EXCL,2597.115478515625
2025-11-12,EXCL,2597.115478515625
2025-11-13,EXCL,2597.115478515625
2025-11-14,EXCL,2568.783203125
2025-11-17,EXCL,2578.227294921875
2025-11-18,EXCL,2559.339111328125
2025-11-19,EXCL,2597.115478515625
2025-11-20,EXCL,2606.5595703125
2025-11-21,EXCL,2578.227294921875
2025-11-24,EXCL,2606.5595703125
2025-11-25,EXCL,2597.115478515625
2025-11-26,EXCL,2701.0
2025-11-27,EXCL,2682.112060546875
2025-11-28,EXCL,2729.332275390625
2025-12-01,EXCL,2701.0
2025-12-02,EXCL,2810.0
2025-12-03,EXCL,2790.0
2025-12-04,EXCL,2890.0
2025-12-05,EXCL,3200.0
2025-12-08,EXCL,3300.0
2025-12-09,EXCL,3440.0
2025-12-10,EXCL,3710.0
2025-12-11,EXCL,3700.0
2025-12-12,EXCL,3790.0
2025-12-15,EXCL,3710.0
2025-12-16,EXCL,3700.0
2025-12-17,EXCL,3850.0
2025-12-18,EXCL,3690.0
2025-12-19,EXCL,3900.0
2025-12-22,EXCL,3760.0
2025-12-23,EXCL,3740.0
2025-12-24,EXCL,3750.0
2025-12-29,EXCL,3830.0
2025-12-30,EXCL,3750.0
2026-01-02,EXCL,3750.0
2026-01-05,EXCL,3820.0
2026-01-06,EXCL,3800.0
2026-01-07,EXCL,4000.0
2026-01-08,EXCL,4300.0
2026-01-09,EXCL,4260.0
2026-01-12,EXCL,4010.0
2026-01-13,EXCL,3910.0
2026-01-14,EXCL,4110.0
2026-01-15,EXCL,4010.0
2026-01-19,EXCL,3940.0
2026-01-20,EXCL,4270.0
2026-01-21,EXCL,4150.0
2026-01-22,EXCL,4310.0
2026-01-23,EXCL,4360.0
2026-01-26,EXCL,4360.0
2022-12-30,ISAT,1331.173583984375
2023-01-02,ISAT,1298.83740234375
2023-01-03,ISAT,1358.120361328125
2023-01-04,ISAT,1347.341552734375
2023-01-05,ISAT,1315.00537109375
2023-01-06,ISAT,1320.3948974609375
2023-01-09,ISAT,1277.2799072265625
2023-01-10,ISAT,1315.00537109375
2023-01-11,ISAT,1298.83740234375
2023-01-12,ISAT,1293.447998046875
2023-01-13,ISAT,1309.6160888671875
2023-01-16,ISAT,1304.2266845703125
2023-01-17,ISAT,1304.2266845703125
2023-01-18,ISAT,1304.2266845703125
2023-01-19,ISAT,1336.5628662109375
2023-01-20,ISAT,1320.3948974609375
2023-01-24,ISAT,1304.2266845703125
2023-01-25,ISAT,1255.722412109375
2023-01-26,ISAT,1288.05859375
2023-01-27,ISAT,1293.447998046875
2023-01-30,ISAT,1288.05859375
2023-01-31,ISAT,1315.00537109375
2023-02-01,ISAT,1293.447998046875
2023-02-02,ISAT,1277.2799072265625
2023-02-03,ISAT,1304.2266845703125
2023-02-06,ISAT,1293.447998046875
2023-02-07,ISAT,1271.8905029296875
2023-02-08,ISAT,1271.8905029296875
2023-02-09,ISAT,1266.5010986328125
2023-02-10,ISAT,1277.2799072265625
2023-02-13,ISAT,1331.173583984375
2023-02-14,ISAT,1358.120361328125
2023-02-15,ISAT,1336.5628662109375
2023-02-16,ISAT,1379.6778564453125
2023-02-17,ISAT,1401.2353515625
2023-02-20,ISAT,1471.297119140625
2023-02-21,ISAT,1465.90771484375
2023-02-22,ISAT,1422.7928466796875
2023-02-23,ISAT,1455.12890625
2023-02-24,ISAT,1422.7928466796875
2023-02-27,ISAT,1444.3502197265625
2023-02-28,ISAT,1471.297119140625
2023-03-01,ISAT,1471.297119140625
2023-03-02,ISAT,1460.5184326171875
2023-03-03,ISAT,1487.4652099609375
2023-03-06,ISAT,1535.9693603515625
2023-03-07,ISAT,1498.243896484375
2023-03-08,ISAT,1509.0225830078125
2023-03-09,ISAT,1509.0225830078125
2023-03-10,ISAT,1509.0225830078125
2023-03-13,ISAT,1525.190673828125
2023-03-14,ISAT,1487.4652099609375
2023-03-15,ISAT,1509.0225830078125
2023-03-16,ISAT,1498.243896484375
2023-03-17,ISAT,1509.0225830078125
2023-03-20,ISAT,1471.297119140625
2023-03-21,ISAT,1482.0758056640625
2023-03-24,ISAT,1519.80126953125
2023-03-27,ISAT,1509.0225830078125
2023-03-28,ISAT,1498.243896484375
2023-03-29,ISAT,1492.8544921875
2023-03-30,ISAT,1503.63330078125
2023-03-31,ISAT,1498.243896484375
2023-04-03,ISAT,1471.297119140625
2023-04-04,ISAT,1471.297119140625
2023-04-05,ISAT,1471.297119140625
2023-04-06,ISAT,1455.12890625
2023-04-10,ISAT,1428.18212890625
2023-04-11,ISAT,1444.3502197265625
2023-04-12,ISAT,1444.3502197265625
2023-04-13,ISAT,1422.7928466796875
2023-04-14,ISAT,1422.7928466796875
2023-04-17,ISAT,1433.571533203125
2023-04-18,ISAT,1444.3502197265625
2023-04-26,ISAT,1422.7928466796875
2023-04-27,ISAT,1465.90771484375
2023-04-28,ISAT,1509.0225830078125
2023-05-02,ISAT,1584.4736328125
2023-05-03,ISAT,1606.0311279296875
2023-05-04,ISAT,1627.588623046875
2023-05-05,ISAT,1627.588623046875
2023-05-08,ISAT,1670.70361328125
2023-05-09,ISAT,1665.314208984375
2023-05-10,ISAT,1665.314208984375
2023-05-11,ISAT,1638.3673095703125
2023-05-12,ISAT,1681.4822998046875
2023-05-15,ISAT,1654.535400390625
2023-05-16,ISAT,1600.641845703125
2023-05-17,ISAT,1638.3673095703125
2023-05-19,ISAT,1681.4822998046875
2023-05-22,ISAT,1649.1461181640625
2023-05-23,ISAT,1649.1461181640625
2023-05-24,ISAT,1708.42919921875
2023-05-25,ISAT,1731.97509765625
2023-05-26,ISAT,1748.682373046875
2023-05-29,ISAT,1787.6656494140625
2023-05-30,ISAT,1826.6490478515625
2023-05-31,ISAT,1848.92529296875
2023-06-05,ISAT,1860.0633544921875
2023-06-06,ISAT,1893.4776611328125
2023-06-07,ISAT,1954.7371826171875
2023-06-08,ISAT,1938.030029296875
2023-06-09,ISAT,1938.030029296875
2023-06-12,ISAT,1926.89208984375
2023-06-13,ISAT,1938.030029296875
2023-06-14,ISAT,1949.168212890625
2023-06-15,ISAT,2004.85888671875
2023-06-16,ISAT,2027.1348876953125
2023-06-19,ISAT,1865.6324462890625
2023-06-20,ISAT,1904.61572265625
2023-06-21,ISAT,1971.4444580078125
2023-06-22,ISAT,1915.75390625
2023-06-23,ISAT,1938.030029296875
2023-06-26,ISAT,1954.7371826171875
2023-06-27,ISAT,1921.3228759765625
2023-07-03,ISAT,1965.875244140625
2023-07-04,ISAT,1999.28955078125
2023-07-05,ISAT,1999.28955078125
2023-07-06,ISAT,2015.9967041015625
2023-07-07,ISAT,2021.5657958984375
2023-07-10,ISAT,1999.28955078125
2023-07-11,ISAT,1977.0135498046875
2023-07-12,ISAT,2004.85888671875
2023-07-13,ISAT,1982.5823974609375
2023-07-14,ISAT,2021.5657958984375
2023-07-17,ISAT,1999.28955078125
2023-07-18,ISAT,1977.0135498046875
2023-07-20,ISAT,1999.28955078125
2023-07-21,ISAT,1999.28955078125
2023-07-24,ISAT,1988.151611328125
2023-07-25,ISAT,1904.61572265625
2023-07-26,ISAT,1915.75390625
2023-07-27,ISAT,1949.168212890625
2023-07-28,ISAT,1993.720703125
2023-07-31,ISAT,2049.4111328125
2023-08-01,ISAT,2049.4111328125
2023-08-02,ISAT,1999.28955078125
2023-08-03,ISAT,1999.28955078125
2023-08-04,ISAT,1965.875244140625
2023-08-07,ISAT,1938.030029296875
2023-08-08,ISAT,2004.85888671875
2023-08-09,ISAT,2082.82568359375
2023-08-10,ISAT,2071.687255859375
2023-08-11,ISAT,2060.549072265625
2023-08-14,ISAT,2054.980224609375
2023-08-15,ISAT,2138.51611328125
2023-08-16,ISAT,2171.930419921875
2023-08-18,ISAT,2166.361083984375
2023-08-21,ISAT,2149.65380859375
2023-08-22,ISAT,2194.20654296875
2023-08-23,ISAT,2199.775634765625
2023-08-24,ISAT,2171.930419921875
2023-08-25,ISAT,2171.930419921875
2023-08-28,ISAT,2149.65380859375
2023-08-29,ISAT,2144.0849609375
2023-08-30,ISAT,2138.51611328125
2023-08-31,ISAT,2138.51611328125
2023-09-01,ISAT,2099.532470703125
2023-09-04,ISAT,2066.118408203125
2023-09-05,ISAT,2183.068603515625
2023-09-06,ISAT,2166.361083984375
2023-09-07,ISAT,2171.930419921875
2023-09-08,ISAT,2194.20654296875
2023-09-11,ISAT,2194.20654296875
2023-09-12,ISAT,2188.637451171875
2023-09-13,ISAT,2205.344482421875
2023-09-14,ISAT,2205.344482421875
2023-09-15,ISAT,2227.62060546875
2023-09-18,ISAT,2194.20654296875
2023-09-19,ISAT,2205.344482421875
2023-09-20,ISAT,2194.20654296875
2023-09-21,ISAT,2171.930419921875
2023-09-22,ISAT,2222.0517578125
2023-09-25,ISAT,2205.344482421875
2023-09-26,ISAT,2171.930419921875
2023-09-27,ISAT,2155.22314453125
2023-09-29,ISAT,2188.637451171875
2023-10-02,ISAT,2294.449462890625
2023-10-03,ISAT,2316.7255859375
2023-10-04,ISAT,2339.001708984375
2023-10-05,ISAT,2316.7255859375
2023-10-06,ISAT,2272.173095703125
2023-10-09,ISAT,2339.001708984375
2023-10-10,ISAT,2333.4326171875
2023-10-11,ISAT,2339.001708984375
2023-10-12,ISAT,2383.55419921875
2023-10-13,ISAT,2344.57080078125
2023-10-16,ISAT,2339.001708984375
2023-10-17,ISAT,2261.03515625
2023-10-18,ISAT,2183.068603515625
2023-10-19,ISAT,2205.344482421875
2023-10-20,ISAT,2205.344482421875
2023-10-23,ISAT,2155.22314453125
2023-10-24,ISAT,2144.0849609375
2023-10-25,ISAT,2093.963623046875
2023-10-26,ISAT,2149.65380859375
2023-10-27,ISAT,2194.20654296875
2023-10-30,ISAT,2138.51611328125
2023-10-31,ISAT,2105.1015625
2023-11-01,ISAT,2105.1015625
2023-11-02,ISAT,2049.4111328125
2023-11-03,ISAT,2071.687255859375
2023-11-06,ISAT,2121.808837890625
2023-11-07,ISAT,2093.963623046875
2023-11-08,ISAT,2049.4111328125
2023-11-09,ISAT,2088.394287109375
2023-11-10,ISAT,2043.842041015625
2023-11-13,ISAT,2105.1015625
2023-11-14,ISAT,2071.687255859375
2023-11-15,ISAT,2110.670654296875
2023-11-16,ISAT,2071.687255859375
2023-11-17,ISAT,2027.1348876953125
2023-11-20,ISAT,2027.1348876953125
2023-11-21,ISAT,2038.2730712890625
2023-11-22,ISAT,2027.1348876953125
2023-11-23,ISAT,2066.118408203125
2023-11-24,ISAT,2027.1348876953125
2023-11-27,ISAT,2049.4111328125
2023-11-28,ISAT,2038.2730712890625
2023-11-29,ISAT,2121.808837890625
2023-11-30,ISAT,2121.808837890625
2023-12-01,ISAT,2132.947021484375
2023-12-04,ISAT,2071.687255859375
2023-12-05,ISAT,2093.963623046875
2023-12-06,ISAT,2071.687255859375
2023-12-07,ISAT,2088.394287109375
2023-12-08,ISAT,2099.532470703125
2023-12-11,ISAT,2082.82568359375
2023-12-12,ISAT,2155.22314453125
2023-12-13,ISAT,2110.670654296875
2023-12-14,ISAT,2127.3779296875
2023-12-15,ISAT,2116.23974609375
2023-12-18,ISAT,2082.82568359375
2023-12-19,ISAT,2093.963623046875
2023-12-20,ISAT,2093.963623046875
2023-12-21,ISAT,2093.963623046875
2023-12-22,ISAT,2093.963623046875
2023-12-27,ISAT,2088.394287109375
2023-12-28,ISAT,2082.82568359375
2023-12-29,ISAT,2088.394287109375
2024-01-02,ISAT,2088.394287109375
2024-01-03,ISAT,2093.963623046875
2024-01-04,ISAT,2099.532470703125
2024-01-05,ISAT,2066.118408203125
2024-01-08,ISAT,2077.256591796875
2024-01-09,ISAT,2066.118408203125
2024-01-10,ISAT,2116.23974609375
2024-01-11,ISAT,2144.0849609375
2024-01-12,ISAT,2166.361083984375
2024-01-15,ISAT,2199.775634765625
2024-01-16,ISAT,2205.344482421875
2024-01-17,ISAT,2171.930419921875
2024-01-18,ISAT,2227.62060546875
2024-01-19,ISAT,2222.0517578125
2024-01-22,ISAT,2160.7919921875
2024-01-23,ISAT,2194.20654296875
2024-01-24,ISAT,2216.482666015625
2024-01-25,ISAT,2227.62060546875
2024-01-26,ISAT,2216.482666015625
2024-01-29,ISAT,2144.0849609375
2024-01-30,ISAT,2105.1015625
2024-01-31,ISAT,2132.947021484375
2024-02-01,ISAT,2132.947021484375
2024-02-02,ISAT,2144.0849609375
2024-02-05,ISAT,2127.3779296875
2024-02-06,ISAT,2110.670654296875
2024-02-07,ISAT,2116.23974609375
2024-02-12,ISAT,2183.068603515625
2024-02-13,ISAT,2183.068603515625
2024-02-15,ISAT,2227.62060546875
2024-02-16,ISAT,2183.068603515625
2024-02-19,ISAT,2132.947021484375
2024-02-20,ISAT,2149.65380859375
2024-02-21,ISAT,2199.775634765625
2024-02-22,ISAT,2377.985107421875
2024-02-23,ISAT,2439.24462890625
2024-02-26,ISAT,2372.416259765625
2024-02-27,ISAT,2372.416259765625
2024-02-28,ISAT,2489.366455078125
2024-02-29,ISAT,2545.056884765625
2024-03-01,ISAT,2561.763916015625
2024-03-04,ISAT,2584.0400390625
2024-03-05,ISAT,2578.47119140625
2024-03-06,ISAT,2561.763916015625
2024-03-07,ISAT,2595.17822265625
2024-03-08,ISAT,2600.747314453125
2024-03-13,ISAT,2684.282958984375
2024-03-14,ISAT,2673.14501953125
2024-03-15,ISAT,2617.454345703125
2024-03-18,ISAT,2650.868896484375
2024-03-19,ISAT,2684.282958984375
2024-03-20,ISAT,2662.0068359375
2024-03-21,ISAT,2572.90185546875
2024-03-22,ISAT,2584.0400390625
2024-03-25,ISAT,2589.609130859375
2024-03-26,ISAT,2606.31640625
2024-03-27,ISAT,2506.0732421875
2024-03-28,ISAT,2489.366455078125
2024-04-01,ISAT,2467.08984375
2024-04-02,ISAT,2428.106689453125
2024-04-03,ISAT,2428.106689453125
2024-04-04,ISAT,2467.08984375
2024-04-05,ISAT,2506.0732421875
2024-04-16,ISAT,2428.106689453125
2024-04-17,ISAT,2361.278076171875
2024-04-18,ISAT,2383.55419921875
2024-04-19,ISAT,2361.278076171875
2024-04-22,ISAT,2294.449462890625
2024-04-23,ISAT,2428.106689453125
2024-04-24,ISAT,2478.228271484375
2024-04-25,ISAT,2494.935302734375
2024-04-26,ISAT,2472.6591796875
2024-04-29,ISAT,2494.935302734375
2024-04-30,ISAT,2450.3828125
2024-05-02,ISAT,2428.106689453125
2024-05-03,ISAT,2366.84716796875
2024-05-06,ISAT,2389.123291015625
2024-05-07,ISAT,2339.001708984375
2024-05-08,ISAT,2339.001708984375
2024-05-13,ISAT,2366.84716796875
2024-05-14,ISAT,2428.106689453125
2024-05-15,ISAT,2405.830322265625
2024-05-16,ISAT,2416.968505859375
2024-05-17,ISAT,2400.261474609375
2024-05-20,ISAT,2316.7255859375
2024-05-21,ISAT,2283.311279296875
2024-05-22,ISAT,2244.328125
2024-05-27,ISAT,2183.068603515625
2024-05-28,ISAT,2339.001708984375
2024-05-29,ISAT,2322.294677734375
2024-05-30,ISAT,2266.60400390625
2024-05-31,ISAT,2272.173095703125
2024-06-03,ISAT,2333.578369140625
2024-06-04,ISAT,2373.615234375
2024-06-05,ISAT,2345.017333984375
2024-06-06,ISAT,2327.858642578125
2024-06-07,ISAT,2373.615234375
2024-06-10,ISAT,2385.05419921875
2024-06-11,ISAT,2385.05419921875
2024-06-12,ISAT,2293.54150390625
2024-06-13,ISAT,2327.858642578125
2024-06-14,ISAT,2327.858642578125
2024-06-19,ISAT,2304.98046875
2024-06-20,ISAT,2345.017333984375
2024-06-21,ISAT,2385.05419921875
2024-06-24,ISAT,2402.213134765625
2024-06-25,ISAT,2367.8955078125
2024-06-26,ISAT,2385.05419921875
2024-06-27,ISAT,2367.8955078125
2024-06-28,ISAT,2447.969482421875
2024-07-01,ISAT,2402.213134765625
2024-07-02,ISAT,2373.615234375
2024-07-03,ISAT,2396.49365234375
2024-07-04,ISAT,2390.77392578125
2024-07-05,ISAT,2390.77392578125
2024-07-08,ISAT,2402.213134765625
2024-07-09,ISAT,2419.371826171875
2024-07-10,ISAT,2516.604248046875
2024-07-11,ISAT,2630.9951171875
2024-07-12,ISAT,2608.116943359375
2024-07-15,ISAT,2613.83642578125
2024-07-16,ISAT,2665.3125
2024-07-17,ISAT,2653.873291015625
2024-07-18,ISAT,2705.349365234375
2024-07-19,ISAT,2630.9951171875
2024-07-22,ISAT,2733.947021484375
2024-07-23,ISAT,2665.3125
2024-07-24,ISAT,2608.116943359375
2024-07-25,ISAT,2630.9951171875
2024-07-26,ISAT,2676.75146484375
2024-07-29,ISAT,2676.75146484375
2024-07-30,ISAT,2608.116943359375
2024-07-31,ISAT,2539.482421875
2024-08-01,ISAT,2447.969482421875
2024-08-02,ISAT,2367.8955078125
2024-08-05,ISAT,2333.578369140625
2024-08-06,ISAT,2425.09130859375
2024-08-07,ISAT,2465.128173828125
2024-08-08,ISAT,2362.176025390625
2024-08-09,ISAT,2333.578369140625
2024-08-12,ISAT,2442.25
2024-08-13,ISAT,2516.604248046875
2024-08-14,ISAT,2642.434326171875
2024-08-15,ISAT,2562.360595703125
2024-08-16,ISAT,2562.360595703125
2024-08-19,ISAT,2522.32373046875
2024-08-20,ISAT,2562.360595703125
2024-08-21,ISAT,2505.1650390625
2024-08-22,ISAT,2425.09130859375
2024-08-23,ISAT,2425.09130859375
2024-08-26,ISAT,2459.40869140625
2024-08-27,ISAT,2453.68896484375
2024-08-28,ISAT,2436.530517578125
2024-08-29,ISAT,2367.8955078125
2024-08-30,ISAT,2373.615234375
2024-09-02,ISAT,2367.8955078125
2024-09-03,ISAT,2345.017333984375
2024-09-04,ISAT,2465.128173828125
2024-09-05,ISAT,2505.1650390625
2024-09-06,ISAT,2493.725830078125
2024-09-09,ISAT,2493.725830078125
2024-09-10,ISAT,2505.1650390625
2024-09-11,ISAT,2476.5673828125
2024-09-12,ISAT,2488.00634765625
2024-09-13,ISAT,2488.00634765625
2024-09-17,ISAT,2476.5673828125
2024-09-18,ISAT,2442.25
2024-09-19,ISAT,2436.530517578125
2024-09-20,ISAT,2436.530517578125
2024-09-23,ISAT,2505.1650390625
2024-09-24,ISAT,2510.884521484375
2024-09-25,ISAT,2533.7626953125
2024-09-26,ISAT,2585.23876953125
2024-09-27,ISAT,2585.23876953125
2024-09-30,ISAT,2505.1650390625
2024-10-01,ISAT,2493.725830078125
2024-10-02,ISAT,2390.77392578125
2024-10-03,ISAT,2413.652099609375
2024-10-04,ISAT,2430.810791015625
2024-10-07,ISAT,2447.969482421875
2024-10-08,ISAT,2425.09130859375
2024-10-09,ISAT,2276.3828125
2024-10-10,ISAT,2333.578369140625
2024-10-11,ISAT,2379.334716796875
2024-10-14,ISAT,2324.427001953125
2024-10-15,ISAT,2278.670654296875
2024-10-16,ISAT,2251.216796875
2024-10-17,ISAT,2205.46044921875
2024-10-18,ISAT,2242.0654296875
2024-10-21,ISAT,2260.367919921875
2024-10-22,ISAT,2214.611572265625
2024-10-23,ISAT,2260.367919921875
2024-10-24,ISAT,2232.914306640625
2024-10-25,ISAT,2104.796142578125
2024-10-28,ISAT,2004.1319580078125
2024-10-29,ISAT,2123.0986328125
2024-10-30,ISAT,2123.0986328125
2024-10-31,ISAT,2287.82177734375
2024-11-01,ISAT,2223.762939453125
2024-11-04,ISAT,2205.46044921875
2024-11-05,ISAT,2187.15771484375
2024-11-06,ISAT,2059.039794921875
2024-11-07,ISAT,2095.644775390625
2024-11-08,ISAT,1994.9805908203125
2024-11-11,ISAT,1958.3756103515625
2024-11-12,ISAT,2013.2833251953125
2024-11-13,ISAT,2013.2833251953125
2024-11-14,ISAT,2049.888427734375
2024-11-15,ISAT,2068.19091796875
2024-11-18,ISAT,2049.888427734375
2024-11-19,ISAT,2242.0654296875
2024-11-20,ISAT,2178.006591796875
2024-11-21,ISAT,2287.82177734375
2024-11-22,ISAT,2232.914306640625
2024-11-25,ISAT,2287.82177734375
2024-11-26,ISAT,2232.914306640625
2024-11-28,ISAT,2168.855224609375
2024-11-29,ISAT,2196.30908203125
2024-12-02,ISAT,2178.006591796875
2024-12-03,ISAT,2296.97314453125
2024-12-04,ISAT,2342.729736328125
2024-12-05,ISAT,2315.275634765625
2024-12-06,ISAT,2287.82177734375
2024-12-09,ISAT,2269.519287109375
2024-12-10,ISAT,2260.367919921875
2024-12-11,ISAT,2269.519287109375
2024-12-12,ISAT,2306.12451171875
2024-12-13,ISAT,2406.78857421875
2024-12-16,ISAT,2370.18359375
2024-12-17,ISAT,2333.578369140625
2024-12-18,ISAT,2223.762939453125
2024-12-19,ISAT,2178.006591796875
2024-12-20,ISAT,2168.855224609375
2024-12-23,ISAT,2269.519287109375
2024-12-24,ISAT,2232.914306640625
2024-12-27,ISAT,2251.216796875
2024-12-30,ISAT,2269.519287109375
2025-01-02,ISAT,2178.006591796875
2025-01-03,ISAT,2187.15771484375
2025-01-06,ISAT,2150.552490234375
2025-01-07,ISAT,2141.401123046875
2025-01-08,ISAT,2141.401123046875
2025-01-09,ISAT,2187.15771484375
2025-01-10,ISAT,2178.006591796875
2025-01-13,ISAT,2187.15771484375
2025-01-14,ISAT,2159.703857421875
2025-01-15,ISAT,2178.006591796875
2025-01-16,ISAT,2150.552490234375
2025-01-17,ISAT,2086.49365234375
2025-01-20,ISAT,2059.039794921875
2025-01-21,ISAT,2095.644775390625
2025-01-22,ISAT,2104.796142578125
2025-01-23,ISAT,2132.25
2025-01-24,ISAT,2132.25
2025-01-30,ISAT,2095.644775390625
2025-01-31,ISAT,2113.947265625
2025-02-03,ISAT,2049.888427734375
2025-02-04,ISAT,2059.039794921875
2025-02-05,ISAT,2040.7373046875
2025-02-06,ISAT,2004.1319580078125
2025-02-07,ISAT,2031.5859375
2025-02-10,ISAT,1757.047119140625
2025-02-11,ISAT,1487.084228515625
2025-02-12,ISAT,1592.323974609375
2025-02-13,ISAT,1587.7484130859375
2025-02-14,ISAT,1560.2945556640625
2025-02-17,ISAT,1592.323974609375
2025-02-18,ISAT,1583.1727294921875
2025-02-19,ISAT,1555.7188720703125
2025-02-20,ISAT,1606.051025390625
2025-02-21,ISAT,1583.1727294921875
2025-02-24,ISAT,1532.8406982421875
2025-02-25,ISAT,1477.9329833984375
2025-02-26,ISAT,1487.084228515625
2025-02-27,ISAT,1450.4791259765625
2025-02-28,ISAT,1354.390625
2025-03-03,ISAT,1464.2060546875
2025-03-04,ISAT,1436.752197265625
2025-03-05,ISAT,1445.9034423828125
2025-03-06,ISAT,1409.2982177734375
2025-03-07,ISAT,1409.2982177734375
2025-03-10,ISAT,1409.2982177734375
2025-03-11,ISAT,1386.4200439453125
2025-03-12,ISAT,1400.14697265625
2025-03-13,ISAT,1400.14697265625
2025-03-14,ISAT,1436.752197265625
2025-03-17,ISAT,1459.63037109375
2025-03-18,ISAT,1386.4200439453125
2025-03-19,ISAT,1345.2393798828125
2025-03-20,ISAT,1290.33154296875
2025-03-21,ISAT,1221.6968994140625
2025-03-24,ISAT,1294.9072265625
2025-03-25,ISAT,1336.087890625
2025-03-26,ISAT,1381.844482421875
2025-03-27,ISAT,1331.5123291015625
2025-04-08,ISAT,1148.486572265625
2025-04-09,ISAT,1235.423828125
2025-04-10,ISAT,1331.5123291015625
2025-04-11,ISAT,1313.209716796875
2025-04-14,ISAT,1377.268798828125
2025-04-15,ISAT,1436.752197265625
2025-04-16,ISAT,1459.63037109375
2025-04-17,ISAT,1587.7484130859375
2025-04-21,ISAT,1537.4163818359375
2025-04-22,ISAT,1578.5970458984375
2025-04-23,ISAT,1587.7484130859375
2025-04-24,ISAT,1697.5638427734375
2025-04-25,ISAT,1688.41259765625
2025-04-28,ISAT,1692.98828125
2025-04-29,ISAT,1770.774169921875
2025-04-30,ISAT,1601.475341796875
2025-05-02,ISAT,1729.5933837890625
2025-05-05,ISAT,1752.4715576171875
2025-05-06,ISAT,1784.5010986328125
2025-05-07,ISAT,1784.5010986328125
2025-05-08,ISAT,1706.7152099609375
2025-05-09,ISAT,1665.5343017578125
2025-05-14,ISAT,1725.0177001953125
2025-05-15,ISAT,1793.65234375
2025-05-16,ISAT,1848.56005859375
2025-05-19,ISAT,1921.7703857421875
2025-05-20,ISAT,1876.0140380859375
2025-05-21,ISAT,1921.7703857421875
2025-05-22,ISAT,1903.4677734375
2025-05-23,ISAT,1940.0728759765625
2025-05-26,ISAT,1912.619140625
2025-05-27,ISAT,1967.5269775390625
2025-05-28,ISAT,1912.619140625
2025-06-02,ISAT,1894.3165283203125
2025-06-03,ISAT,1903.4677734375
2025-06-04,ISAT,1894.3165283203125
2025-06-05,ISAT,1903.4677734375
2025-06-10,ISAT,1930.921630859375
2025-06-11,ISAT,1921.7703857421875
2025-06-12,ISAT,1963.51904296875
2025-06-13,ISAT,1992.114013671875
2025-06-16,ISAT,1992.114013671875
2025-06-17,ISAT,1992.114013671875
2025-06-18,ISAT,1992.114013671875
2025-06-19,ISAT,1992.114013671875
2025-06-20,ISAT,2001.6456298828125
2025-06-23,ISAT,1925.3924560546875
2025-06-24,ISAT,1963.51904296875
2025-06-25,ISAT,1953.9874267578125
2025-06-26,ISAT,1992.114013671875
2025-06-30,ISAT,1992.114013671875
2025-07-01,ISAT,2001.6456298828125
2025-07-02,ISAT,2020.7088623046875
2025-07-03,ISAT,2011.17724609375
2025-07-04,ISAT,1992.114013671875
2025-07-07,ISAT,1982.582275390625
2025-07-08,ISAT,2011.17724609375
2025-07-09,ISAT,1992.114013671875
2025-07-10,ISAT,2001.6456298828125
2025-07-11,ISAT,2001.6456298828125
2025-07-14,ISAT,1953.9874267578125
2025-07-15,ISAT,1944.4556884765625
2025-07-16,ISAT,1992.114013671875
2025-07-17,ISAT,2154.15185546875
2025-07-18,ISAT,2239.936767578125
2025-07-21,ISAT,2335.253173828125
2025-07-22,ISAT,2344.784912109375
2025-07-23,ISAT,2201.81005859375
2025-07-24,ISAT,2182.746826171875
2025-07-25,ISAT,2163.68359375
2025-07-28,ISAT,2173.21533203125
2025-07-29,ISAT,2163.68359375
2025-07-30,ISAT,2058.83544921875
2025-07-31,ISAT,2096.962158203125
2025-08-01,ISAT,2182.746826171875
2025-08-04,ISAT,2116.025390625
2025-08-05,ISAT,2106.49365234375
2025-08-06,ISAT,2173.21533203125
2025-08-07,ISAT,2182.746826171875
2025-08-08,ISAT,2163.68359375
2025-08-11,ISAT,2154.15185546875
2025-08-12,ISAT,2201.81005859375
2025-08-13,ISAT,2154.15185546875
2025-08-14,ISAT,2116.025390625
2025-08-15,ISAT,2077.898681640625
2025-08-19,ISAT,2106.49365234375
2025-08-20,ISAT,2106.49365234375
2025-08-21,ISAT,2068.3671875
2025-08-22,ISAT,1992.114013671875
2025-08-25,ISAT,1963.51904296875
2025-08-26,ISAT,1982.582275390625
2025-08-27,ISAT,1982.582275390625
2025-08-28,ISAT,1925.3924560546875
2025-08-29,ISAT,1925.3924560546875
2025-09-01,ISAT,1901.5633544921875
2025-09-02,ISAT,1872.9683837890625
2025-09-03,ISAT,1858.6708984375
2025-09-04,ISAT,1872.9683837890625
2025-09-08,ISAT,1834.841796875
2025-09-09,ISAT,1763.3544921875
2025-09-10,ISAT,1811.0126953125
2025-09-11,ISAT,1811.0126953125
2025-09-12,ISAT,1801.4810791015625
2025-09-15,ISAT,1815.778564453125
2025-09-16,ISAT,1811.0126953125
2025-09-17,ISAT,1830.075927734375
2025-09-18,ISAT,1744.2911376953125
2025-09-19,ISAT,1801.4810791015625
2025-09-22,ISAT,1772.8861083984375
2025-09-23,ISAT,1777.6519775390625
2025-09-24,ISAT,1744.2911376953125
2025-09-25,ISAT,1720.4620361328125
2025-09-26,ISAT,1629.911376953125
2025-09-29,ISAT,1696.6329345703125
2025-09-30,ISAT,1668.0379638671875
2025-10-01,ISAT,1625.1456298828125
2025-10-02,ISAT,1615.614013671875
2025-10-03,ISAT,1615.614013671875
2025-10-06,ISAT,1567.9556884765625
2025-10-07,ISAT,1644.2088623046875
2025-10-08,ISAT,1734.759521484375
2025-10-09,ISAT,1806.246826171875
2025-10-10,ISAT,1853.9051513671875
2025-10-13,ISAT,1734.759521484375
2025-10-14,ISAT,1672.8038330078125
2025-10-15,ISAT,1834.841796875
2025-10-16,ISAT,1749.0570068359375
2025-10-17,ISAT,1672.8038330078125
2025-10-20,ISAT,1720.4620361328125
2025-10-21,ISAT,1830.075927734375
2025-10-22,ISAT,1768.1202392578125
2025-10-23,ISAT,1877.7342529296875
2025-10-24,ISAT,1820.5443115234375
2025-10-27,ISAT,1853.9051513671875
2025-10-28,ISAT,1858.6708984375
2025-10-29,ISAT,1815.778564453125
2025-10-30,ISAT,1796.7152099609375
2025-10-31,ISAT,1796.7152099609375
2025-11-03,ISAT,1834.841796875
2025-11-04,ISAT,1834.841796875
2025-11-05,ISAT,1853.9051513671875
2025-11-06,ISAT,1882.5
2025-11-07,ISAT,2049.303955078125
2025-11-10,ISAT,1973.0506591796875
2025-11-11,ISAT,2116.025390625
2025-11-12,ISAT,2058.83544921875
2025-11-13,ISAT,2001.6456298828125
2025-11-14,ISAT,1944.4556884765625
2025-11-17,ISAT,1944.4556884765625
2025-11-18,ISAT,1953.9874267578125
2025-11-19,ISAT,2020.7088623046875
2025-11-20,ISAT,2039.772216796875
2025-11-21,ISAT,1963.51904296875
2025-11-24,ISAT,2068.3671875
2025-11-25,ISAT,2154.15185546875
2025-11-26,ISAT,2163.68359375
2025-11-27,ISAT,2192.278564453125
2025-11-28,ISAT,2278.063232421875
2025-12-01,ISAT,2230.405029296875
2025-12-02,ISAT,2239.936767578125
2025-12-03,ISAT,2201.81005859375
2025-12-04,ISAT,2201.81005859375
2025-12-05,ISAT,2239.936767578125
2025-12-08,ISAT,2325.7216796875
2025-12-09,ISAT,2287.594970703125
2025-12-10,ISAT,2287.594970703125
2025-12-11,ISAT,2268.53173828125
2025-12-12,ISAT,2249.468505859375
2025-12-15,ISAT,2259.0
2025-12-16,ISAT,2268.53173828125
2025-12-17,ISAT,2354.31640625
2025-12-18,ISAT,2278.063232421875
2025-12-19,ISAT,2316.18994140625
2025-12-22,ISAT,2325.7216796875
2025-12-23,ISAT,2306.658203125
2025-12-24,ISAT,2287.594970703125
2025-12-29,ISAT,2325.7216796875
2025-12-30,ISAT,2211.341796875
2026-01-02,ISAT,2249.468505859375
2026-01-05,ISAT,2220.87353515625
2026-01-06,ISAT,2058.83544921875
2026-01-07,ISAT,2049.303955078125
2026-01-08,ISAT,2068.3671875
2026-01-09,ISAT,2058.83544921875
2026-01-12,ISAT,2068.3671875
2026-01-13,ISAT,2058.83544921875
2026-01-14,ISAT,2125.55712890625
2026-01-15,ISAT,2154.15185546875
2026-01-19,ISAT,2154.15185546875
2026-01-20,ISAT,2135.088623046875
2026-01-21,ISAT,2125.55712890625
2026-01-22,ISAT,2306.658203125
2026-01-23,ISAT,2287.594970703125
2026-01-26,ISAT,2287.594970703125
2022-12-30,JPFA,1076.027099609375
2023-01-02,JPFA,1113.41796875
2023-01-03,JPFA,1130.0361328125
2023-01-04,JPFA,1138.3453369140625
2023-01-05,JPFA,1125.881591796875
2023-01-06,JPFA,1146.654296875
2023-01-09,JPFA,1142.4998779296875
2023-01-10,JPFA,1130.0361328125
2023-01-11,JPFA,1130.0361328125
2023-01-12,JPFA,1092.6453857421875
2023-01-13,JPFA,1105.10888671875
2023-01-16,JPFA,1092.6453857421875
2023-01-17,JPFA,1092.6453857421875
2023-01-18,JPFA,1071.87255859375
2023-01-19,JPFA,1076.027099609375
2023-01-20,JPFA,1088.49072265625
2023-01-24,JPFA,1092.6453857421875
2023-01-25,JPFA,1092.6453857421875
2023-01-26,JPFA,1117.572509765625
2023-01-27,JPFA,1113.41796875
2023-01-30,JPFA,1117.572509765625
2023-01-31,JPFA,1121.7271728515625
2023-02-01,JPFA,1113.41796875
2023-02-02,JPFA,1125.881591796875
2023-02-03,JPFA,1134.1907958984375
2023-02-06,JPFA,1138.3453369140625
2023-02-07,JPFA,1134.1907958984375
2023-02-08,JPFA,1142.4998779296875
2023-02-09,JPFA,1117.572509765625
2023-02-10,JPFA,1130.0361328125
2023-02-13,JPFA,1117.572509765625
2023-02-14,JPFA,1117.572509765625
2023-02-15,JPFA,1096.7999267578125
2023-02-16,JPFA,1092.6453857421875
2023-02-17,JPFA,1096.7999267578125
2023-02-20,JPFA,1105.10888671875
2023-02-21,JPFA,1096.7999267578125
2023-02-22,JPFA,1100.9544677734375
2023-02-23,JPFA,1109.263427734375
2023-02-24,JPFA,1088.49072265625
2023-02-27,JPFA,1088.49072265625
2023-02-28,JPFA,1117.572509765625
2023-03-01,JPFA,1100.9544677734375
2023-03-02,JPFA,1071.87255859375
2023-03-03,JPFA,1063.5633544921875
2023-03-06,JPFA,1038.63623046875
2023-03-07,JPFA,1042.790771484375
2023-03-08,JPFA,1013.7089233398438
2023-03-09,JPFA,1013.7089233398438
2023-03-10,JPFA,1022.0179443359375
2023-03-13,JPFA,984.6270751953125
2023-03-14,JPFA,984.6270751953125
2023-03-15,JPFA,959.699951171875
2023-03-16,JPFA,897.3816528320312
2023-03-17,JPFA,934.7725219726562
2023-03-20,JPFA,922.3088989257812
2023-03-21,JPFA,909.8453979492188
2023-03-24,JPFA,943.0816650390625
2023-03-27,JPFA,963.8543701171875
2023-03-28,JPFA,972.1634521484375
2023-03-29,JPFA,959.699951171875
2023-03-30,JPFA,955.5452880859375
2023-03-31,JPFA,934.7725219726562
2023-04-03,JPFA,934.7725219726562
2023-04-04,JPFA,930.6180419921875
2023-04-05,JPFA,918.154296875
2023-04-06,JPFA,918.154296875
2023-04-10,JPFA,934.7725219726562
2023-04-11,JPFA,922.3088989257812
2023-04-12,JPFA,913.9999389648438
2023-04-13,JPFA,905.6907958984375
2023-04-14,JPFA,909.8453979492188
2023-04-17,JPFA,931.6119384765625
2023-04-18,JPFA,927.2586059570312
2023-04-26,JPFA,935.9652709960938
2023-04-27,JPFA,922.9053344726562
2023-04-28,JPFA,905.491943359375
2023-05-02,JPFA,909.8453369140625
2023-05-03,JPFA,935.9652709960938
2023-05-04,JPFA,966.4385375976562
2023-05-05,JPFA,944.6719360351562
2023-05-08,JPFA,922.9053344726562
2023-05-09,JPFA,922.9053344726562
2023-05-10,JPFA,927.2586059570312
2023-05-11,JPFA,949.0252685546875
2023-05-12,JPFA,966.4385375976562
2023-05-15,JPFA,1023.0317993164062
2023-05-16,JPFA,1014.3250732421875
2023-05-17,JPFA,1023.0317993164062
2023-05-19,JPFA,1018.6784057617188
2023-05-22,JPFA,1057.8583984375
2023-05-23,JPFA,1036.091796875
2023-05-24,JPFA,1053.505126953125
2023-05-25,JPFA,1075.271728515625
2023-05-26,JPFA,1110.0982666015625
2023-05-29,JPFA,1101.391845703125
2023-05-30,JPFA,1031.7384033203125
2023-05-31,JPFA,1040.4451904296875
2023-06-05,JPFA,1027.3851318359375
2023-06-06,JPFA,1023.0317993164062
2023-06-07,JPFA,1053.505126953125
2023-06-08,JPFA,1049.15185546875
2023-06-09,JPFA,1062.2117919921875
2023-06-12,JPFA,1092.68505859375
2023-06-13,JPFA,1066.5650634765625
2023-06-14,JPFA,1066.5650634765625
2023-06-15,JPFA,1079.6251220703125
2023-06-16,JPFA,1079.6251220703125
2023-06-19,JPFA,1075.271728515625
2023-06-20,JPFA,1066.5650634765625
2023-06-21,JPFA,1097.038330078125
2023-06-22,JPFA,1114.45166015625
2023-06-23,JPFA,1153.6314697265625
2023-06-26,JPFA,1131.864990234375
2023-06-27,JPFA,1166.6915283203125
2023-07-03,JPFA,1205.8714599609375
2023-07-04,JPFA,1227.63818359375
2023-07-05,JPFA,1197.1649169921875
2023-07-06,JPFA,1197.1649169921875
2023-07-07,JPFA,1201.5181884765625
2023-07-10,JPFA,1179.7515869140625
2023-07-11,JPFA,1179.7515869140625
2023-07-12,JPFA,1171.044921875
2023-07-13,JPFA,1188.458251953125
2023-07-14,JPFA,1197.1649169921875
2023-07-17,JPFA,1201.5181884765625
2023-07-18,JPFA,1192.8115234375
2023-07-20,JPFA,1184.10498046875
2023-07-21,JPFA,1144.925048828125
2023-07-24,JPFA,1131.864990234375
2023-07-25,JPFA,1127.5115966796875
2023-07-26,JPFA,1110.0982666015625
2023-07-27,JPFA,1097.038330078125
2023-07-28,JPFA,1114.45166015625
2023-07-31,JPFA,1162.3382568359375
2023-08-01,JPFA,1105.7449951171875
2023-08-02,JPFA,1079.6251220703125
2023-08-03,JPFA,1088.331787109375
2023-08-04,JPFA,1083.9783935546875
2023-08-07,JPFA,1083.9783935546875
2023-08-08,JPFA,1127.5115966796875
2023-08-09,JPFA,1192.8115234375
2023-08-10,JPFA,1166.6915283203125
2023-08-11,JPFA,1192.8115234375
2023-08-14,JPFA,1201.5181884765625
2023-08-15,JPFA,1184.10498046875
2023-08-16,JPFA,1192.8115234375
2023-08-18,JPFA,1166.6915283203125
2023-08-21,JPFA,1153.6314697265625
2023-08-22,JPFA,1136.2183837890625
2023-08-23,JPFA,1136.2183837890625
2023-08-24,JPFA,1140.5716552734375
2023-08-25,JPFA,1153.6314697265625
2023-08-28,JPFA,1171.044921875
2023-08-29,JPFA,1144.925048828125
2023-08-30,JPFA,1131.864990234375
2023-08-31,JPFA,1123.1583251953125
2023-09-01,JPFA,1131.864990234375
2023-09-04,JPFA,1097.038330078125
2023-09-05,JPFA,1075.271728515625
2023-09-06,JPFA,1083.9783935546875
2023-09-07,JPFA,1062.2117919921875
2023-09-08,JPFA,1075.271728515625
2023-09-11,JPFA,1097.038330078125
2023-09-12,JPFA,1088.331787109375
2023-09-13,JPFA,1079.6251220703125
2023-09-14,JPFA,1057.8583984375
2023-09-15,JPFA,1049.15185546875
2023-09-18,JPFA,1027.3851318359375
2023-09-19,JPFA,1023.0317993164062
2023-09-20,JPFA,1018.6784057617188
2023-09-21,JPFA,1027.3851318359375
2023-09-22,JPFA,1062.2117919921875
2023-09-25,JPFA,1088.331787109375
2023-09-26,JPFA,1162.3382568359375
2023-09-27,JPFA,1127.5115966796875
2023-09-29,JPFA,1118.8050537109375
2023-10-02,JPFA,1131.864990234375
2023-10-03,JPFA,1149.2783203125
2023-10-04,JPFA,1144.925048828125
2023-10-05,JPFA,1179.7515869140625
2023-10-06,JPFA,1179.7515869140625
2023-10-09,JPFA,1140.5716552734375
2023-10-10,JPFA,1153.6314697265625
2023-10-11,JPFA,1136.2183837890625
2023-10-12,JPFA,1105.7449951171875
2023-10-13,JPFA,1118.8050537109375
2023-10-16,JPFA,1105.7449951171875
2023-10-17,JPFA,1088.331787109375
2023-10-18,JPFA,1114.45166015625
2023-10-19,JPFA,1062.2117919921875
2023-10-20,JPFA,1062.2117919921875
2023-10-23,JPFA,1040.4451904296875
2023-10-24,JPFA,1066.5650634765625
2023-10-25,JPFA,1079.6251220703125
2023-10-26,JPFA,1057.8583984375
2023-10-27,JPFA,1066.5650634765625
2023-10-30,JPFA,1057.8583984375
2023-10-31,JPFA,1066.5650634765625
2023-11-01,JPFA,1027.3851318359375
2023-11-02,JPFA,1044.7984619140625
2023-11-03,JPFA,1057.8583984375
2023-11-06,JPFA,1083.9783935546875
2023-11-07,JPFA,1062.2117919921875
2023-11-08,JPFA,1049.15185546875
2023-11-09,JPFA,1053.505126953125
2023-11-10,JPFA,1049.15185546875
2023-11-13,JPFA,1040.4451904296875
2023-11-14,JPFA,1057.8583984375
2023-11-15,JPFA,1053.505126953125
2023-11-16,JPFA,1049.15185546875
2023-11-17,JPFA,1053.505126953125
2023-11-20,JPFA,1040.4451904296875
2023-11-21,JPFA,1031.7384033203125
2023-11-22,JPFA,1057.8583984375
2023-11-23,JPFA,1079.6251220703125
2023-11-24,JPFA,1049.15185546875
2023-11-27,JPFA,1053.505126953125
2023-11-28,JPFA,1031.7384033203125
2023-11-29,JPFA,1023.0317993164062
2023-11-30,JPFA,1023.0317993164062
2023-12-01,JPFA,1031.7384033203125
2023-12-04,JPFA,1040.4451904296875
2023-12-05,JPFA,1053.505126953125
2023-12-06,JPFA,1066.5650634765625
2023-12-07,JPFA,1062.2117919921875
2023-12-08,JPFA,1053.505126953125
2023-12-11,JPFA,1031.7384033203125
2023-12-12,JPFA,1040.4451904296875
2023-12-13,JPFA,1044.7984619140625
2023-12-14,JPFA,1049.15185546875
2023-12-15,JPFA,1036.091796875
2023-12-18,JPFA,1036.091796875
2023-12-19,JPFA,1040.4451904296875
2023-12-20,JPFA,1036.091796875
2023-12-21,JPFA,1036.091796875
2023-12-22,JPFA,1040.4451904296875
2023-12-27,JPFA,1036.091796875
2023-12-28,JPFA,1027.3851318359375
2023-12-29,JPFA,1027.3851318359375
2024-01-02,JPFA,1018.6784057617188
2024-01-03,JPFA,1009.9718017578125
2024-01-04,JPFA,983.8519287109375
2024-01-05,JPFA,988.2052001953125
2024-01-08,JPFA,992.5585327148438
2024-01-09,JPFA,979.4984741210938
2024-01-10,JPFA,975.1451416015625
2024-01-11,JPFA,966.4385375976562
2024-01-12,JPFA,957.7319946289062
2024-01-15,JPFA,970.7918701171875
2024-01-16,JPFA,983.8519287109375
2024-01-17,JPFA,975.1451416015625
2024-01-18,JPFA,966.4385375976562
2024-01-19,JPFA,979.4984741210938
2024-01-22,JPFA,953.3786010742188
2024-01-23,JPFA,940.318603515625
2024-01-24,JPFA,927.2586059570312
2024-01-25,JPFA,940.318603515625
2024-01-26,JPFA,935.9652709960938
2024-01-29,JPFA,927.2586059570312
2024-01-30,JPFA,922.9053344726562
2024-01-31,JPFA,922.9053344726562
2024-02-01,JPFA,927.2586059570312
2024-02-02,JPFA,957.7319946289062
2024-02-05,JPFA,975.1451416015625
2024-02-06,JPFA,983.8519287109375
2024-02-07,JPFA,949.0252685546875
2024-02-12,JPFA,944.6719360351562
2024-02-13,JPFA,935.9652709960938
2024-02-15,JPFA,953.3786010742188
2024-02-16,JPFA,940.318603515625
2024-02-19,JPFA,940.318603515625
2024-02-20,JPFA,949.0252685546875
2024-02-21,JPFA,944.6719360351562
2024-02-22,JPFA,957.7319946289062
2024-02-23,JPFA,962.085205078125
2024-02-26,JPFA,1001.2652587890625
2024-02-27,JPFA,1009.9718017578125
2024-02-28,JPFA,1009.9718017578125
2024-02-29,JPFA,1001.2652587890625
2024-03-01,JPFA,1018.6784057617188
2024-03-04,JPFA,1036.091796875
2024-03-05,JPFA,1014.3250732421875
2024-03-06,JPFA,1005.6185913085938
2024-03-07,JPFA,1044.7984619140625
2024-03-08,JPFA,1057.8583984375
2024-03-13,JPFA,1044.7984619140625
2024-03-14,JPFA,1044.7984619140625
2024-03-15,JPFA,1044.7984619140625
2024-03-18,JPFA,1044.7984619140625
2024-03-19,JPFA,1092.68505859375
2024-03-20,JPFA,1062.2117919921875
2024-03-21,JPFA,1070.9183349609375
2024-03-22,JPFA,1049.15185546875
2024-03-25,JPFA,1036.091796875
2024-03-26,JPFA,1014.3250732421875
2024-03-27,JPFA,1009.9718017578125
2024-03-28,JPFA,1036.091796875
2024-04-01,JPFA,1031.7384033203125
2024-04-02,JPFA,1053.505126953125
2024-04-03,JPFA,1044.7984619140625
2024-04-04,JPFA,1083.9783935546875
2024-04-05,JPFA,1070.9183349609375
2024-04-16,JPFA,1049.15185546875
2024-04-17,JPFA,1014.3250732421875
2024-04-18,JPFA,1001.2652587890625
2024-04-19,JPFA,988.2052001953125
2024-04-22,JPFA,957.7319946289062
2024-04-23,JPFA,957.7319946289062
2024-04-24,JPFA,966.4385375976562
2024-04-25,JPFA,996.911865234375
2024-04-26,JPFA,949.0252685546875
2024-04-29,JPFA,979.4984741210938
2024-04-30,JPFA,996.911865234375
2024-05-02,JPFA,1009.9718017578125
2024-05-03,JPFA,1057.8583984375
2024-05-06,JPFA,1110.0982666015625
2024-05-07,JPFA,1127.5115966796875
2024-05-08,JPFA,1118.8050537109375
2024-05-13,JPFA,1153.6314697265625
2024-05-14,JPFA,1192.8115234375
2024-05-15,JPFA,1192.8115234375
2024-05-16,JPFA,1253.7581787109375
2024-05-17,JPFA,1271.17138671875
2024-05-20,JPFA,1271.17138671875
2024-05-21,JPFA,1236.344970703125
2024-05-22,JPFA,1249.40478515625
2024-05-27,JPFA,1214.5782470703125
2024-05-28,JPFA,1197.1649169921875
2024-05-29,JPFA,1218.9315185546875
2024-05-30,JPFA,1240.6982421875
2024-05-31,JPFA,1192.8115234375
2024-06-03,JPFA,1188.458251953125
2024-06-04,JPFA,1214.5782470703125
2024-06-05,JPFA,1188.458251953125
2024-06-06,JPFA,1162.3382568359375
2024-06-07,JPFA,1184.10498046875
2024-06-10,JPFA,1188.458251953125
2024-06-11,JPFA,1162.3382568359375
2024-06-12,JPFA,1157.9849853515625
2024-06-13,JPFA,1157.9849853515625
2024-06-14,JPFA,1123.1583251953125
2024-06-19,JPFA,1205.8714599609375
2024-06-20,JPFA,1214.5782470703125
2024-06-21,JPFA,1258.1114501953125
2024-06-24,JPFA,1266.818115234375
2024-06-25,JPFA,1240.6982421875
2024-06-26,JPFA,1262.4647216796875
2024-06-27,JPFA,1262.4647216796875
2024-06-28,JPFA,1240.6982421875
2024-07-01,JPFA,1275.5247802734375
2024-07-02,JPFA,1262.4647216796875
2024-07-03,JPFA,1284.2314453125
2024-07-04,JPFA,1358.238037109375
2024-07-05,JPFA,1340.8245849609375
2024-07-08,JPFA,1353.8846435546875
2024-07-09,JPFA,1371.2979736328125
2024-07-10,JPFA,1353.8846435546875
2024-07-11,JPFA,1410.4779052734375
2024-07-12,JPFA,1406.12451171875
2024-07-15,JPFA,1432.2445068359375
2024-07-16,JPFA,1432.2445068359375
2024-07-17,JPFA,1462.7177734375
2024-07-18,JPFA,1480.131103515625
2024-07-19,JPFA,1467.0712890625
2024-07-22,JPFA,1471.424560546875
2024-07-23,JPFA,1475.77783203125
2024-07-24,JPFA,1471.424560546875
2024-07-25,JPFA,1480.131103515625
2024-07-26,JPFA,1458.364501953125
2024-07-29,JPFA,1445.304443359375
2024-07-30,JPFA,1340.8245849609375
2024-07-31,JPFA,1427.891357421875
2024-08-01,JPFA,1397.4178466796875
2024-08-02,JPFA,1393.0645751953125
2024-08-05,JPFA,1362.59130859375
2024-08-06,JPFA,1401.771240234375
2024-08-07,JPFA,1436.5977783203125
2024-08-08,JPFA,1440.951171875
2024-08-09,JPFA,1388.7113037109375
2024-08-12,JPFA,1410.4779052734375
2024-08-13,JPFA,1380.004638671875
2024-08-14,JPFA,1380.004638671875
2024-08-15,JPFA,1388.7113037109375
2024-08-16,JPFA,1393.0645751953125
2024-08-19,JPFA,1384.35791015625
2024-08-20,JPFA,1384.35791015625
2024-08-21,JPFA,1366.944580078125
2024-08-22,JPFA,1384.35791015625
2024-08-23,JPFA,1375.6513671875
2024-08-26,JPFA,1380.004638671875
2024-08-27,JPFA,1436.5977783203125
2024-08-28,JPFA,1427.891357421875
2024-08-29,JPFA,1406.12451171875
2024-08-30,JPFA,1388.7113037109375
2024-09-02,JPFA,1336.471435546875
2024-09-03,JPFA,1375.6513671875
2024-09-04,JPFA,1358.238037109375
2024-09-05,JPFA,1419.1845703125
2024-09-06,JPFA,1397.4178466796875
2024-09-09,JPFA,1384.35791015625
2024-09-10,JPFA,1371.2979736328125
2024-09-11,JPFA,1340.8245849609375
2024-09-12,JPFA,1345.177978515625
2024-09-13,JPFA,1340.8245849609375
2024-09-17,JPFA,1362.59130859375
2024-09-18,JPFA,1345.177978515625
2024-09-19,JPFA,1345.177978515625
2024-09-20,JPFA,1358.238037109375
2024-09-23,JPFA,1340.8245849609375
2024-09-24,JPFA,1362.59130859375
2024-09-25,JPFA,1314.7047119140625
2024-09-26,JPFA,1245.0513916015625
2024-09-27,JPFA,1266.818115234375
2024-09-30,JPFA,1253.7581787109375
2024-10-01,JPFA,1253.7581787109375
2024-10-02,JPFA,1249.40478515625
2024-10-03,JPFA,1266.818115234375
2024-10-04,JPFA,1258.1114501953125
2024-10-07,JPFA,1279.878173828125
2024-10-08,JPFA,1284.2314453125
2024-10-09,JPFA,1271.17138671875
2024-10-10,JPFA,1310.3514404296875
2024-10-11,JPFA,1297.2913818359375
2024-10-14,JPFA,1345.177978515625
2024-10-15,JPFA,1401.771240234375
2024-10-16,JPFA,1406.12451171875
2024-10-17,JPFA,1388.7113037109375
2024-10-18,JPFA,1401.771240234375
2024-10-21,JPFA,1397.4178466796875
2024-10-22,JPFA,1433.832763671875
2024-10-23,JPFA,1493.0068359375
2024-10-24,JPFA,1543.0772705078125
2024-10-25,JPFA,1529.421630859375
2024-10-28,JPFA,1515.76611328125
2024-10-29,JPFA,1665.9771728515625
2024-10-30,JPFA,1647.7696533203125
2024-10-31,JPFA,1665.9771728515625
2024-11-01,JPFA,1593.1475830078125
2024-11-04,JPFA,1634.1142578125
2024-11-05,JPFA,1629.5623779296875
2024-11-06,JPFA,1579.491943359375
2024-11-07,JPFA,1552.1807861328125
2024-11-08,JPFA,1570.3883056640625
2024-11-11,JPFA,1574.940185546875
2024-11-12,JPFA,1606.802978515625
2024-11-13,JPFA,1561.2845458984375
2024-11-14,JPFA,1547.62890625
2024-11-15,JPFA,1556.732666015625
2024-11-18,JPFA,1556.732666015625
2024-11-19,JPFA,1561.2845458984375
2024-11-20,JPFA,1547.62890625
2024-11-21,JPFA,1547.62890625
2024-11-22,JPFA,1602.251220703125
2024-11-25,JPFA,1602.251220703125
2024-11-26,JPFA,1547.62890625
2024-11-28,JPFA,1561.2845458984375
2024-11-29,JPFA,1556.732666015625
2024-12-02,JPFA,1556.732666015625
2024-12-03,JPFA,1602.251220703125
2024-12-04,JPFA,1652.321533203125
2024-12-05,JPFA,1661.42529296875
2024-12-06,JPFA,1684.1845703125
2024-12-09,JPFA,1779.7734375
2024-12-10,JPFA,1757.0140380859375
2024-12-11,JPFA,1752.4622802734375
2024-12-12,JPFA,1784.3253173828125
2024-12-13,JPFA,1775.2215576171875
2024-12-16,JPFA,1775.2215576171875
2024-12-17,JPFA,1675.080810546875
2024-12-18,JPFA,1757.0140380859375
2024-12-19,JPFA,1684.1845703125
2024-12-20,JPFA,1720.599365234375
2024-12-23,JPFA,1738.8067626953125
2024-12-24,JPFA,1720.599365234375
2024-12-27,JPFA,1706.9437255859375
2024-12-30,JPFA,1766.1177978515625
2025-01-02,JPFA,1716.0474853515625
2025-01-03,JPFA,1706.9437255859375
2025-01-06,JPFA,1684.1845703125
2025-01-07,JPFA,1706.9437255859375
2025-01-08,JPFA,1670.5289306640625
2025-01-09,JPFA,1652.321533203125
2025-01-10,JPFA,1670.5289306640625
2025-01-13,JPFA,1702.391845703125
2025-01-14,JPFA,1697.8399658203125
2025-01-15,JPFA,1706.9437255859375
2025-01-16,JPFA,1684.1845703125
2025-01-17,JPFA,1688.7364501953125
2025-01-20,JPFA,1779.7734375
2025-01-21,JPFA,1757.0140380859375
2025-01-22,JPFA,1734.2548828125
2025-01-23,JPFA,1706.9437255859375
2025-01-24,JPFA,1838.947509765625
2025-01-30,JPFA,1820.739990234375
2025-01-31,JPFA,1816.1881103515625
2025-02-03,JPFA,1820.739990234375
2025-02-04,JPFA,1848.051025390625
2025-02-05,JPFA,1902.67333984375
2025-02-06,JPFA,1875.3623046875
2025-02-07,JPFA,1893.569580078125
2025-02-10,JPFA,1920.8807373046875
2025-02-11,JPFA,1875.3623046875
2025-02-12,JPFA,1866.258544921875
2025-02-13,JPFA,1893.569580078125
2025-02-14,JPFA,1802.5325927734375
2025-02-17,JPFA,1797.980712890625
2025-02-18,JPFA,1816.1881103515625
2025-02-19,JPFA,1793.4288330078125
2025-02-20,JPFA,1811.6363525390625
2025-02-21,JPFA,1788.8770751953125
2025-02-24,JPFA,1797.980712890625
2025-02-25,JPFA,1797.980712890625
2025-02-26,JPFA,1757.0140380859375
2025-02-27,JPFA,1725.1512451171875
2025-02-28,JPFA,1697.8399658203125
2025-03-03,JPFA,1838.947509765625
2025-03-04,JPFA,1838.947509765625
2025-03-05,JPFA,1920.8807373046875
2025-03-06,JPFA,1939.0880126953125
2025-03-07,JPFA,1929.9844970703125
2025-03-10,JPFA,1984.606689453125
2025-03-11,JPFA,1929.9844970703125
2025-03-12,JPFA,1929.9844970703125
2025-03-13,JPFA,1929.9844970703125
2025-03-14,JPFA,1902.67333984375
2025-03-17,JPFA,1866.258544921875
2025-03-18,JPFA,1811.6363525390625
2025-03-19,JPFA,1807.08447265625
2025-03-20,JPFA,1816.1881103515625
2025-03-21,JPFA,1802.5325927734375
2025-03-24,JPFA,1802.5325927734375
2025-03-25,JPFA,1779.7734375
2025-03-26,JPFA,1829.84375
2025-03-27,JPFA,1829.84375
2025-04-08,JPFA,1725.1512451171875
2025-04-09,JPFA,1711.49560546875
2025-04-10,JPFA,1793.4288330078125
2025-04-11,JPFA,1770.669677734375
2025-04-14,JPFA,1866.258544921875
2025-04-15,JPFA,1820.739990234375
2025-04-16,JPFA,1866.258544921875
2025-04-17,JPFA,1829.84375
2025-04-21,JPFA,1734.2548828125
2025-04-22,JPFA,1620.8431396484375
2025-04-23,JPFA,1625.568603515625
2025-04-24,JPFA,1635.0196533203125
2025-04-25,JPFA,1682.2745361328125
2025-04-28,JPFA,1781.509765625
2025-04-29,JPFA,1743.7059326171875
2025-04-30,JPFA,1720.0784912109375
2025-05-02,JPFA,1653.921630859375
2025-05-05,JPFA,1649.196044921875
2025-05-06,JPFA,1668.0980224609375
2025-05-07,JPFA,1696.450927734375
2025-05-08,JPFA,1658.6470947265625
2025-05-09,JPFA,1682.2745361328125
2025-05-14,JPFA,1668.0980224609375
2025-05-15,JPFA,1734.2548828125
2025-05-16,JPFA,1696.450927734375
2025-05-19,JPFA,1701.176513671875
2025-05-20,JPFA,1701.176513671875
2025-05-21,JPFA,1668.0980224609375
2025-05-22,JPFA,1620.8431396484375
2025-05-23,JPFA,1559.4117431640625
2025-05-26,JPFA,1531.058837890625
2025-05-27,JPFA,1583.0391845703125
2025-05-28,JPFA,1516.88232421875
2025-06-02,JPFA,1488.5294189453125
2025-06-03,JPFA,1493.2548828125
2025-06-04,JPFA,1464.9019775390625
2025-06-05,JPFA,1464.9019775390625
2025-06-10,JPFA,1512.1568603515625
2025-06-11,JPFA,1535.7843017578125
2025-06-12,JPFA,1507.431396484375
2025-06-13,JPFA,1493.2548828125
2025-06-16,JPFA,1464.9019775390625
2025-06-17,JPFA,1474.3529052734375
2025-06-18,JPFA,1464.9019775390625
2025-06-19,JPFA,1441.2745361328125
2025-06-20,JPFA,1417.6470947265625
2025-06-23,JPFA,1365.6666259765625
2025-06-24,JPFA,1375.11767578125
2025-06-25,JPFA,1346.7647705078125
2025-06-26,JPFA,1412.921630859375
2025-06-30,JPFA,1431.823486328125
2025-07-01,JPFA,1356.2156982421875
2025-07-02,JPFA,1379.8431396484375
2025-07-03,JPFA,1417.6470947265625
2025-07-04,JPFA,1398.7451171875
2025-07-07,JPFA,1422.37255859375
2025-07-08,JPFA,1474.3529052734375
2025-07-09,JPFA,1526.3333740234375
2025-07-10,JPFA,1540.509765625
2025-07-11,JPFA,1497.9803466796875
2025-07-14,JPFA,1512.1568603515625
2025-07-15,JPFA,1488.5294189453125
2025-07-16,JPFA,1531.058837890625
2025-07-17,JPFA,1597.2156982421875
2025-07-18,JPFA,1587.7647705078125
2025-07-21,JPFA,1625.568603515625
2025-07-22,JPFA,1611.3922119140625
2025-07-23,JPFA,1578.313720703125
2025-07-24,JPFA,1564.13720703125
2025-07-25,JPFA,1521.6077880859375
2025-07-28,JPFA,1559.4117431640625
2025-07-29,JPFA,1592.490234375
2025-07-30,JPFA,1545.2353515625
2025-07-31,JPFA,1512.1568603515625
2025-08-01,JPFA,1592.490234375
2025-08-04,JPFA,1606.6666259765625
2025-08-05,JPFA,1559.4117431640625
2025-08-06,JPFA,1531.058837890625
2025-08-07,JPFA,1512.1568603515625
2025-08-08,JPFA,1502.7059326171875
2025-08-11,JPFA,1497.9803466796875
2025-08-12,JPFA,1488.5294189453125
2025-08-13,JPFA,1479.0784912109375
2025-08-14,JPFA,1450.7254638671875
2025-08-15,JPFA,1464.9019775390625
2025-08-19,JPFA,1446.0
2025-08-20,JPFA,1483.803955078125
2025-08-21,JPFA,1554.686279296875
2025-08-22,JPFA,1554.686279296875
2025-08-25,JPFA,1526.3333740234375
2025-08-26,JPFA,1516.88232421875
2025-08-27,JPFA,1573.5882568359375
2025-08-28,JPFA,1559.4117431640625
2025-08-29,JPFA,1549.9608154296875
2025-09-01,JPFA,1531.058837890625
2025-09-02,JPFA,1620.8431396484375
2025-09-03,JPFA,1587.7647705078125
2025-09-04,JPFA,1663.37255859375
2025-09-08,JPFA,1597.2156982421875
2025-09-09,JPFA,1687.0
2025-09-10,JPFA,1672.823486328125
2025-09-11,JPFA,1781.509765625
2025-09-12,JPFA,1828.7647705078125
2025-09-15,JPFA,1790.9608154296875
2025-09-16,JPFA,1842.941162109375
2025-09-17,JPFA,1880.7451171875
2025-09-18,JPFA,1984.7059326171875
2025-09-19,JPFA,1937.450927734375
2025-09-22,JPFA,1857.11767578125
2025-09-23,JPFA,1852.3922119140625
2025-09-24,JPFA,1809.86279296875
2025-09-25,JPFA,1899.6470947265625
2025-09-26,JPFA,1937.450927734375
2025-09-29,JPFA,1847.6666259765625
2025-09-30,JPFA,1852.3922119140625
2025-10-01,JPFA,1937.450927734375
2025-10-02,JPFA,1984.7059326171875
2025-10-03,JPFA,1984.7059326171875
2025-10-06,JPFA,1965.803955078125
2025-10-07,JPFA,1994.1568603515625
2025-10-08,JPFA,2013.058837890625
2025-10-09,JPFA,2041.4117431640625
2025-10-10,JPFA,1984.7059326171875
2025-10-13,JPFA,2041.4117431640625
2025-10-14,JPFA,2107.568603515625
2025-10-15,JPFA,2249.333251953125
2025-10-16,JPFA,2230.431396484375
2025-10-17,JPFA,2239.88232421875
2025-10-20,JPFA,2277.686279296875
2025-10-21,JPFA,2258.784423828125
2025-10-22,JPFA,2400.549072265625
2025-10-23,JPFA,2495.058837890625
2025-10-24,JPFA,2466.705810546875
2025-10-27,JPFA,2504.509765625
2025-10-28,JPFA,2532.86279296875
2025-10-29,JPFA,2561.215576171875
2025-10-30,JPFA,2296.588134765625
2025-10-31,JPFA,2372.196044921875
2025-11-03,JPFA,2315.490234375
2025-11-04,JPFA,2296.588134765625
2025-11-05,JPFA,2306.039306640625
2025-11-06,JPFA,2287.13720703125
2025-11-07,JPFA,2173.7255859375
2025-11-10,JPFA,2192.62744140625
2025-11-11,JPFA,2230.431396484375
2025-11-12,JPFA,2372.196044921875
2025-11-13,JPFA,2306.039306640625
2025-11-14,JPFA,2287.13720703125
2025-11-17,JPFA,2202.078369140625
2025-11-18,JPFA,2220.98046875
2025-11-19,JPFA,2315.490234375
2025-11-20,JPFA,2296.588134765625
2025-11-21,JPFA,2324.941162109375
2025-11-24,JPFA,2277.686279296875
2025-11-25,JPFA,2249.333251953125
2025-11-26,JPFA,2334.39208984375
2025-11-27,JPFA,2277.686279296875
2025-11-28,JPFA,2306.039306640625
2025-12-01,JPFA,2485.60791015625
2025-12-02,JPFA,2599.01953125
2025-12-03,JPFA,2561.215576171875
2025-12-04,JPFA,2485.60791015625
2025-12-05,JPFA,2495.058837890625
2025-12-08,JPFA,2457.2548828125
2025-12-09,JPFA,2570.666748046875
2025-12-10,JPFA,2485.60791015625
2025-12-11,JPFA,2447.803955078125
2025-12-12,JPFA,2495.058837890625
2025-12-15,JPFA,2504.509765625
2025-12-16,JPFA,2504.509765625
2025-12-17,JPFA,2617.921630859375
2025-12-18,JPFA,2551.7646484375
2025-12-19,JPFA,2551.7646484375
2025-12-22,JPFA,2504.509765625
2025-12-23,JPFA,2542.313720703125
2025-12-24,JPFA,2504.509765625
2025-12-29,JPFA,2485.60791015625
2025-12-30,JPFA,2476.156982421875
2026-01-02,JPFA,2740.784423828125
2026-01-05,JPFA,2693.529541015625
2026-01-06,JPFA,2589.568603515625
2026-01-07,JPFA,2410.0
2026-01-08,JPFA,2400.549072265625
2026-01-09,JPFA,2447.803955078125
2026-01-12,JPFA,2457.2548828125
2026-01-13,JPFA,2589.568603515625
2026-01-14,JPFA,2466.705810546875
2026-01-15,JPFA,2551.7646484375
2026-01-19,JPFA,2627.37255859375
2026-01-20,JPFA,2769.13720703125
2026-01-21,JPFA,2769.13720703125
2026-01-22,JPFA,2721.88232421875
2026-01-23,JPFA,2740.784423828125
2026-01-26,JPFA,2684.078369140625
2024-12-05,AADI,5880.73388671875
2024-12-06,AADI,7052.458984375
2024-12-09,AADI,8445.2646484375
2024-12-10,AADI,9086.3974609375
2024-12-11,AADI,8489.48046875
2024-12-12,AADI,8135.75244140625
2024-12-13,AADI,8135.75244140625
2024-12-16,AADI,8179.96826171875
2024-12-17,AADI,7892.56396484375
2024-12-18,AADI,7649.3759765625
2024-12-19,AADI,7384.07958984375
2024-12-20,AADI,7140.89111328125
2024-12-23,AADI,6720.83837890625
2024-12-24,AADI,6831.37890625
2024-12-27,AADI,7229.3232421875
2024-12-30,AADI,7494.61962890625
2025-01-02,AADI,7273.5390625
2025-01-03,AADI,6941.9189453125
2025-01-06,AADI,6787.16259765625
2025-01-07,AADI,6964.02685546875
2025-01-08,AADI,6897.70263671875
2025-01-09,AADI,6809.2705078125
2025-01-10,AADI,7494.61962890625
2025-01-13,AADI,7384.07958984375
2025-01-14,AADI,7715.69970703125
2025-01-15,AADI,7804.1318359375
2025-01-16,AADI,7782.02392578125
2025-01-17,AADI,7870.4560546875
2025-01-20,AADI,7892.56396484375
2025-01-21,AADI,7826.23974609375
2025-01-22,AADI,7892.56396484375
2025-01-23,AADI,8047.3203125
2025-01-24,AADI,8025.21240234375
2025-01-30,AADI,8511.5888671875
2025-01-31,AADI,8356.8330078125
2025-02-03,AADI,8003.10400390625
2025-02-04,AADI,7936.7802734375
2025-02-05,AADI,7826.23974609375
2025-02-06,AADI,7361.97119140625
2025-02-07,AADI,7207.21533203125
2025-02-10,AADI,7052.458984375
2025-02-11,AADI,6853.48681640625
2025-02-12,AADI,7118.783203125
2025-02-13,AADI,7030.35107421875
2025-02-14,AADI,7074.56689453125
2025-02-17,AADI,7295.6474609375
2025-02-18,AADI,7406.1875
2025-02-19,AADI,7140.89111328125
2025-02-20,AADI,6765.0546875
2025-02-21,AADI,6787.16259765625
2025-02-24,AADI,6720.83837890625
2025-02-25,AADI,6477.650390625
2025-02-26,AADI,6322.89453125
2025-02-27,AADI,6411.32666015625
2025-02-28,AADI,5947.05810546875
2025-03-03,AADI,5858.6259765625
2025-03-04,AADI,5504.8974609375
2025-03-05,AADI,5637.5458984375
2025-03-06,AADI,5991.27392578125
2025-03-07,AADI,5725.97802734375
2025-03-10,AADI,5902.841796875
2025-03-11,AADI,5814.40966796875
2025-03-12,AADI,5748.0859375
2025-03-13,AADI,5814.40966796875
2025-03-14,AADI,5725.97802734375
2025-03-17,AADI,5924.9501953125
2025-03-18,AADI,5615.4375
2025-03-19,AADI,6035.490234375
2025-03-20,AADI,6035.490234375
2025-03-21,AADI,6013.38232421875
2025-03-24,AADI,5792.3017578125
2025-03-25,AADI,5637.5458984375
2025-03-26,AADI,5814.40966796875
2025-03-27,AADI,5770.19384765625
2025-04-08,AADI,5084.84521484375
2025-04-09,AADI,5084.84521484375
2025-04-10,AADI,5305.92529296875
2025-04-11,AADI,5217.4931640625
2025-04-14,AADI,5615.4375
2025-04-15,AADI,5725.97802734375
2025-04-16,AADI,6123.92236328125
2025-04-17,AADI,6057.59814453125
2025-04-21,AADI,5969.166015625
2025-04-22,AADI,6411.32666015625
2025-04-23,AADI,6256.5703125
2025-04-24,AADI,6234.46240234375
2025-04-25,AADI,6256.5703125
2025-04-28,AADI,6234.46240234375
2025-04-29,AADI,6101.814453125
2025-04-30,AADI,5947.05810546875
2025-05-02,AADI,5947.05810546875
2025-05-05,AADI,6168.13818359375
2025-05-06,AADI,6123.92236328125
2025-05-07,AADI,6168.13818359375
2025-05-08,AADI,6322.89453125
2025-05-09,AADI,6168.13818359375
2025-05-14,AADI,6477.650390625
2025-05-15,AADI,6455.54248046875
2025-05-16,AADI,6455.54248046875
2025-05-19,AADI,6875.5947265625
2025-05-20,AADI,6543.97412109375
2025-05-21,AADI,6566.08251953125
2025-05-22,AADI,6411.32666015625
2025-05-23,AADI,6367.1103515625
2025-05-26,AADI,6499.75830078125
2025-05-27,AADI,6477.650390625
2025-05-28,AADI,6389.21875
2025-06-02,AADI,6278.6787109375
2025-06-03,AADI,6212.3544921875
2025-06-04,AADI,6168.13818359375
2025-06-05,AADI,6057.59814453125
2025-06-10,AADI,6212.3544921875
2025-06-11,AADI,6389.21875
2025-06-12,AADI,6278.6787109375
2025-06-13,AADI,6300.78662109375
2025-06-16,AADI,6411.32666015625
2025-06-17,AADI,6345.00244140625
2025-06-18,AADI,6345.00244140625
2025-06-19,AADI,6256.5703125
2025-06-20,AADI,6256.5703125
2025-06-23,AADI,6146.0302734375
2025-06-24,AADI,6212.3544921875
2025-06-25,AADI,6035.490234375
2025-06-26,AADI,5924.9501953125
2025-06-30,AADI,5969.166015625
2025-07-01,AADI,5947.05810546875
2025-07-02,AADI,5924.9501953125
2025-07-03,AADI,6123.92236328125
2025-07-04,AADI,6190.24658203125
2025-07-07,AADI,6146.0302734375
2025-07-08,AADI,6101.814453125
2025-07-09,AADI,6057.59814453125
2025-07-10,AADI,6168.13818359375
2025-07-11,AADI,6190.24658203125
2025-07-14,AADI,6123.92236328125
2025-07-15,AADI,6212.3544921875
2025-07-16,AADI,6123.92236328125
2025-07-17,AADI,6035.490234375
2025-07-18,AADI,6035.490234375
2025-07-21,AADI,5969.166015625
2025-07-22,AADI,6168.13818359375
2025-07-23,AADI,6345.00244140625
2025-07-24,AADI,6123.92236328125
2025-07-25,AADI,6079.7060546875
2025-07-28,AADI,6212.3544921875
2025-07-29,AADI,6146.0302734375
2025-07-30,AADI,6079.7060546875
2025-07-31,AADI,6013.38232421875
2025-08-01,AADI,6057.59814453125
2025-08-04,AADI,5991.27392578125
2025-08-05,AADI,6168.13818359375
2025-08-06,AADI,6278.6787109375
2025-08-07,AADI,6300.78662109375
2025-08-08,AADI,6477.650390625
2025-08-11,AADI,6367.1103515625
2025-08-12,AADI,6256.5703125
2025-08-13,AADI,6146.0302734375
2025-08-14,AADI,6168.13818359375
2025-08-15,AADI,6079.7060546875
2025-08-19,AADI,6079.7060546875
2025-08-20,AADI,6057.59814453125
2025-08-21,AADI,6057.59814453125
2025-08-22,AADI,6035.490234375
2025-08-25,AADI,6035.490234375
2025-08-26,AADI,6433.4345703125
2025-08-27,AADI,6212.3544921875
2025-08-28,AADI,6168.13818359375
2025-08-29,AADI,6101.814453125
2025-09-01,AADI,6234.46240234375
2025-09-02,AADI,6345.00244140625
2025-09-03,AADI,6345.00244140625
2025-09-04,AADI,6411.32666015625
2025-09-08,AADI,6256.5703125
2025-09-09,AADI,6212.3544921875
2025-09-10,AADI,6190.24658203125
2025-09-11,AADI,6234.46240234375
2025-09-12,AADI,6190.24658203125
2025-09-15,AADI,6212.3544921875
2025-09-16,AADI,6168.13818359375
2025-09-17,AADI,6278.6787109375
2025-09-18,AADI,6168.13818359375
2025-09-19,AADI,6278.6787109375
2025-09-22,AADI,6256.5703125
2025-09-23,AADI,6411.32666015625
2025-09-24,AADI,6588.1904296875
2025-09-25,AADI,6720.83837890625
2025-09-26,AADI,6742.94677734375
2025-09-29,AADI,6588.1904296875
2025-09-30,AADI,6588.1904296875
2025-10-01,AADI,6543.97412109375
2025-10-02,AADI,6720.83837890625
2025-10-03,AADI,6588.1904296875
2025-10-06,AADI,6499.75830078125
2025-10-07,AADI,6632.40625
2025-10-08,AADI,7361.97119140625
2025-10-09,AADI,6765.0546875
2025-10-10,AADI,6809.2705078125
2025-10-13,AADI,6919.81103515625
2025-10-14,AADI,6897.70263671875
2025-10-15,AADI,6964.02685546875
2025-10-16,AADI,6941.9189453125
2025-10-17,AADI,6897.70263671875
2025-10-20,AADI,6986.134765625
2025-10-21,AADI,7096.67529296875
2025-10-22,AADI,7030.35107421875
2025-10-23,AADI,6986.134765625
2025-10-24,AADI,6919.81103515625
2025-10-27,AADI,7052.458984375
2025-10-28,AADI,7207.21533203125
2025-10-29,AADI,7384.07958984375
2025-10-30,AADI,7627.267578125
2025-10-31,AADI,7560.94384765625
2025-11-03,AADI,7361.97119140625
2025-11-04,AADI,7317.75537109375
2025-11-05,AADI,7273.5390625
2025-11-06,AADI,7671.48388671875
2025-11-07,AADI,7538.83544921875
2025-11-10,AADI,7715.69970703125
2025-11-11,AADI,7693.591796875
2025-11-12,AADI,7693.591796875
2025-11-13,AADI,7737.8076171875
2025-11-14,AADI,7693.591796875
2025-11-17,AADI,7737.8076171875
2025-11-18,AADI,7538.123046875
2025-11-19,AADI,7396.783203125
2025-11-20,AADI,7279.0
2025-11-21,AADI,7208.330078125
2025-11-24,AADI,7302.556640625
2025-11-25,AADI,7231.88671875
2025-11-26,AADI,7302.556640625
2025-11-27,AADI,6996.3203125
2025-11-28,AADI,7066.990234375
2025-12-01,AADI,6996.3203125
2025-12-02,AADI,7161.216796875
2025-12-03,AADI,7161.216796875
2025-12-04,AADI,7090.546875
2025-12-05,AADI,7019.876953125
2025-12-08,AADI,7137.66015625
2025-12-09,AADI,6996.3203125
2025-12-10,AADI,6949.20703125
2025-12-11,AADI,6666.52783203125
2025-12-12,AADI,6713.64111328125
2025-12-15,AADI,6760.75439453125
2025-12-16,AADI,6690.08447265625
2025-12-17,AADI,6619.41455078125
2025-12-18,AADI,6666.52783203125
2025-12-19,AADI,6642.97119140625
2025-12-22,AADI,6642.97119140625
2025-12-23,AADI,6619.41455078125
2025-12-24,AADI,6572.30126953125
2025-12-29,AADI,6619.41455078125
2025-12-30,AADI,6572.30126953125
2026-01-02,AADI,6642.97119140625
2026-01-05,AADI,6619.41455078125
2026-01-06,AADI,6666.52783203125
2026-01-07,AADI,6925.650390625
2026-01-08,AADI,6972.763671875
2026-01-09,AADI,6831.42431640625
2026-01-12,AADI,6737.19775390625
2026-01-13,AADI,7019.876953125
2026-01-14,AADI,7019.876953125
2026-01-15,AADI,7066.990234375
2026-01-19,AADI,7066.990234375
2026-01-20,AADI,7066.990234375
2026-01-21,AADI,6996.3203125
2026-01-22,AADI,7514.56640625
2026-01-23,AADI,7962.142578125
2026-01-26,AADI,7938.5859375
